state,region,craft_category,material,material_cost,labour_cost,labour_hours,product_size,complexity,current_market_price,demand_score,season_score,recommended_price
Uttar Pradesh,North,Pottery,Clay,434.61,1428.9,27.5,Large,3,2367.07,0.72,0.41,2370.26
Andhra Pradesh,South,Handloom Textile,Cotton,847.59,937.73,18.3,Large,1,2078.3,0.31,0.98,2082.67
Uttar Pradesh,North,Pottery,Terracotta,113.64,117.38,3.0,Small,1,256.45,0.67,0.6,274.98
Tamil Nadu,South,Handloom Textile,Cotton,237.17,414.01,10.1,Large,5,970.29,0.62,0.85,1042.39
Karnataka,South,Handloom Textile,Wool,617.63,173.61,3.6,Large,5,1282.45,0.42,0.35,1347.27
Gujarat,West,Handloom Textile,Silk,799.05,342.47,10.4,Large,3,1609.49,0.78,0.61,1733.25
Punjab,North,Wooden Toy,Wood,148.89,996.95,26.4,Large,4,1689.28,0.76,0.52,1810.95
Rajasthan,West,Metal Craft,Brass,114.7,623.07,11.7,Small,3,1196.19,0.96,0.93,1417.17
Tamil Nadu,South,Pottery,Terracotta,80.97,100.34,3.2,Small,3,234.86,0.53,0.57,251.75
Assam,Northeast,Stone Carving,Soapstone,174.86,189.75,4.1,Small,4,400.48,0.4,0.86,437.71
West Bengal,East,Pottery,Terracotta,320.29,96.53,3.2,Small,5,664.98,0.87,0.79,757.55
Telangana,South,Stone Carving,Marble,182.2,398.37,11.9,Large,1,724.77,0.9,0.74,764.99
Karnataka,South,Handloom Textile,Silk,158.84,238.69,4.6,Small,2,529.69,0.75,0.92,558.45
Assam,Northeast,Pottery,Terracotta,479.42,702.57,15.0,Medium,4,1602.49,0.84,0.65,1733.45
Uttar Pradesh,North,Stone Carving,Marble,94.23,108.3,3.5,Medium,3,277.97,0.75,0.52,309.03
Andhra Pradesh,South,Metal Craft,Bronze,329.41,695.2,13.2,Large,1,1125.6,0.46,0.35,1091.86
Odisha,East,Bamboo Craft,Bamboo,375.39,485.12,9.9,Small,4,1173.96,0.91,0.86,1369.46
Gujarat,West,Metal Craft,Bronze,573.05,1348.12,23.7,Large,5,2932.75,0.52,0.38,2962.78
Andhra Pradesh,South,Stone Carving,Marble,336.31,317.19,10.5,Small,1,749.22,0.66,0.59,759.73
Punjab,North,Stone Carving,Soapstone,269.06,722.47,18.2,Medium,1,1113.44,0.66,0.79,1256.32
Andhra Pradesh,South,Stone Carving,Marble,928.46,404.26,9.0,Large,4,1749.29,0.51,0.5,1816.83
Gujarat,West,Painting,Canvas,361.5,95.9,2.5,Medium,2,628.79,0.94,0.47,684.62
Andhra Pradesh,South,Metal Craft,Bronze,947.95,441.44,8.8,Large,4,2277.32,0.83,0.47,2409.24
Odisha,East,Jewelry,Beads,271.31,368.59,8.0,Small,2,671.16,0.36,0.88,670.62
West Bengal,East,Painting,Canvas,64.27,377.45,7.5,Small,1,414.74,0.31,0.66,424.8
Kerala,South,Bamboo Craft,Cane,266.47,857.0,20.6,Large,1,1426.94,0.96,0.4,1486.69
Gujarat,West,Jewelry,Terracotta,597.83,641.55,17.0,Medium,5,2153.83,0.76,0.87,2369.19
Telangana,South,Wooden Toy,Wood,323.16,278.89,4.9,Large,5,1001.32,0.93,0.74,1095.51
Punjab,North,Metal Craft,Bronze,486.54,985.06,17.4,Medium,1,1643.32,0.85,0.75,1742.63
Telangana,South,Jewelry,Silver,583.19,372.39,12.3,Medium,1,964.7,0.37,0.76,953.68
Madhya Pradesh,Central,Metal Craft,Bronze,242.06,426.21,8.6,Small,5,821.97,0.46,0.8,841.49
Tamil Nadu,South,Metal Craft,Bronze,747.05,1087.34,19.6,Large,5,2778.23,0.76,0.7,2963.41
Andhra Pradesh,South,Bamboo Craft,Cane,142.82,219.0,3.7,Small,5,579.65,0.58,0.92,641.14
Punjab,North,Wooden Toy,Bamboo,361.48,528.35,11.8,Medium,1,923.96,0.44,0.81,912.71
Tamil Nadu,South,Stone Carving,Soapstone,275.92,168.82,2.9,Small,1,569.54,0.97,0.94,613.29
Andhra Pradesh,South,Pottery,Clay,899.79,808.3,13.7,Large,4,2672.25,0.97,0.9,2988.68
Assam,Northeast,Pottery,Clay,347.9,157.88,4.5,Small,4,680.59,0.69,0.96,749.48
West Bengal,East,Bamboo Craft,Cane,201.63,1110.45,18.6,Large,5,1888.83,0.4,0.66,1981.32
Gujarat,West,Handloom Textile,Wool,705.49,852.4,20.9,Large,2,2167.18,0.51,0.87,2380.77
Madhya Pradesh,Central,Metal Craft,Copper,887.12,716.22,15.9,Large,3,2113.58,0.86,0.75,2403.01
Maharashtra,West,Painting,Canvas,361.5,193.96,4.7,Small,2,638.58,0.37,0.7,649.64
Tamil Nadu,South,Stone Carving,Marble,575.82,477.25,10.0,Large,5,1620.2,0.32,0.33,1569.98
Andhra Pradesh,South,Handloom Textile,Cotton,94.47,355.77,6.7,Small,1,473.19,0.45,0.74,467.02
Andhra Pradesh,South,Pottery,Clay,377.56,545.26,11.1,Medium,1,1166.51,0.81,0.98,1274.63
West Bengal,East,Handloom Textile,Silk,787.96,410.11,9.5,Large,4,1620.54,0.35,0.32,1658.0
Andhra Pradesh,South,Bamboo Craft,Cane,293.59,193.59,5.5,Small,4,687.73,0.41,0.48,710.28
Punjab,North,Jewelry,Silver,281.07,240.45,4.1,Small,1,640.9,0.82,0.69,692.89
Uttar Pradesh,North,Jewelry,Beads,218.73,416.61,7.9,Medium,4,750.39,0.31,0.38,703.58
Maharashtra,West,Wooden Toy,Wood,349.41,384.76,8.7,Small,4,1057.67,0.37,0.64,1037.18
Madhya Pradesh,Central,Stone Carving,Marble,201.85,261.77,5.4,Small,2,518.22,0.74,0.33,550.15
Andhra Pradesh,South,Painting,Canvas,361.76,831.01,16.7,Medium,2,1492.31,0.41,0.35,1415.1
Telangana,South,Painting,Canvas,255.02,534.09,11.3,Small,4,1146.2,0.57,0.75,1216.86
Punjab,North,Pottery,Clay,910.83,741.33,12.6,Large,5,2478.33,0.93,0.44,2575.86
Assam,Northeast,Wooden Toy,Wood,56.38,100.98,2.0,Small,2,172.01,0.35,0.52,163.79
Gujarat,West,Painting,Cloth,335.06,137.53,4.1,Small,4,824.9,0.79,0.74,921.93
Karnataka,South,Bamboo Craft,Cane,331.22,144.83,4.1,Small,4,817.64,0.83,0.86,896.41
Telangana,South,Painting,Cloth,288.33,615.43,15.3,Medium,5,1537.48,0.95,0.9,1782.87
Uttar Pradesh,North,Painting,Canvas,314.09,119.86,2.1,Small,3,558.93,0.65,0.88,629.22
Andhra Pradesh,South,Wooden Toy,Wood,446.93,154.34,2.7,Large,3,841.56,0.36,0.52,886.74
Karnataka,South,Wooden Toy,Bamboo,601.69,829.96,19.1,Large,5,2266.0,0.51,0.53,2394.87
Kerala,South,Wooden Toy,Wood,327.05,317.54,9.7,Small,1,785.51,0.65,0.34,807.63
Odisha,East,Pottery,Clay,577.11,261.39,7.8,Medium,1,872.34,0.4,0.83,865.29
Odisha,East,Handloom Textile,Wool,190.65,672.62,20.9,Large,1,922.4,0.88,0.79,976.98
Odisha,East,Pottery,Terracotta,948.78,505.77,12.3,Large,5,2429.39,0.87,0.96,2799.15
Odisha,East,Stone Carving,Soapstone,181.69,101.3,1.9,Small,3,390.54,0.69,0.6,397.69
Andhra Pradesh,South,Metal Craft,Copper,222.42,48.47,1.1,Small,3,321.84,0.34,0.38,323.98
Maharashtra,West,Stone Carving,Marble,311.12,435.6,7.4,Small,4,1222.37,0.56,0.5,1226.71
Odisha,East,Pottery,Clay,929.11,159.56,2.7,Large,2,1177.83,0.33,0.92,1280.35
West Bengal,East,Metal Craft,Brass,121.33,667.59,11.3,Medium,1,898.73,0.67,0.74,958.13
Andhra Pradesh,South,Stone Carving,Soapstone,269.65,422.06,7.4,Small,4,1025.74,0.33,0.5,1067.48
Assam,Northeast,Metal Craft,Bronze,502.75,720.44,18.8,Large,5,1526.2,0.43,0.62,1576.82
Karnataka,South,Metal Craft,Bronze,77.21,697.16,11.7,Small,2,1010.33,0.79,0.68,1133.11
Telangana,South,Pottery,Clay,695.17,384.1,6.7,Large,5,1906.85,0.88,0.96,2168.03
Kerala,South,Metal Craft,Copper,471.32,1511.51,27.0,Large,2,2303.1,0.33,0.32,2342.92
Madhya Pradesh,Central,Stone Carving,Marble,949.31,306.07,6.4,Large,3,1569.9,0.57,0.98,1749.79
West Bengal,East,Painting,Cloth,214.04,213.93,5.6,Small,1,453.25,0.34,0.91,493.42
Uttar Pradesh,North,Jewelry,Beads,398.82,376.79,7.1,Small,1,920.94,0.96,0.89,1035.06
Rajasthan,West,Bamboo Craft,Cane,95.21,554.13,11.5,Small,4,987.04,0.46,0.77,1011.73
West Bengal,East,Jewelry,Terracotta,89.75,383.12,8.4,Small,1,579.84,0.84,0.66,636.17
Tamil Nadu,South,Bamboo Craft,Bamboo,394.13,715.78,17.0,Medium,5,1722.54,0.39,0.32,1733.56
West Bengal,East,Bamboo Craft,Cane,296.43,112.5,3.3,Small,1,411.99,0.31,0.55,407.13
Telangana,South,Stone Carving,Marble,324.99,707.83,17.5,Medium,2,1323.69,0.66,0.85,1446.96
Uttar Pradesh,North,Handloom Textile,Wool,351.83,392.3,11.4,Small,3,1024.57,0.95,0.64,1128.66
Punjab,North,Jewelry,Terracotta,943.23,613.88,15.4,Large,2,1821.13,0.74,0.47,1852.38
Andhra Pradesh,South,Bamboo Craft,Bamboo,151.71,146.91,4.3,Medium,1,359.49,0.75,0.43,396.34
Kerala,South,Stone Carving,Soapstone,518.13,703.39,20.0,Large,2,1402.27,0.43,0.33,1369.56
Telangana,South,Bamboo Craft,Bamboo,179.13,107.58,3.2,Medium,1,334.41,0.62,0.44,347.39
Assam,Northeast,Painting,Canvas,291.64,75.58,1.4,Small,4,517.16,0.74,0.36,567.55
Rajasthan,West,Metal Craft,Brass,71.38,216.74,4.0,Small,1,360.25,0.82,0.43,379.46
Uttar Pradesh,North,Handloom Textile,Silk,351.33,513.34,12.5,Medium,3,1042.8,0.62,0.82,1086.32
Assam,Northeast,Pottery,Terracotta,479.48,789.1,17.4,Medium,5,1724.8,0.67,0.38,1801.88
Gujarat,West,Stone Carving,Marble,134.86,165.27,4.0,Small,3,377.35,0.31,0.53,369.69
Kerala,South,Metal Craft,Brass,91.92,516.32,10.8,Small,5,1003.49,0.78,0.85,1052.94
Gujarat,West,Stone Carving,Soapstone,380.78,623.12,11.9,Medium,5,1584.91,0.6,0.39,1610.38
West Bengal,East,Pottery,Terracotta,662.57,711.95,17.5,Large,2,1683.77,0.99,0.72,1804.75
Telangana,South,Wooden Toy,Bamboo,103.5,128.84,3.7,Small,5,326.28,0.43,0.5,345.02
Punjab,North,Handloom Textile,Silk,124.93,456.97,10.8,Medium,1,717.13,0.99,0.38,820.88
Uttar Pradesh,North,Stone Carving,Soapstone,847.03,905.69,24.0,Large,1,2042.63,0.42,0.77,2126.13
Madhya Pradesh,Central,Metal Craft,Bronze,400.1,345.05,6.5,Medium,4,885.73,0.43,0.53,901.23
Rajasthan,West,Jewelry,Terracotta,215.75,173.95,3.6,Medium,5,582.77,0.5,0.71,606.15
Kerala,South,Handloom Textile,Silk,567.38,152.37,3.8,Large,4,1094.09,0.39,0.34,1068.06
Uttar Pradesh,North,Bamboo Craft,Cane,533.53,307.71,6.1,Medium,5,1332.43,0.83,0.72,1444.77
Assam,Northeast,Wooden Toy,Bamboo,275.37,988.53,18.0,Medium,2,1607.91,0.98,0.39,1833.6
Gujarat,West,Stone Carving,Soapstone,181.49,146.25,2.8,Medium,4,485.27,0.7,0.89,545.05
Uttar Pradesh,North,Handloom Textile,Wool,192.91,157.18,4.5,Medium,2,462.94,0.87,0.77,503.92
Uttar Pradesh,North,Pottery,Terracotta,856.85,697.57,12.8,Large,5,2316.66,0.61,0.56,2373.65
Rajasthan,West,Pottery,Clay,747.99,580.37,15.7,Large,3,2115.72,0.93,0.57,2422.68
Andhra Pradesh,South,Handloom Textile,Cotton,268.48,133.85,2.3,Small,1,463.49,0.74,0.53,508.93
Andhra Pradesh,South,Painting,Paper,267.03,392.04,6.9,Small,4,1003.35,0.85,0.41,1045.63
Gujarat,West,Handloom Textile,Wool,744.91,155.42,3.3,Large,4,1437.02,0.83,0.91,1651.6
Maharashtra,West,Jewelry,Silver,88.72,348.39,10.3,Small,1,506.07,0.58,0.86,524.37
Punjab,North,Pottery,Terracotta,302.79,438.19,8.9,Small,2,910.22,0.79,0.68,971.23
Punjab,North,Painting,Canvas,272.54,1254.05,26.4,Large,2,2017.66,0.58,0.62,2034.4
Assam,Northeast,Pottery,Terracotta,255.18,319.07,6.6,Small,4,723.19,0.31,0.91,748.96
Uttar Pradesh,North,Stone Carving,Soapstone,705.19,1372.62,26.8,Large,5,3005.97,0.41,0.7,3063.01
Gujarat,West,Painting,Canvas,738.61,1565.49,27.1,Large,4,3914.69,0.62,0.38,4192.7
Maharashtra,West,Metal Craft,Brass,224.72,1497.79,26.7,Large,3,2485.24,0.66,0.71,2525.6
Punjab,North,Painting,Paper,167.32,295.36,9.8,Small,3,601.04,0.53,0.58,650.86
Maharashtra,West,Pottery,Terracotta,171.22,250.2,4.8,Small,3,607.62,0.62,0.46,607.63
Rajasthan,West,Stone Carving,Marble,111.74,276.69,6.5,Small,2,581.5,0.94,0.55,646.97
Andhra Pradesh,South,Jewelry,Terracotta,54.58,293.33,8.3,Small,2,485.36,0.97,0.4,504.8
Tamil Nadu,South,Jewelry,Beads,638.25,497.76,10.4,Medium,5,1569.69,0.35,0.82,1681.9
Maharashtra,West,Jewelry,Silver,121.8,96.4,3.1,Small,4,312.17,0.63,0.7,341.23
Gujarat,West,Wooden Toy,Bamboo,333.84,466.81,10.8,Medium,1,927.96,0.58,0.69,943.85
Rajasthan,West,Metal Craft,Copper,562.6,753.95,18.3,Medium,5,2065.02,0.49,0.75,2045.94
Madhya Pradesh,Central,Handloom Textile,Silk,104.65,442.93,8.9,Small,3,567.23,0.32,0.46,574.3
Gujarat,West,Painting,Canvas,91.04,183.59,3.4,Medium,3,358.69,0.42,0.76,354.86
Uttar Pradesh,North,Jewelry,Terracotta,135.11,495.47,8.9,Small,4,986.26,0.88,0.58,1041.33
Kerala,South,Wooden Toy,Bamboo,366.24,793.18,26.1,Large,5,1547.42,0.36,0.45,1493.71
Uttar Pradesh,North,Wooden Toy,Wood,609.75,766.53,13.5,Large,4,1985.08,0.87,0.54,2126.69
Kerala,South,Painting,Canvas,256.6,190.03,3.9,Small,3,607.69,0.59,0.69,626.75
Gujarat,West,Stone Carving,Marble,611.13,513.05,15.0,Medium,3,1899.52,0.91,0.64,2157.15
Rajasthan,West,Jewelry,Beads,318.12,76.12,2.0,Medium,3,556.24,0.68,0.74,573.68
Assam,Northeast,Pottery,Terracotta,342.23,540.09,11.8,Small,5,1025.63,0.42,0.49,1083.97
Karnataka,South,Stone Carving,Marble,218.91,672.7,17.6,Large,1,1156.53,0.69,0.76,1205.38
Punjab,North,Wooden Toy,Wood,53.85,142.5,2.5,Small,2,266.18,0.91,0.72,299.93
Assam,Northeast,Wooden Toy,Wood,111.38,472.45,11.1,Small,2,583.09,0.57,0.66,589.77
Maharashtra,West,Pottery,Clay,493.3,149.09,3.1,Medium,3,859.9,0.47,0.57,868.68
Punjab,North,Stone Carving,Marble,724.0,479.32,10.2,Large,5,1967.36,0.63,0.76,2151.01
Madhya Pradesh,Central,Pottery,Clay,200.37,79.52,2.1,Medium,1,294.97,0.72,0.34,311.53
Odisha,East,Wooden Toy,Bamboo,400.76,756.91,22.8,Large,4,1437.85,0.35,0.81,1506.21
Gujarat,West,Handloom Textile,Cotton,485.25,485.7,8.9,Large,2,1341.66,0.86,0.79,1497.45
Tamil Nadu,South,Metal Craft,Bronze,423.22,276.09,4.8,Large,1,778.32,0.4,0.97,787.81
Punjab,North,Wooden Toy,Bamboo,575.2,1319.96,25.4,Large,4,2962.01,0.86,0.76,3388.98
Uttar Pradesh,North,Stone Carving,Marble,329.72,560.54,15.3,Large,3,1184.08,0.99,0.96,1380.64
Karnataka,South,Jewelry,Beads,373.84,141.12,3.0,Small,4,863.42,0.94,0.32,909.61
Rajasthan,West,Painting,Paper,373.54,682.44,11.7,Small,4,1755.06,0.63,0.9,1855.96
Kerala,South,Metal Craft,Bronze,816.29,162.82,3.4,Large,4,1277.45,0.46,0.38,1316.19
Maharashtra,West,Jewelry,Terracotta,405.49,687.15,21.5,Large,3,1631.5,0.52,0.68,1668.36
Rajasthan,West,Handloom Textile,Cotton,430.5,833.79,17.2,Medium,4,2012.02,0.46,0.32,1916.63
Andhra Pradesh,South,Painting,Paper,854.75,954.02,16.4,Large,4,2782.04,0.86,1.0,3215.43
Rajasthan,West,Wooden Toy,Bamboo,305.08,488.25,10.0,Medium,2,1220.12,0.91,0.99,1367.4
Maharashtra,West,Handloom Textile,Silk,315.96,542.58,14.6,Medium,3,1119.11,0.38,0.55,1106.22
Telangana,South,Metal Craft,Bronze,131.76,45.8,1.5,Small,5,302.49,0.99,0.6,341.97
Andhra Pradesh,South,Pottery,Clay,303.33,1473.73,27.5,Large,4,2625.69,0.36,0.59,2780.44
Maharashtra,West,Handloom Textile,Wool,341.74,434.14,12.4,Medium,4,1442.29,0.99,0.46,1607.33
Maharashtra,West,Wooden Toy,Wood,420.33,391.35,10.6,Medium,2,976.77,0.42,0.45,1014.78
Gujarat,West,Handloom Textile,Silk,414.11,230.39,3.9,Large,5,1264.47,0.92,0.95,1377.38
Rajasthan,West,Painting,Paper,452.84,1139.73,22.4,Large,3,2068.23,0.41,0.87,2089.4
Gujarat,West,Stone Carving,Soapstone,571.06,857.99,18.1,Large,4,1970.95,0.36,0.91,1961.46
Telangana,South,Metal Craft,Copper,361.06,642.43,11.5,Small,1,1296.91,0.87,0.76,1368.81
Madhya Pradesh,Central,Handloom Textile,Silk,192.96,192.74,5.1,Small,5,506.04,0.81,0.65,532.83
Punjab,North,Bamboo Craft,Bamboo,289.14,99.97,1.8,Small,4,564.51,0.65,0.64,619.11
Telangana,South,Metal Craft,Brass,171.73,399.26,8.5,Small,3,807.87,0.49,0.92,869.14
Andhra Pradesh,South,Stone Carving,Marble,556.33,866.14,16.9,Medium,1,1892.97,0.89,0.79,2128.2
Madhya Pradesh,Central,Bamboo Craft,Cane,313.45,152.35,2.7,Small,1,548.38,0.91,0.32,564.64
West Bengal,East,Metal Craft,Bronze,167.29,320.37,9.2,Small,4,701.3,0.87,0.88,740.38
Tamil Nadu,South,Wooden Toy,Bamboo,240.74,742.94,12.5,Medium,4,1547.37,0.74,0.48,1647.56
Maharashtra,West,Stone Carving,Marble,322.95,116.23,2.2,Small,3,630.04,0.68,0.97,697.96
Assam,Northeast,Painting,Canvas,376.21,122.05,2.1,Small,4,637.0,0.78,0.35,687.2
Maharashtra,West,Pottery,Clay,73.57,298.79,7.4,Small,2,556.54,0.73,0.33,611.69
Punjab,North,Metal Craft,Brass,389.11,311.9,9.2,Small,1,768.75,0.83,0.32,799.64
West Bengal,East,Jewelry,Terracotta,530.46,1146.32,22.7,Large,5,2617.48,0.61,0.49,2703.42
Andhra Pradesh,South,Jewelry,Beads,332.78,242.3,4.5,Medium,3,769.71,0.79,0.45,835.86
Assam,Northeast,Jewelry,Beads,669.79,561.85,9.6,Large,5,1704.49,0.41,0.6,1722.34
Karnataka,South,Pottery,Clay,656.36,493.12,12.9,Large,2,1761.3,0.99,0.59,1895.41
Telangana,South,Pottery,Clay,124.59,64.42,1.3,Small,2,239.13,0.56,0.91,268.26
West Bengal,East,Pottery,Clay,114.93,564.96,10.6,Small,4,1016.95,0.84,0.89,1145.02
Maharashtra,West,Painting,Cloth,95.94,80.68,1.4,Small,2,245.67,0.73,0.86,256.99
Telangana,South,Metal Craft,Bronze,150.1,587.86,13.7,Medium,1,769.94,0.44,0.64,797.8
Uttar Pradesh,North,Handloom Textile,Silk,345.95,923.81,23.5,Large,5,1755.59,0.62,0.31,1783.21
Uttar Pradesh,North,Handloom Textile,Silk,217.98,294.5,7.6,Small,5,850.66,0.79,0.9,892.58
Andhra Pradesh,South,Bamboo Craft,Cane,218.18,81.97,2.2,Small,1,396.02,0.99,0.4,437.75
Karnataka,South,Bamboo Craft,Cane,710.07,521.04,17.2,Large,5,1748.4,0.53,0.66,1793.99
Telangana,South,Painting,Canvas,98.59,125.72,3.0,Medium,3,302.28,0.39,0.7,319.59
Madhya Pradesh,Central,Jewelry,Beads,288.13,225.33,6.8,Large,5,656.26,0.75,0.79,747.51
Maharashtra,West,Painting,Canvas,163.66,856.24,16.7,Large,1,1461.19,0.91,0.8,1599.94
Gujarat,West,Stone Carving,Soapstone,335.19,108.0,1.9,Small,1,559.99,0.68,0.87,616.29
Andhra Pradesh,South,Wooden Toy,Bamboo,562.18,704.14,21.7,Large,1,1308.19,0.34,0.47,1357.66
Punjab,North,Bamboo Craft,Cane,304.14,1131.01,28.2,Large,4,1980.88,0.43,0.85,2064.94
Telangana,South,Bamboo Craft,Cane,586.51,788.67,21.4,Large,4,2320.61,1.0,0.98,2569.6
Tamil Nadu,South,Painting,Cloth,460.93,89.67,2.9,Medium,3,786.71,0.48,0.62,831.46
Rajasthan,West,Pottery,Clay,495.92,367.44,9.1,Medium,4,1204.91,0.56,0.99,1346.01
Madhya Pradesh,Central,Painting,Cloth,606.09,724.61,14.0,Large,4,1832.73,0.64,0.91,1964.27
Assam,Northeast,Wooden Toy,Bamboo,146.89,430.28,7.5,Small,3,671.25,0.45,0.74,713.39
Telangana,South,Stone Carving,Marble,153.68,813.25,14.2,Medium,5,1577.99,0.43,0.47,1541.95
Assam,Northeast,Wooden Toy,Bamboo,558.46,385.39,10.3,Medium,1,1049.2,0.91,0.61,1134.22
Andhra Pradesh,South,Stone Carving,Soapstone,618.08,279.61,6.7,Large,4,1509.06,0.98,0.48,1624.44
Punjab,North,Wooden Toy,Wood,513.14,230.47,3.9,Medium,5,1028.35,0.62,0.47,1032.52
Kerala,South,Metal Craft,Copper,556.61,619.99,11.3,Large,4,1775.98,0.6,0.47,1884.15
Tamil Nadu,South,Wooden Toy,Wood,260.32,211.48,6.8,Large,2,640.68,0.82,0.76,728.48
Telangana,South,Wooden Toy,Bamboo,331.98,414.76,7.4,Small,2,877.35,0.44,0.38,840.68
Assam,Northeast,Pottery,Terracotta,235.91,352.34,11.3,Small,2,661.03,0.39,0.62,659.5
Maharashtra,West,Metal Craft,Bronze,546.08,120.58,3.5,Large,3,968.33,0.99,0.98,1160.05
Gujarat,West,Painting,Cloth,273.69,458.24,10.5,Small,4,1187.58,0.66,0.64,1211.7
West Bengal,East,Bamboo Craft,Cane,60.49,225.02,4.4,Small,5,422.69,0.44,0.77,419.52
West Bengal,East,Bamboo Craft,Bamboo,456.66,526.82,9.4,Medium,4,1328.48,0.42,0.78,1441.12
Rajasthan,West,Metal Craft,Brass,462.62,504.77,10.4,Medium,3,1384.34,0.91,0.7,1601.09
Assam,Northeast,Painting,Canvas,466.13,492.35,13.5,Medium,5,1387.5,0.76,0.58,1424.33
Maharashtra,West,Stone Carving,Soapstone,672.59,905.66,28.8,Large,5,3075.89,0.98,0.58,3504.5
Gujarat,West,Painting,Cloth,248.46,512.83,9.1,Small,2,1052.46,0.58,0.53,1130.49
Odisha,East,Jewelry,Silver,506.88,671.85,15.6,Medium,1,1376.65,0.87,0.38,1396.84
Rajasthan,West,Painting,Paper,261.77,335.08,8.0,Medium,4,962.42,0.79,0.57,1006.0
Uttar Pradesh,North,Bamboo Craft,Cane,180.64,112.69,3.5,Small,2,379.67,0.72,0.77,409.08
West Bengal,East,Stone Carving,Marble,292.68,765.62,16.8,Medium,1,1117.92,0.64,0.32,1138.26
West Bengal,East,Painting,Canvas,455.01,814.34,17.7,Large,2,1621.42,0.73,0.84,1807.4
Gujarat,West,Bamboo Craft,Bamboo,615.09,68.16,1.9,Medium,3,977.93,0.31,0.75,965.94
Rajasthan,West,Jewelry,Terracotta,374.46,98.66,1.7,Small,3,673.27,0.55,0.37,670.09
Assam,Northeast,Jewelry,Beads,359.29,567.95,10.5,Large,4,1224.75,0.68,0.52,1321.28
Assam,Northeast,Wooden Toy,Wood,145.42,185.11,5.5,Small,3,350.21,0.43,0.78,364.13
Andhra Pradesh,South,Pottery,Terracotta,298.17,103.44,2.2,Small,1,460.81,0.48,0.97,504.66
Maharashtra,West,Bamboo Craft,Cane,242.58,73.49,1.5,Small,1,461.22,0.97,0.72,536.22
Rajasthan,West,Wooden Toy,Bamboo,207.72,256.15,5.3,Medium,3,720.35,0.59,0.89,759.54
Gujarat,West,Bamboo Craft,Bamboo,318.97,879.62,23.0,Large,4,2061.92,0.88,0.6,2154.07
Odisha,East,Bamboo Craft,Bamboo,268.35,285.59,6.0,Small,1,606.1,0.42,0.82,610.37
Odisha,East,Jewelry,Terracotta,200.4,147.78,3.0,Large,2,397.23,0.72,0.68,421.66
Maharashtra,West,Bamboo Craft,Bamboo,412.91,614.23,10.3,Medium,3,1378.1,0.4,0.79,1412.67
Maharashtra,West,Metal Craft,Bronze,301.16,513.74,8.6,Small,4,1237.66,0.39,0.37,1245.08
Telangana,South,Bamboo Craft,Bamboo,233.53,97.71,3.0,Medium,3,482.65,0.93,0.43,508.31
Odisha,East,Metal Craft,Bronze,278.8,127.6,2.8,Medium,3,448.63,0.35,0.86,464.43
Maharashtra,West,Metal Craft,Brass,572.84,602.45,13.1,Medium,4,1840.11,0.53,0.53,1999.86
Tamil Nadu,South,Handloom Textile,Silk,675.94,887.82,17.1,Large,3,2203.73,0.63,0.34,2385.04
Odisha,East,Metal Craft,Bronze,178.17,493.58,13.7,Medium,1,732.76,0.68,0.37,784.32
Assam,Northeast,Jewelry,Beads,171.65,447.07,8.3,Small,5,897.03,0.95,0.46,941.88
Assam,Northeast,Wooden Toy,Bamboo,635.79,826.96,17.9,Medium,2,1783.21,0.89,0.66,1873.08
Odisha,East,Stone Carving,Marble,754.43,317.74,5.8,Large,2,1216.21,0.85,0.8,1315.17
Odisha,East,Metal Craft,Bronze,341.01,388.29,11.9,Large,2,898.81,0.96,0.69,988.76
Uttar Pradesh,North,Pottery,Clay,330.43,554.74,12.2,Medium,4,1489.95,0.94,0.65,1709.66
Karnataka,South,Stone Carving,Marble,122.98,375.1,11.2,Small,3,792.79,0.87,0.57,896.58
Rajasthan,West,Jewelry,Silver,332.07,379.66,9.7,Small,2,839.26,0.36,0.58,865.3
Punjab,North,Stone Carving,Soapstone,171.13,575.98,11.7,Small,3,1132.26,0.88,0.39,1271.09
Assam,Northeast,Painting,Cloth,529.13,974.18,18.4,Large,3,1658.14,0.42,0.65,1634.86
Punjab,North,Pottery,Terracotta,178.64,52.32,1.7,Small,2,268.87,0.39,0.97,295.29
Punjab,North,Handloom Textile,Wool,483.3,478.95,10.6,Large,4,1393.23,0.61,0.37,1392.75
Assam,Northeast,Stone Carving,Marble,426.97,449.29,13.0,Medium,1,823.37,0.34,0.85,806.61
Telangana,South,Pottery,Terracotta,637.13,132.21,2.6,Medium,3,1097.48,0.99,0.47,1155.75
Odisha,East,Jewelry,Terracotta,249.83,172.6,3.4,Medium,1,462.16,0.34,0.66,484.04
Uttar Pradesh,North,Handloom Textile,Silk,265.33,214.35,4.4,Small,5,680.5,0.67,0.6,750.94
West Bengal,East,Stone Carving,Marble,497.82,307.75,7.5,Large,1,903.94,0.59,0.88,995.56
Uttar Pradesh,North,Painting,Paper,86.18,395.52,8.9,Medium,4,653.66,0.31,0.48,624.56
Tamil Nadu,South,Bamboo Craft,Bamboo,237.36,103.24,3.4,Small,3,479.5,0.47,0.98,533.12
Maharashtra,West,Pottery,Clay,220.75,102.17,2.2,Small,5,493.73,0.62,0.89,530.59
Kerala,South,Jewelry,Beads,164.03,380.48,7.3,Medium,5,845.61,0.63,0.56,884.03
Gujarat,West,Bamboo Craft,Cane,779.41,1525.16,26.0,Large,1,3184.52,0.85,0.52,3417.96
Assam,Northeast,Painting,Paper,222.62,510.91,16.4,Medium,3,972.8,0.93,0.62,1089.95
Karnataka,South,Stone Carving,Marble,581.27,619.75,12.8,Medium,4,1540.17,0.35,0.66,1602.73
Andhra Pradesh,South,Stone Carving,Marble,550.27,637.5,20.4,Large,3,1406.39,0.36,0.8,1378.65
West Bengal,East,Stone Carving,Marble,86.78,959.1,18.4,Medium,3,1251.95,0.55,0.51,1332.05
Andhra Pradesh,South,Pottery,Terracotta,281.48,105.67,3.0,Small,2,489.52,0.37,0.76,489.54
Uttar Pradesh,North,Wooden Toy,Wood,91.73,177.11,3.0,Medium,2,328.65,0.51,0.84,342.16
Kerala,South,Handloom Textile,Cotton,292.78,271.32,5.6,Large,2,778.23,0.84,0.75,813.1
Odisha,East,Handloom Textile,Cotton,622.35,608.92,15.7,Medium,2,1612.68,0.99,0.72,1853.8
Punjab,North,Wooden Toy,Bamboo,334.12,277.51,8.2,Small,2,697.95,0.54,0.95,735.37
West Bengal,East,Metal Craft,Brass,201.23,280.65,5.8,Small,1,529.87,0.96,0.47,560.39
Kerala,South,Wooden Toy,Bamboo,360.42,312.48,8.1,Small,5,1211.97,0.87,0.9,1414.01
Rajasthan,West,Wooden Toy,Wood,221.25,652.86,14.9,Medium,1,1240.24,0.89,0.81,1402.1
Kerala,South,Jewelry,Terracotta,112.1,416.78,7.0,Small,1,648.49,0.96,0.33,673.2
Maharashtra,West,Painting,Cloth,729.82,873.73,24.0,Large,5,2795.73,0.65,0.89,3035.21
Tamil Nadu,South,Painting,Paper,256.62,256.91,6.6,Small,5,888.54,0.7,0.78,973.12
Karnataka,South,Metal Craft,Copper,759.34,289.39,6.6,Large,1,1197.66,0.31,0.47,1252.55
Karnataka,South,Painting,Cloth,135.54,469.82,8.7,Medium,1,719.34,0.44,0.69,751.03
Maharashtra,West,Painting,Canvas,115.81,262.22,4.9,Small,3,588.55,0.69,0.3,580.08
Odisha,East,Bamboo Craft,Bamboo,311.01,187.98,3.2,Small,3,575.4,0.56,0.53,584.08
Odisha,East,Stone Carving,Soapstone,856.39,1178.11,28.7,Large,5,3114.58,0.61,0.81,3358.81
Telangana,South,Painting,Paper,448.88,676.55,13.3,Large,4,1481.26,0.3,0.73,1547.19
Tamil Nadu,South,Pottery,Clay,132.07,533.15,12.0,Medium,4,1038.69,0.75,0.35,1098.53
Andhra Pradesh,South,Jewelry,Beads,393.97,613.59,12.2,Medium,4,1693.83,0.86,0.49,1828.12
Gujarat,West,Pottery,Terracotta,123.15,104.07,2.6,Medium,3,370.95,0.85,0.8,410.55
Uttar Pradesh,North,Metal Craft,Copper,204.07,103.6,2.6,Small,4,409.61,0.6,0.36,425.82
Tamil Nadu,South,Pottery,Clay,307.48,695.92,12.0,Small,4,1583.25,0.75,0.59,1747.8
Tamil Nadu,South,Stone Carving,Marble,219.4,728.56,13.2,Large,1,1138.04,0.57,0.7,1157.05
Odisha,East,Stone Carving,Marble,282.85,230.89,7.5,Medium,3,566.48,0.32,0.88,583.27
Assam,Northeast,Jewelry,Terracotta,154.55,426.9,11.3,Small,3,733.21,0.6,0.91,761.29
Odisha,East,Metal Craft,Copper,330.93,266.93,6.0,Small,5,835.34,0.39,0.36,832.35
West Bengal,East,Handloom Textile,Cotton,486.95,1149.35,21.7,Large,4,1926.68,0.41,0.73,2037.56
Andhra Pradesh,South,Pottery,Terracotta,671.84,888.3,27.7,Large,3,1908.51,0.34,0.5,1857.43
Tamil Nadu,South,Metal Craft,Bronze,367.19,141.19,3.7,Small,4,840.65,0.83,0.61,869.72
Assam,Northeast,Wooden Toy,Bamboo,220.65,44.63,1.4,Small,2,321.18,0.93,0.4,344.32
Telangana,South,Metal Craft,Copper,274.51,533.39,17.4,Medium,1,1016.24,0.76,0.97,1175.61
Kerala,South,Bamboo Craft,Cane,68.29,211.71,5.6,Small,2,363.4,0.81,0.99,411.79
Madhya Pradesh,Central,Wooden Toy,Wood,286.4,759.78,17.3,Large,5,1513.51,0.98,0.73,1623.5
Andhra Pradesh,South,Jewelry,Beads,164.7,210.16,5.6,Medium,3,563.41,0.9,0.69,595.76
Kerala,South,Stone Carving,Soapstone,842.52,688.65,21.5,Large,3,2054.51,0.8,0.68,2222.34
Punjab,North,Pottery,Clay,219.64,163.44,2.8,Small,2,503.32,0.89,0.77,552.6
Punjab,North,Wooden Toy,Wood,444.55,356.92,11.2,Medium,4,1136.88,0.66,0.86,1168.61
Uttar Pradesh,North,Jewelry,Beads,780.47,290.74,7.7,Large,4,1500.96,0.42,0.53,1526.84
Gujarat,West,Metal Craft,Brass,292.1,1443.52,25.6,Large,1,2329.6,0.91,0.47,2660.22
Rajasthan,West,Jewelry,Silver,512.33,67.11,2.1,Medium,5,966.46,0.62,0.94,1043.71
Maharashtra,West,Metal Craft,Brass,86.92,448.24,8.2,Small,4,893.5,0.57,0.84,920.4
Odisha,East,Wooden Toy,Wood,233.17,225.9,4.2,Small,3,623.08,0.7,0.74,662.96
Andhra Pradesh,South,Bamboo Craft,Cane,592.45,382.13,11.0,Medium,3,1367.68,0.79,0.86,1562.67
Tamil Nadu,South,Wooden Toy,Bamboo,881.16,577.2,9.7,Large,4,1911.28,0.4,0.44,2001.61
Kerala,South,Bamboo Craft,Cane,669.61,276.54,6.4,Large,2,1352.47,0.73,0.36,1464.25
West Bengal,East,Stone Carving,Marble,362.92,791.11,18.6,Medium,1,1413.27,0.99,0.77,1531.71
Gujarat,West,Wooden Toy,Bamboo,358.67,198.74,5.7,Small,3,745.46,0.31,0.69,771.34
Odisha,East,Jewelry,Terracotta,578.54,155.83,3.0,Medium,4,991.49,0.43,0.9,1042.33
Telangana,South,Pottery,Terracotta,298.58,198.61,4.5,Small,3,720.09,0.88,0.62,787.16
Kerala,South,Painting,Paper,543.82,264.1,7.5,Medium,1,938.19,0.8,0.88,1006.56
Gujarat,West,Pottery,Clay,159.5,335.03,7.7,Medium,5,883.94,0.82,0.76,953.92
Gujarat,West,Pottery,Terracotta,551.21,587.79,9.9,Medium,3,1769.67,0.74,0.39,1827.71
Andhra Pradesh,South,Stone Carving,Marble,290.21,63.44,1.8,Small,5,640.82,0.9,0.46,677.58
Uttar Pradesh,North,Pottery,Clay,440.01,626.24,13.8,Medium,3,1245.93,0.51,0.45,1247.08
Madhya Pradesh,Central,Bamboo Craft,Bamboo,278.61,634.34,11.3,Small,2,1107.12,0.84,0.85,1194.53
Telangana,South,Handloom Textile,Cotton,882.04,940.95,20.1,Large,2,2184.4,0.38,0.61,2304.84
Punjab,North,Pottery,Clay,579.18,735.37,12.4,Large,4,1584.11,0.38,0.6,1648.62
Maharashtra,West,Painting,Paper,891.18,546.35,9.8,Large,5,2412.56,0.5,0.94,2643.68
Rajasthan,West,Stone Carving,Marble,90.08,958.3,18.5,Medium,1,1221.99,0.51,0.88,1344.26
Maharashtra,West,Painting,Paper,143.05,647.09,14.0,Medium,3,970.87,0.37,0.47,970.13
Odisha,East,Wooden Toy,Bamboo,373.06,708.29,18.2,Large,1,1038.06,0.51,0.82,1140.14
Telangana,South,Painting,Cloth,348.29,396.71,8.3,Small,1,888.46,0.92,0.43,935.71
Rajasthan,West,Metal Craft,Brass,787.45,156.7,3.3,Large,1,1313.94,1.0,0.9,1424.16
Odisha,East,Jewelry,Beads,818.35,608.75,18.2,Large,5,1960.96,0.37,0.94,2112.26
Punjab,North,Wooden Toy,Bamboo,858.34,796.66,17.5,Large,2,2001.66,0.6,0.52,2147.12
Rajasthan,West,Painting,Paper,260.67,467.66,10.8,Small,1,955.2,0.72,0.74,1053.22
Maharashtra,West,Pottery,Terracotta,319.44,526.72,15.9,Large,1,1077.05,0.57,0.64,1182.6
West Bengal,East,Bamboo Craft,Bamboo,260.23,415.73,9.2,Small,4,894.21,0.74,0.35,924.26
Maharashtra,West,Bamboo Craft,Cane,344.6,82.08,2.4,Medium,3,579.31,0.49,0.98,614.48
Gujarat,West,Jewelry,Beads,284.72,710.78,18.5,Large,5,1418.78,0.44,0.66,1382.49
Karnataka,South,Stone Carving,Marble,202.68,73.13,2.2,Medium,1,327.37,0.54,0.86,347.76
West Bengal,East,Jewelry,Beads,244.35,754.39,18.0,Medium,5,1228.06,0.36,0.73,1234.16
Assam,Northeast,Bamboo Craft,Cane,227.59,474.95,10.6,Small,5,926.47,0.79,0.99,1004.89
Uttar Pradesh,North,Bamboo Craft,Cane,300.96,380.98,9.0,Medium,4,1071.05,0.94,0.8,1173.85
Kerala,South,Pottery,Terracotta,811.98,1507.95,27.6,Large,4,2871.41,0.3,0.75,2836.25
Uttar Pradesh,North,Stone Carving,Marble,170.0,925.94,18.3,Large,5,1527.4,0.38,0.57,1524.29
Tamil Nadu,South,Jewelry,Terracotta,147.77,472.82,9.0,Medium,1,668.6,0.35,0.36,693.79
Rajasthan,West,Metal Craft,Brass,284.0,347.29,8.5,Small,3,968.38,0.72,0.31,1054.55
Punjab,North,Painting,Canvas,264.4,548.22,10.6,Small,2,857.25,0.38,0.93,895.8
Kerala,South,Pottery,Terracotta,99.75,46.93,1.1,Small,5,228.08,0.51,0.64,225.16
Punjab,North,Wooden Toy,Bamboo,223.32,689.04,17.1,Large,2,1260.41,0.81,0.76,1408.63
Odisha,East,Jewelry,Silver,200.48,321.4,8.4,Small,2,585.98,0.51,0.85,638.17
Assam,Northeast,Bamboo Craft,Cane,337.85,597.99,10.4,Small,4,1202.89,0.6,0.52,1236.13
Rajasthan,West,Handloom Textile,Silk,624.9,1063.7,21.0,Large,3,2384.26,0.56,0.42,2356.11
Punjab,North,Painting,Canvas,867.68,398.29,11.5,Large,2,1467.15,0.32,0.75,1466.96
Telangana,South,Painting,Canvas,120.16,346.16,8.8,Medium,5,747.74,0.77,0.72,786.94
Maharashtra,West,Painting,Cloth,633.3,486.22,9.6,Medium,5,1584.28,0.4,0.64,1618.39
West Bengal,East,Jewelry,Silver,387.41,162.08,5.2,Small,5,673.95,0.32,0.57,641.34
Kerala,South,Metal Craft,Brass,755.22,560.82,14.5,Large,4,2305.42,0.93,0.38,2441.59
Assam,Northeast,Stone Carving,Marble,866.26,1002.86,18.3,Large,5,3035.99,0.99,0.5,3300.99
Assam,Northeast,Pottery,Terracotta,184.93,217.34,4.7,Small,2,423.34,0.41,0.69,446.79
Telangana,South,Painting,Paper,341.78,226.61,5.8,Small,4,742.88,0.48,0.44,742.75
Tamil Nadu,South,Handloom Textile,Silk,231.34,869.2,18.6,Medium,1,1200.02,0.54,0.71,1250.63
Gujarat,West,Wooden Toy,Bamboo,646.04,643.42,15.3,Large,3,2121.87,1.0,0.92,2434.59
Andhra Pradesh,South,Jewelry,Silver,427.57,213.46,5.1,Medium,2,768.76,0.33,0.63,753.2
Karnataka,South,Stone Carving,Marble,929.78,1363.94,26.4,Large,3,3002.5,0.67,0.91,3361.18
Punjab,North,Bamboo Craft,Bamboo,93.69,371.25,9.7,Small,3,619.83,0.91,0.96,696.42
Assam,Northeast,Painting,Paper,393.35,352.21,6.3,Small,4,932.69,0.71,0.56,959.3
Maharashtra,West,Wooden Toy,Wood,316.63,240.29,5.3,Small,3,871.55,0.64,0.7,974.5
Andhra Pradesh,South,Bamboo Craft,Cane,192.65,534.65,10.1,Small,3,973.56,0.7,0.97,1021.76
Andhra Pradesh,South,Metal Craft,Brass,348.89,321.37,5.8,Small,2,1009.66,0.93,0.34,1081.52
Gujarat,West,Painting,Canvas,228.65,456.55,7.9,Small,4,1009.32,0.31,0.63,1039.79
Odisha,East,Wooden Toy,Wood,701.73,229.99,5.9,Large,2,1023.94,0.55,0.86,1054.09
Telangana,South,Jewelry,Silver,924.26,155.83,2.6,Large,3,1501.16,0.77,0.88,1563.69
Andhra Pradesh,South,Jewelry,Silver,739.81,1274.03,24.4,Large,1,2380.67,0.4,0.83,2509.01
West Bengal,East,Stone Carving,Marble,763.54,1195.68,24.7,Large,5,2391.15,0.36,0.64,2402.26
West Bengal,East,Wooden Toy,Bamboo,307.98,113.3,2.8,Medium,1,462.45,0.38,0.87,457.26
Uttar Pradesh,North,Jewelry,Beads,614.86,421.06,10.8,Medium,1,1154.48,0.35,0.65,1196.61
Rajasthan,West,Pottery,Terracotta,67.58,75.76,1.8,Small,1,167.06,0.51,0.46,176.51
Punjab,North,Stone Carving,Marble,375.23,314.51,5.5,Small,3,843.24,0.53,0.63,890.46
West Bengal,East,Stone Carving,Marble,942.34,745.44,18.3,Large,4,2522.43,0.75,0.39,2659.72
Madhya Pradesh,Central,Painting,Paper,207.27,360.7,7.4,Small,2,553.93,0.35,0.78,580.46
Tamil Nadu,South,Painting,Canvas,540.62,731.23,15.7,Medium,2,1750.01,0.66,0.4,1777.42
Karnataka,South,Handloom Textile,Cotton,358.15,224.5,6.6,Medium,3,875.66,0.74,0.34,899.99
West Bengal,East,Jewelry,Terracotta,80.08,332.9,10.6,Medium,3,458.64,0.49,0.79,497.78
Karnataka,South,Handloom Textile,Silk,82.14,308.14,5.9,Medium,1,442.28,0.52,0.37,438.88
Assam,Northeast,Stone Carving,Soapstone,344.95,236.14,4.4,Small,3,807.59,0.92,0.6,875.29
Gujarat,West,Jewelry,Terracotta,619.88,161.95,3.2,Medium,4,1257.11,0.65,0.57,1353.89
Rajasthan,West,Bamboo Craft,Cane,123.67,349.46,6.8,Large,4,804.49,0.77,0.98,934.05
Rajasthan,West,Metal Craft,Brass,710.13,341.56,10.3,Large,4,1589.98,0.85,0.75,1723.32
Tamil Nadu,South,Jewelry,Terracotta,384.88,279.38,6.5,Small,5,1023.58,0.62,0.45,1048.92
Telangana,South,Stone Carving,Marble,68.32,399.45,9.4,Small,3,658.14,0.88,0.9,748.29
Uttar Pradesh,North,Metal Craft,Copper,344.48,623.67,17.1,Medium,5,1458.47,0.77,0.73,1522.32
Madhya Pradesh,Central,Jewelry,Silver,667.38,864.37,21.9,Large,4,2101.27,0.75,0.58,2176.28
Rajasthan,West,Painting,Canvas,867.78,410.34,10.0,Large,3,1721.03,0.34,0.38,1662.66
Odisha,East,Jewelry,Beads,821.8,115.84,2.8,Large,1,922.22,0.54,0.31,927.81
Tamil Nadu,South,Jewelry,Beads,534.01,601.66,13.1,Large,2,1498.78,0.72,0.31,1640.56
Karnataka,South,Bamboo Craft,Cane,231.66,334.53,8.5,Small,2,779.79,0.84,0.84,906.98
Tamil Nadu,South,Handloom Textile,Wool,150.31,100.9,1.9,Medium,3,356.34,0.87,0.38,362.05
Gujarat,West,Wooden Toy,Wood,366.38,1038.29,22.8,Large,4,1933.57,0.54,0.56,1960.33
Rajasthan,West,Stone Carving,Soapstone,276.26,648.32,11.7,Small,5,1479.71,0.32,0.93,1572.45
Kerala,South,Stone Carving,Soapstone,336.48,336.15,8.6,Medium,3,822.8,0.35,0.46,820.35
Andhra Pradesh,South,Pottery,Clay,747.85,472.86,14.9,Large,2,1825.16,0.97,0.96,2185.86
Maharashtra,West,Jewelry,Terracotta,240.57,374.31,11.6,Small,3,828.86,0.56,0.46,821.55
Punjab,North,Metal Craft,Bronze,428.55,729.17,15.4,Medium,2,1373.79,0.4,0.87,1410.93
Odisha,East,Metal Craft,Bronze,457.51,250.21,6.2,Medium,2,896.04,0.94,0.5,1020.05
Tamil Nadu,South,Bamboo Craft,Bamboo,476.32,92.93,2.7,Medium,2,666.35,0.31,0.74,649.74
Madhya Pradesh,Central,Painting,Canvas,924.66,611.01,16.4,Large,3,1694.54,0.65,0.78,1771.86
Uttar Pradesh,North,Stone Carving,Marble,797.85,672.76,14.5,Large,5,2061.18,0.6,0.33,2102.87
Telangana,South,Metal Craft,Brass,295.72,204.65,3.7,Large,2,761.22,0.99,0.86,837.86
Punjab,North,Stone Carving,Marble,386.22,187.34,3.2,Small,2,852.03,1.0,0.8,968.54
Punjab,North,Bamboo Craft,Bamboo,225.34,444.6,9.3,Medium,1,771.75,0.35,0.74,761.88
Rajasthan,West,Stone Carving,Soapstone,785.78,1539.41,26.4,Large,2,3768.49,0.97,0.67,4307.0
Odisha,East,Pottery,Clay,170.54,515.5,10.0,Medium,4,911.39,0.47,0.75,914.23
Madhya Pradesh,Central,Painting,Paper,396.45,683.5,15.2,Medium,4,1222.41,0.31,0.31,1253.59
Assam,Northeast,Pottery,Clay,208.06,469.28,12.8,Medium,1,707.4,0.53,0.89,718.46
Maharashtra,West,Painting,Paper,480.11,142.17,3.2,Large,3,902.63,0.76,0.38,941.61
Kerala,South,Bamboo Craft,Bamboo,594.94,598.73,19.1,Medium,5,1955.1,0.83,0.56,2170.93
Assam,Northeast,Wooden Toy,Wood,891.48,1301.13,27.5,Large,2,2270.2,0.55,0.85,2426.62
Telangana,South,Bamboo Craft,Bamboo,280.8,491.2,13.2,Medium,2,874.14,0.43,0.94,918.38
Rajasthan,West,Metal Craft,Brass,203.68,71.49,2.3,Medium,2,337.58,0.42,0.91,370.15
Uttar Pradesh,North,Metal Craft,Brass,608.56,658.9,13.9,Large,3,1624.83,0.66,0.83,1722.84
Odisha,East,Pottery,Clay,871.04,1555.68,27.4,Large,5,3425.79,0.59,0.85,3657.52
Kerala,South,Bamboo Craft,Cane,291.93,640.51,18.0,Large,1,1027.93,0.53,0.9,1041.97
Assam,Northeast,Wooden Toy,Wood,74.15,510.85,11.3,Small,5,836.19,0.59,0.87,878.27
Telangana,South,Handloom Textile,Wool,468.43,754.52,15.2,Medium,5,1834.25,0.41,0.91,1870.84
Uttar Pradesh,North,Wooden Toy,Bamboo,477.19,115.04,3.4,Large,5,930.57,0.84,0.3,988.82
Telangana,South,Metal Craft,Copper,69.12,430.37,11.7,Small,4,682.12,0.51,0.51,663.29
Telangana,South,Painting,Canvas,732.65,1024.73,27.9,Large,1,2330.56,0.76,0.82,2524.39
Kerala,South,Painting,Cloth,249.64,375.06,7.3,Medium,4,967.15,0.87,0.43,1085.37
Andhra Pradesh,South,Stone Carving,Marble,531.75,994.66,18.9,Medium,3,2160.88,0.58,0.71,2176.03
Madhya Pradesh,Central,Stone Carving,Soapstone,240.57,308.17,8.8,Small,3,754.61,0.85,0.71,787.11
West Bengal,East,Pottery,Terracotta,142.86,295.62,7.6,Small,4,571.47,0.8,0.83,629.21
Tamil Nadu,South,Metal Craft,Copper,228.11,295.74,5.1,Small,2,755.68,0.88,0.79,834.28
Tamil Nadu,South,Wooden Toy,Bamboo,595.76,715.8,13.8,Medium,5,2363.81,0.9,0.49,2482.29
Gujarat,West,Handloom Textile,Cotton,273.39,445.17,7.5,Medium,5,1337.19,0.9,0.79,1496.47
Madhya Pradesh,Central,Stone Carving,Marble,381.48,269.2,6.5,Small,4,814.84,0.41,0.85,836.49
West Bengal,East,Painting,Cloth,94.11,497.62,16.4,Medium,4,822.3,0.79,0.98,887.32
Karnataka,South,Pottery,Terracotta,712.09,1113.43,24.0,Large,4,2982.55,0.98,0.34,3311.12
Andhra Pradesh,South,Handloom Textile,Wool,563.08,259.2,4.8,Medium,1,933.17,0.69,0.58,1028.87
Karnataka,South,Metal Craft,Copper,252.11,410.23,10.6,Large,4,1122.16,0.91,0.77,1213.92
Telangana,South,Wooden Toy,Wood,429.93,643.32,11.7,Medium,2,1556.61,0.93,0.31,1592.17
Telangana,South,Stone Carving,Soapstone,387.36,262.66,6.7,Medium,1,739.1,0.55,0.73,796.71
Gujarat,West,Wooden Toy,Wood,306.54,149.84,2.8,Medium,5,756.39,0.5,0.6,767.45
Telangana,South,Pottery,Terracotta,167.53,717.5,12.3,Large,4,1395.46,0.75,0.77,1467.07
Punjab,North,Metal Craft,Bronze,471.4,733.51,22.2,Large,5,1725.85,0.49,0.49,1855.91
Tamil Nadu,South,Bamboo Craft,Bamboo,117.8,378.58,10.7,Medium,3,744.06,0.98,0.38,830.4
Punjab,North,Stone Carving,Soapstone,296.59,230.26,5.7,Small,2,605.64,0.58,0.48,626.08
Odisha,East,Jewelry,Terracotta,143.99,208.75,4.2,Small,1,386.27,0.98,0.72,412.23
Karnataka,South,Bamboo Craft,Cane,612.8,222.78,6.8,Medium,5,1395.47,0.72,0.74,1468.34
Maharashtra,West,Bamboo Craft,Bamboo,88.46,698.0,18.6,Medium,5,1384.53,0.77,0.79,1480.54
Rajasthan,West,Bamboo Craft,Cane,347.72,1018.89,18.2,Large,3,2032.2,0.96,0.37,2308.75
Odisha,East,Stone Carving,Soapstone,738.69,927.23,25.7,Large,5,2525.14,0.71,0.79,2704.81
Telangana,South,Painting,Canvas,88.62,447.36,11.9,Medium,3,730.1,0.62,0.97,819.29
Uttar Pradesh,North,Pottery,Terracotta,278.37,1198.07,20.2,Large,3,1795.08,0.37,0.31,1698.98
Punjab,North,Wooden Toy,Bamboo,499.1,761.47,17.7,Medium,5,1901.66,0.48,0.6,1855.69
Odisha,East,Handloom Textile,Wool,256.31,378.31,7.7,Small,5,802.16,0.47,0.8,811.11
Maharashtra,West,Bamboo Craft,Cane,357.11,276.75,9.1,Small,2,787.16,0.47,0.45,778.32
Karnataka,South,Pottery,Clay,71.88,311.89,6.0,Small,4,538.8,0.72,0.77,611.06
Rajasthan,West,Jewelry,Silver,549.56,864.09,15.8,Medium,2,1970.32,0.95,0.68,2214.35
Gujarat,West,Painting,Paper,744.02,999.59,21.9,Large,1,2186.15,0.35,0.56,2220.85
Madhya Pradesh,Central,Bamboo Craft,Bamboo,572.2,390.01,9.5,Large,3,1311.65,0.93,0.77,1454.91
Uttar Pradesh,North,Painting,Paper,432.94,306.98,6.0,Medium,3,1001.0,0.6,0.61,1099.77
Kerala,South,Painting,Paper,115.84,624.22,16.1,Medium,5,1122.2,0.61,0.32,1152.72
Rajasthan,West,Metal Craft,Bronze,111.46,589.7,10.2,Medium,2,869.03,0.37,0.84,912.08
Andhra Pradesh,South,Metal Craft,Bronze,225.73,153.18,4.4,Medium,2,467.61,0.35,0.43,484.98
Telangana,South,Metal Craft,Bronze,334.94,283.16,8.5,Small,4,845.0,0.5,0.52,868.91
Rajasthan,West,Painting,Cloth,569.87,479.24,11.8,Large,3,1576.22,0.88,0.85,1833.49
Telangana,South,Pottery,Terracotta,613.58,300.68,7.4,Medium,3,1372.1,0.65,0.96,1427.38
Punjab,North,Bamboo Craft,Cane,187.46,320.17,7.1,Small,3,659.58,0.44,0.9,716.5
Madhya Pradesh,Central,Pottery,Terracotta,560.91,639.01,14.8,Medium,3,1520.56,0.73,0.41,1545.64
Madhya Pradesh,Central,Painting,Canvas,292.88,117.34,3.5,Small,5,546.89,0.42,0.3,558.57
Telangana,South,Metal Craft,Brass,230.23,91.02,2.8,Small,5,498.8,0.31,0.42,479.83
Madhya Pradesh,Central,Handloom Textile,Cotton,173.99,80.68,2.2,Small,5,331.89,0.66,0.73,337.92
Andhra Pradesh,South,Handloom Textile,Cotton,186.86,131.71,3.6,Small,4,524.32,0.97,0.73,580.61
Rajasthan,West,Painting,Canvas,480.31,849.91,16.7,Large,2,1886.68,0.79,0.42,1986.11
Karnataka,South,Bamboo Craft,Cane,851.24,878.12,19.1,Large,4,2222.51,0.38,0.72,2236.67
Maharashtra,West,Handloom Textile,Silk,159.99,499.39,13.8,Medium,3,892.87,0.57,0.93,957.42
Uttar Pradesh,North,Wooden Toy,Wood,472.19,155.97,2.9,Large,5,885.1,0.35,0.63,908.39
Andhra Pradesh,South,Wooden Toy,Wood,465.63,184.83,6.1,Medium,2,941.93,0.81,0.67,1059.44
Karnataka,South,Jewelry,Beads,345.16,252.06,6.3,Small,3,828.98,0.85,0.62,937.3
Karnataka,South,Wooden Toy,Bamboo,861.35,474.38,14.7,Large,5,2241.23,0.57,0.86,2312.24
Tamil Nadu,South,Stone Carving,Soapstone,117.51,708.6,17.0,Medium,5,1217.69,0.68,0.98,1352.24
West Bengal,East,Painting,Canvas,182.25,665.61,12.3,Large,4,1145.36,0.6,1.0,1215.48
Telangana,South,Handloom Textile,Cotton,203.26,321.17,7.8,Medium,2,623.29,0.35,0.56,642.49
Madhya Pradesh,Central,Painting,Paper,447.77,426.54,14.1,Medium,2,920.74,0.45,0.76,905.4
Karnataka,South,Stone Carving,Soapstone,795.78,1059.12,22.8,Large,2,2255.07,0.35,0.84,2391.12
Kerala,South,Jewelry,Beads,751.47,1074.75,23.6,Large,3,2436.93,0.4,0.77,2578.88
Tamil Nadu,South,Jewelry,Terracotta,109.46,175.81,3.1,Small,2,408.45,0.82,0.94,458.94
Kerala,South,Painting,Cloth,278.95,511.53,10.8,Small,1,972.97,0.74,0.41,1049.58
Telangana,South,Jewelry,Silver,231.73,204.96,5.2,Medium,3,573.06,0.47,0.45,607.89
Rajasthan,West,Metal Craft,Bronze,545.93,239.09,7.4,Large,5,1444.23,0.79,0.57,1579.97
Karnataka,South,Metal Craft,Bronze,525.9,324.93,6.4,Medium,2,1085.13,0.48,0.96,1128.08
Karnataka,South,Pottery,Terracotta,230.93,254.2,5.0,Medium,2,571.06,0.45,0.72,601.45
Gujarat,West,Metal Craft,Bronze,335.23,507.13,9.6,Small,3,1205.33,0.43,0.36,1191.72
Rajasthan,West,Handloom Textile,Cotton,201.32,49.12,1.3,Small,4,339.78,0.32,0.92,352.41
Kerala,South,Painting,Paper,152.74,793.82,20.0,Large,3,1379.75,0.93,0.92,1623.0
Gujarat,West,Painting,Paper,956.77,1339.38,24.2,Large,2,2735.88,0.47,0.7,2713.02
Punjab,North,Handloom Textile,Wool,959.07,576.9,11.0,Large,1,2044.61,0.86,0.9,2216.34
West Bengal,East,Painting,Paper,153.89,450.9,13.3,Large,3,734.67,0.32,0.55,740.86
Tamil Nadu,South,Pottery,Clay,382.73,728.12,19.7,Large,5,1643.14,0.31,0.84,1728.04
Andhra Pradesh,South,Bamboo Craft,Bamboo,101.81,791.95,16.3,Medium,5,1539.81,0.69,0.74,1669.89
Maharashtra,West,Pottery,Clay,608.0,1507.27,28.6,Large,5,3418.92,0.61,0.8,3541.57
Maharashtra,West,Pottery,Terracotta,258.9,648.19,11.2,Small,4,1303.9,0.54,0.67,1435.29
Kerala,South,Jewelry,Beads,944.14,1055.58,19.5,Large,1,2299.52,0.8,0.72,2494.26
West Bengal,East,Painting,Paper,457.88,556.11,13.5,Medium,1,1201.69,0.96,0.42,1335.1
Gujarat,West,Metal Craft,Brass,705.59,746.04,19.5,Large,2,1887.45,0.41,0.75,1879.7
Odisha,East,Pottery,Clay,474.88,480.32,9.6,Medium,3,1171.7,0.89,0.42,1300.95
Madhya Pradesh,Central,Pottery,Clay,263.39,479.76,8.7,Small,4,1015.32,0.86,0.97,1136.74
Karnataka,South,Metal Craft,Copper,190.66,127.38,2.7,Small,2,402.77,0.49,0.94,430.98
Punjab,North,Jewelry,Beads,278.76,77.38,2.5,Medium,4,510.98,0.6,0.36,547.15
Assam,Northeast,Jewelry,Beads,359.02,297.96,8.2,Small,5,903.43,0.9,0.92,1040.41
Kerala,South,Stone Carving,Marble,150.28,587.19,9.8,Small,5,1093.92,0.32,0.93,1185.86
Gujarat,West,Bamboo Craft,Bamboo,212.75,328.28,10.3,Small,1,721.67,0.53,0.35,759.1
Telangana,South,Painting,Paper,836.14,885.44,27.2,Large,5,2535.48,0.57,0.35,2519.28
Gujarat,West,Jewelry,Silver,214.19,132.12,4.0,Small,4,554.74,0.42,0.4,572.8
Rajasthan,West,Bamboo Craft,Cane,388.72,222.44,5.8,Small,1,786.18,0.86,0.53,826.95
Karnataka,South,Jewelry,Terracotta,95.39,154.51,3.8,Small,2,317.98,0.77,0.34,345.89
Andhra Pradesh,South,Pottery,Clay,243.41,637.71,11.4,Large,1,990.85,0.41,0.36,969.68
Maharashtra,West,Wooden Toy,Wood,593.26,805.1,23.6,Large,1,1675.74,0.71,0.65,1816.86
Gujarat,West,Painting,Canvas,349.86,496.76,15.3,Large,2,1217.32,0.62,0.51,1210.79
Punjab,North,Wooden Toy,Wood,471.63,750.38,14.5,Large,3,1739.32,0.7,0.77,1948.87
Andhra Pradesh,South,Stone Carving,Soapstone,159.86,380.9,6.9,Small,3,807.55,0.99,0.92,888.39
Kerala,South,Handloom Textile,Silk,354.06,658.22,14.7,Medium,3,1376.39,0.64,0.89,1542.72
Karnataka,South,Bamboo Craft,Cane,461.72,484.18,11.1,Large,4,1399.9,0.83,0.39,1564.99
Karnataka,South,Stone Carving,Soapstone,267.41,824.4,17.4,Large,3,1446.31,0.64,0.75,1552.6
Madhya Pradesh,Central,Jewelry,Beads,180.26,284.16,8.3,Small,3,541.27,0.7,0.43,551.09
Gujarat,West,Bamboo Craft,Cane,113.99,389.57,10.1,Small,2,754.45,0.95,0.98,824.37
Telangana,South,Bamboo Craft,Cane,181.09,402.01,9.8,Small,5,911.6,0.36,0.69,958.17
Gujarat,West,Jewelry,Terracotta,267.1,739.63,20.2,Large,2,1237.77,0.45,0.91,1267.46
Gujarat,West,Handloom Textile,Silk,50.23,570.05,10.6,Small,3,870.64,0.74,0.83,944.7
Uttar Pradesh,North,Pottery,Terracotta,276.68,147.13,3.3,Medium,1,505.1,0.94,0.33,527.31
West Bengal,East,Handloom Textile,Cotton,213.36,775.14,17.6,Medium,4,1243.87,0.63,0.83,1332.32
Uttar Pradesh,North,Wooden Toy,Wood,200.49,455.9,7.6,Small,5,1113.43,0.84,0.58,1164.49
Madhya Pradesh,Central,Handloom Textile,Silk,60.66,128.68,3.2,Small,3,245.72,0.66,0.73,262.93
Telangana,South,Wooden Toy,Wood,225.45,49.68,1.6,Small,1,357.48,0.69,0.61,366.33
Madhya Pradesh,Central,Painting,Canvas,140.98,530.88,14.3,Large,5,775.3,0.33,0.81,802.85
Madhya Pradesh,Central,Handloom Textile,Silk,148.37,120.04,2.9,Small,5,406.23,0.86,0.57,423.59
Rajasthan,West,Metal Craft,Copper,512.75,291.87,5.8,Medium,5,1332.44,0.7,0.95,1389.51
Uttar Pradesh,North,Stone Carving,Soapstone,90.73,741.02,16.2,Medium,3,1132.62,0.84,0.46,1154.91
West Bengal,East,Painting,Cloth,386.52,481.37,8.3,Small,4,1162.16,0.49,0.73,1187.6
Punjab,North,Stone Carving,Marble,554.94,1034.79,18.3,Medium,3,2126.69,0.82,0.49,2396.17
Gujarat,West,Wooden Toy,Wood,128.64,1090.29,21.3,Large,2,1644.86,0.74,0.99,1783.97
Karnataka,South,Metal Craft,Bronze,186.31,533.42,14.1,Large,5,1204.63,0.54,0.88,1236.75
Madhya Pradesh,Central,Jewelry,Beads,180.38,356.77,11.2,Small,2,562.62,0.36,0.41,539.49
Rajasthan,West,Handloom Textile,Silk,933.18,639.65,14.2,Large,2,2105.38,0.47,0.63,2229.16
Maharashtra,West,Stone Carving,Soapstone,502.17,674.14,11.8,Medium,4,1790.39,0.87,0.83,1882.92
Maharashtra,West,Bamboo Craft,Cane,124.36,351.39,8.3,Small,2,685.39,0.58,0.92,767.11
Madhya Pradesh,Central,Painting,Canvas,383.66,785.87,20.6,Large,1,1103.05,0.43,0.43,1104.13
West Bengal,East,Wooden Toy,Wood,818.0,291.47,5.6,Large,1,1216.81,0.67,0.5,1251.57
Punjab,North,Wooden Toy,Bamboo,258.63,202.61,5.8,Small,2,571.02,0.38,0.68,573.27
Tamil Nadu,South,Bamboo Craft,Bamboo,306.55,475.16,8.2,Small,5,1360.29,0.87,0.7,1559.15
Maharashtra,West,Stone Carving,Marble,455.6,333.57,11.0,Large,5,1294.97,0.88,0.86,1455.31
Maharashtra,West,Painting,Canvas,212.39,136.66,2.3,Small,5,560.74,0.45,0.35,578.05
West Bengal,East,Jewelry,Silver,61.36,376.94,8.2,Small,5,591.01,0.37,0.42,577.27
Madhya Pradesh,Central,Metal Craft,Bronze,605.46,952.11,16.0,Medium,1,1516.54,0.48,0.98,1582.97
West Bengal,East,Jewelry,Silver,67.62,81.22,1.6,Small,1,164.74,0.62,0.46,166.8
West Bengal,East,Bamboo Craft,Bamboo,252.17,273.53,5.0,Small,5,780.8,0.87,0.63,840.93
West Bengal,East,Metal Craft,Copper,531.2,268.41,7.4,Medium,4,993.56,0.36,0.63,1044.24
Tamil Nadu,South,Stone Carving,Soapstone,203.89,450.29,8.3,Medium,5,1099.53,0.88,0.57,1172.64
Andhra Pradesh,South,Handloom Textile,Silk,903.35,319.07,5.5,Large,1,1392.27,0.78,0.67,1503.29
Uttar Pradesh,North,Wooden Toy,Wood,308.34,218.65,4.4,Medium,4,852.76,0.98,0.69,907.2
Gujarat,West,Painting,Canvas,470.84,266.11,5.5,Large,1,929.69,0.96,0.76,1023.65
Madhya Pradesh,Central,Bamboo Craft,Bamboo,388.37,478.58,8.7,Medium,4,1151.02,0.87,0.73,1234.89
Uttar Pradesh,North,Stone Carving,Marble,208.93,500.26,11.8,Large,1,773.24,0.77,0.76,832.36
Andhra Pradesh,South,Handloom Textile,Wool,272.69,356.32,6.5,Large,4,804.77,0.33,0.59,842.6
Telangana,South,Wooden Toy,Wood,587.91,383.12,8.5,Large,3,1343.85,0.81,0.97,1557.69
West Bengal,East,Wooden Toy,Wood,603.21,868.41,17.7,Medium,1,1726.21,0.74,0.58,1850.99
Andhra Pradesh,South,Bamboo Craft,Cane,287.1,296.09,5.7,Small,3,923.21,0.88,0.4,996.52
Kerala,South,Handloom Textile,Wool,553.01,380.62,9.2,Medium,5,1711.29,0.94,0.48,1863.65
Rajasthan,West,Jewelry,Terracotta,229.93,207.64,4.4,Small,1,511.97,0.53,0.33,492.42
West Bengal,East,Stone Carving,Marble,392.42,485.51,11.6,Small,4,1281.65,0.81,0.54,1424.38
Andhra Pradesh,South,Pottery,Terracotta,915.28,695.49,13.0,Large,5,2232.63,0.49,0.99,2400.97
Odisha,East,Jewelry,Beads,280.83,289.06,8.6,Small,3,801.71,0.96,0.43,847.54
Punjab,North,Painting,Cloth,157.53,297.61,7.0,Small,3,558.27,0.41,0.42,576.38
West Bengal,East,Jewelry,Beads,364.29,79.41,1.9,Small,5,608.84,0.37,0.31,609.22
Uttar Pradesh,North,Jewelry,Silver,256.94,264.12,8.6,Large,3,687.44,0.88,0.98,751.1
Punjab,North,Handloom Textile,Wool,353.94,476.99,11.2,Small,1,886.54,0.34,0.33,864.78
Telangana,South,Bamboo Craft,Cane,144.07,540.04,17.8,Large,2,858.44,0.85,0.51,935.62
Madhya Pradesh,Central,Jewelry,Beads,302.7,866.3,18.7,Medium,1,1106.28,0.49,0.8,1209.71
Tamil Nadu,South,Wooden Toy,Bamboo,289.84,356.14,11.3,Medium,3,944.18,0.6,0.88,982.22
Punjab,North,Metal Craft,Brass,129.13,579.12,10.0,Small,1,728.56,0.37,0.62,768.65
Kerala,South,Jewelry,Beads,190.16,420.59,8.0,Large,5,880.78,0.34,0.64,875.17
West Bengal,East,Jewelry,Silver,188.1,236.92,6.8,Small,1,493.91,0.7,0.86,516.54
Rajasthan,West,Pottery,Terracotta,163.58,257.24,6.3,Medium,1,479.27,0.59,0.78,483.62
Telangana,South,Jewelry,Beads,187.17,311.49,8.7,Small,5,876.45,0.75,0.48,970.07
Andhra Pradesh,South,Bamboo Craft,Cane,154.05,148.19,3.5,Small,2,397.9,0.47,0.77,422.49
Telangana,South,Metal Craft,Copper,541.64,298.33,8.6,Medium,2,1183.57,0.82,0.55,1245.06
Tamil Nadu,South,Bamboo Craft,Cane,125.49,662.5,19.1,Medium,4,1361.65,0.99,0.98,1582.43
Telangana,South,Painting,Canvas,403.57,649.88,16.8,Medium,3,1442.34,0.63,0.73,1523.02
Andhra Pradesh,South,Painting,Paper,397.44,960.45,17.3,Large,2,1728.68,0.44,0.95,1882.28
Maharashtra,West,Pottery,Clay,391.47,466.44,15.3,Medium,1,1235.86,0.87,0.33,1388.51
Gujarat,West,Stone Carving,Soapstone,244.68,280.69,5.3,Medium,4,726.12,0.48,0.91,735.62
Rajasthan,West,Jewelry,Terracotta,942.49,1119.21,20.2,Large,2,2772.39,0.53,0.77,2948.43
Telangana,South,Stone Carving,Marble,462.22,501.6,11.7,Medium,3,1223.27,0.49,0.84,1312.57
Kerala,South,Jewelry,Beads,210.67,660.4,12.6,Medium,4,1145.88,0.45,0.34,1163.89
Odisha,East,Handloom Textile,Silk,555.69,124.86,2.4,Medium,3,904.6,0.54,0.63,925.48
Assam,Northeast,Jewelry,Beads,212.87,38.94,1.2,Small,5,336.13,0.48,0.32,335.88
Andhra Pradesh,South,Bamboo Craft,Bamboo,580.44,272.15,7.0,Large,4,1202.18,0.76,0.98,1385.15
Madhya Pradesh,Central,Handloom Textile,Silk,403.05,517.6,11.5,Medium,1,891.17,0.35,0.36,867.83
Assam,Northeast,Jewelry,Terracotta,593.67,301.83,8.8,Medium,2,1046.95,0.8,0.51,1146.14
Uttar Pradesh,North,Metal Craft,Brass,584.15,779.51,15.5,Medium,2,1685.41,0.78,0.96,1766.42
Madhya Pradesh,Central,Jewelry,Beads,145.18,169.51,3.4,Small,4,375.62,0.74,0.72,415.86
Odisha,East,Painting,Paper,261.18,621.07,13.3,Medium,5,1138.38,0.54,0.39,1204.91
West Bengal,East,Jewelry,Terracotta,371.44,268.13,8.1,Small,3,837.17,0.58,0.81,853.47
Madhya Pradesh,Central,Pottery,Clay,50.01,358.14,8.8,Small,3,470.69,0.48,0.31,491.55
Kerala,South,Wooden Toy,Bamboo,616.27,527.03,11.6,Medium,4,1539.49,0.36,0.68,1585.1
Tamil Nadu,South,Wooden Toy,Wood,297.69,190.52,5.8,Medium,2,576.09,0.52,0.37,616.76
West Bengal,East,Handloom Textile,Silk,328.7,618.29,11.0,Medium,4,1489.26,1.0,0.71,1637.56
Maharashtra,West,Bamboo Craft,Cane,157.01,270.95,5.4,Small,4,646.5,0.78,0.52,701.43
Tamil Nadu,South,Metal Craft,Copper,94.91,375.94,7.4,Small,1,632.15,0.79,0.83,693.99
Assam,Northeast,Bamboo Craft,Cane,488.94,444.99,12.5,Medium,3,1008.61,0.32,0.5,1018.55
Maharashtra,West,Handloom Textile,Wool,555.98,172.21,5.1,Medium,3,1157.21,0.97,0.38,1269.12
Maharashtra,West,Pottery,Terracotta,574.75,149.04,4.7,Large,4,1056.87,0.37,0.71,1049.15
Rajasthan,West,Pottery,Terracotta,273.22,312.47,10.0,Small,1,705.79,0.65,0.78,740.68
Karnataka,South,Stone Carving,Marble,635.46,1417.17,26.1,Large,2,2650.2,0.71,0.81,2914.95
Madhya Pradesh,Central,Handloom Textile,Wool,213.16,158.26,3.1,Small,5,553.07,0.69,0.55,555.29
Kerala,South,Stone Carving,Soapstone,256.83,137.79,2.6,Medium,2,552.12,0.79,0.53,585.35
Punjab,North,Jewelry,Terracotta,314.69,254.21,6.0,Small,2,709.21,0.95,0.48,781.8
Uttar Pradesh,North,Jewelry,Beads,389.26,165.68,5.2,Small,5,764.23,0.54,0.65,811.02
Andhra Pradesh,South,Painting,Paper,638.74,390.16,9.6,Medium,4,1620.99,0.58,0.38,1650.09
Karnataka,South,Handloom Textile,Cotton,296.87,571.05,13.2,Medium,1,1140.82,0.75,0.34,1254.28
Odisha,East,Pottery,Clay,443.31,635.59,18.4,Medium,3,1380.67,0.63,0.72,1452.65
Andhra Pradesh,South,Painting,Canvas,269.33,158.66,3.8,Medium,4,565.37,0.41,0.81,558.1
West Bengal,East,Stone Carving,Soapstone,583.99,1016.45,18.1,Large,4,2324.16,0.7,0.54,2472.22
Odisha,East,Pottery,Terracotta,124.4,663.99,11.6,Medium,4,976.2,0.58,0.51,975.51
Odisha,East,Bamboo Craft,Cane,483.53,586.77,18.1,Large,5,1701.83,0.96,0.83,1981.43
Tamil Nadu,South,Bamboo Craft,Cane,78.07,303.2,6.2,Small,2,505.99,0.88,0.85,590.22
Telangana,South,Pottery,Clay,149.63,1005.18,17.0,Medium,2,1287.25,0.42,0.81,1322.37
West Bengal,East,Jewelry,Beads,553.68,1027.98,17.7,Large,2,2040.81,0.77,0.64,2307.34
Odisha,East,Jewelry,Beads,57.72,384.49,11.8,Small,4,590.54,0.87,0.5,634.77
Uttar Pradesh,North,Bamboo Craft,Bamboo,440.62,262.59,8.3,Medium,3,934.6,0.72,0.93,992.46
Kerala,South,Bamboo Craft,Cane,327.84,136.54,2.5,Medium,5,764.63,0.88,0.71,869.44
Karnataka,South,Stone Carving,Marble,390.62,787.99,16.1,Medium,2,1594.39,0.85,0.72,1836.34
Andhra Pradesh,South,Jewelry,Terracotta,574.54,673.71,18.4,Large,4,1799.73,0.74,0.7,1849.94
Gujarat,West,Painting,Cloth,627.66,1032.87,22.6,Large,4,2271.15,0.46,0.77,2349.19
Maharashtra,West,Bamboo Craft,Bamboo,257.23,263.3,7.3,Large,1,631.36,0.57,0.34,646.38
Punjab,North,Handloom Textile,Silk,219.15,286.91,5.2,Small,3,576.26,0.4,0.65,561.69
Andhra Pradesh,South,Metal Craft,Brass,401.36,653.56,11.6,Medium,5,1553.4,0.69,0.97,1625.88
Madhya Pradesh,Central,Painting,Paper,157.02,337.54,7.3,Large,1,570.44,0.75,0.33,620.35
Odisha,East,Pottery,Terracotta,369.15,154.43,4.4,Large,3,618.31,0.39,0.39,600.97
West Bengal,East,Wooden Toy,Bamboo,420.84,1440.09,28.5,Large,2,2328.21,0.96,0.4,2545.53
Gujarat,West,Pottery,Clay,122.98,85.19,1.7,Medium,1,269.96,0.75,0.59,286.53
Maharashtra,West,Metal Craft,Copper,58.4,165.97,4.7,Small,4,331.03,0.37,0.97,353.67
Assam,Northeast,Pottery,Clay,160.38,196.67,5.3,Small,5,475.8,0.37,0.43,484.57
Madhya Pradesh,Central,Stone Carving,Soapstone,241.43,357.57,6.2,Small,5,729.46,0.35,0.5,753.03
Kerala,South,Handloom Textile,Cotton,397.38,202.43,3.6,Small,5,996.58,0.88,0.46,1065.83
Rajasthan,West,Metal Craft,Bronze,941.71,388.62,7.2,Large,2,1730.59,0.53,0.81,1841.38
Rajasthan,West,Metal Craft,Copper,819.39,1321.43,23.6,Large,3,2676.93,0.34,0.78,2713.25
Assam,Northeast,Pottery,Clay,387.21,396.62,8.7,Medium,1,918.57,1.0,0.39,992.05
Telangana,South,Bamboo Craft,Bamboo,96.55,157.89,2.7,Small,2,389.64,0.92,0.93,425.4
Madhya Pradesh,Central,Stone Carving,Marble,418.57,894.73,20.1,Large,4,1687.03,0.59,0.55,1773.83
Maharashtra,West,Bamboo Craft,Cane,255.62,694.4,14.9,Large,4,1579.98,0.7,0.45,1576.74
Gujarat,West,Painting,Canvas,418.06,1079.09,23.0,Large,1,1828.47,0.48,0.79,1972.69
Gujarat,West,Metal Craft,Bronze,491.61,549.14,12.3,Medium,4,1492.54,0.39,0.48,1518.21
Maharashtra,West,Stone Carving,Marble,551.51,301.94,10.0,Large,1,1127.61,0.65,0.5,1121.43
Madhya Pradesh,Central,Painting,Paper,611.26,961.84,27.3,Large,3,1922.86,0.63,0.36,1997.63
Assam,Northeast,Pottery,Terracotta,192.58,381.21,6.7,Small,4,741.68,0.44,0.32,748.68
Assam,Northeast,Handloom Textile,Silk,578.77,657.09,12.1,Medium,3,1578.24,0.6,0.82,1697.03
Assam,Northeast,Metal Craft,Copper,271.86,341.61,9.5,Large,5,804.98,0.47,0.51,829.81
Kerala,South,Painting,Cloth,478.26,603.52,18.6,Large,1,1206.34,0.36,0.42,1165.87
Karnataka,South,Pottery,Terracotta,149.15,293.52,5.4,Small,1,500.22,0.31,0.75,524.36
Assam,Northeast,Bamboo Craft,Cane,602.34,69.23,2.0,Medium,1,755.51,0.92,0.62,845.63
Gujarat,West,Handloom Textile,Wool,287.67,670.98,11.2,Small,3,1570.13,0.8,0.5,1600.45
Kerala,South,Metal Craft,Brass,314.11,983.6,26.1,Large,3,1835.23,0.45,0.4,1852.08
Telangana,South,Pottery,Terracotta,686.91,458.85,8.7,Large,2,1540.86,0.83,0.52,1608.49
Karnataka,South,Jewelry,Terracotta,626.87,754.47,13.0,Medium,2,1819.64,0.51,0.85,1959.73
Gujarat,West,Pottery,Clay,387.97,179.78,5.3,Small,2,812.44,0.77,0.81,860.03
Maharashtra,West,Pottery,Clay,543.74,453.93,10.6,Large,2,1328.65,0.75,0.82,1434.38
West Bengal,East,Painting,Canvas,144.21,171.21,3.2,Small,3,452.05,0.94,0.56,517.45
Assam,Northeast,Pottery,Terracotta,830.74,422.56,7.2,Large,2,1252.24,0.56,0.54,1297.31
Maharashtra,West,Pottery,Clay,141.05,237.05,6.0,Medium,1,487.94,0.87,0.91,566.2
Madhya Pradesh,Central,Pottery,Clay,560.05,519.45,15.1,Medium,3,1388.57,0.78,0.96,1509.85
Telangana,South,Bamboo Craft,Cane,225.2,367.07,8.1,Small,2,756.28,0.38,0.52,792.02
Tamil Nadu,South,Wooden Toy,Wood,156.89,733.51,18.4,Medium,3,1360.81,0.76,0.83,1558.64
Madhya Pradesh,Central,Handloom Textile,Wool,382.85,852.16,25.1,Large,2,1481.65,0.79,0.82,1582.12
Gujarat,West,Painting,Canvas,355.57,91.67,2.9,Small,1,628.04,0.8,0.63,671.2
Kerala,South,Pottery,Terracotta,174.24,757.42,16.3,Medium,4,1313.38,0.43,0.8,1379.32
Rajasthan,West,Bamboo Craft,Bamboo,338.1,889.17,16.2,Medium,1,1720.25,0.8,0.37,1856.9
Andhra Pradesh,South,Metal Craft,Bronze,293.96,281.89,5.0,Small,3,826.98,0.81,0.38,914.98
Andhra Pradesh,South,Handloom Textile,Wool,106.43,931.94,18.5,Medium,3,1418.69,0.74,0.49,1576.71
Uttar Pradesh,North,Wooden Toy,Wood,247.03,635.26,15.2,Medium,4,1181.59,0.4,0.31,1234.82
Tamil Nadu,South,Handloom Textile,Silk,430.07,475.81,11.8,Large,5,1552.27,0.66,0.61,1644.57
Tamil Nadu,South,Wooden Toy,Bamboo,364.34,237.93,4.0,Medium,2,769.72,0.47,0.35,783.93
Gujarat,West,Jewelry,Beads,468.72,722.95,13.5,Large,2,1577.52,0.44,0.87,1635.49
Punjab,North,Painting,Canvas,210.31,199.74,3.8,Small,5,635.44,0.66,0.52,703.56
Tamil Nadu,South,Wooden Toy,Bamboo,202.34,447.89,11.1,Small,1,707.19,0.34,0.44,682.89
Karnataka,South,Jewelry,Terracotta,80.13,979.1,17.7,Medium,5,1638.81,0.82,0.42,1667.98
Punjab,North,Jewelry,Beads,728.18,1154.44,26.9,Large,4,2413.92,0.38,0.66,2427.77
Tamil Nadu,South,Bamboo Craft,Cane,267.47,296.53,8.9,Small,3,681.84,0.32,1.0,673.35
Tamil Nadu,South,Handloom Textile,Cotton,279.5,141.96,3.4,Large,3,617.53,0.86,0.54,681.9
Gujarat,West,Pottery,Terracotta,547.47,1405.12,25.1,Large,4,2756.15,0.31,0.84,2967.09
Madhya Pradesh,Central,Handloom Textile,Cotton,219.13,626.38,11.9,Small,1,909.74,0.47,0.68,977.79
Gujarat,West,Pottery,Terracotta,201.79,847.72,21.0,Large,5,1504.05,0.3,0.58,1556.47
Karnataka,South,Metal Craft,Bronze,403.36,726.43,24.2,Large,2,1348.48,0.52,0.47,1318.92
Tamil Nadu,South,Wooden Toy,Wood,277.18,662.47,17.1,Large,1,1195.62,0.59,0.56,1302.3
Kerala,South,Painting,Cloth,534.08,368.56,11.1,Large,5,1504.21,0.97,0.34,1594.08
Punjab,North,Metal Craft,Brass,259.42,240.73,4.5,Medium,2,535.48,0.39,0.74,524.82
Madhya Pradesh,Central,Metal Craft,Bronze,368.3,169.38,3.1,Small,1,609.61,0.68,0.35,616.8
Rajasthan,West,Jewelry,Beads,842.1,383.77,6.9,Large,1,1478.13,0.31,0.66,1560.3
Telangana,South,Pottery,Terracotta,589.15,906.33,16.0,Medium,5,2155.73,0.44,0.5,2160.84
Rajasthan,West,Wooden Toy,Bamboo,450.39,584.58,16.8,Large,2,1411.12,0.78,0.42,1498.04
Rajasthan,West,Bamboo Craft,Cane,328.75,449.23,9.1,Small,5,1118.04,0.41,0.68,1131.71
Uttar Pradesh,North,Pottery,Clay,467.35,133.77,3.5,Large,5,964.37,0.97,0.97,1044.12
Karnataka,South,Wooden Toy,Wood,112.68,309.7,5.3,Small,1,439.58,0.4,0.83,479.05
Maharashtra,West,Stone Carving,Soapstone,183.57,382.64,9.5,Small,2,739.03,0.74,0.43,817.07
Assam,Northeast,Wooden Toy,Bamboo,371.18,526.64,10.8,Small,3,1106.69,0.87,0.35,1159.3
Andhra Pradesh,South,Jewelry,Terracotta,435.96,272.2,7.9,Medium,3,988.03,0.72,0.87,1034.61
Assam,Northeast,Pottery,Terracotta,118.84,140.39,3.6,Small,5,377.37,0.75,0.72,402.35
Uttar Pradesh,North,Wooden Toy,Wood,338.4,141.03,3.2,Small,5,712.3,0.86,0.43,796.73
Karnataka,South,Jewelry,Silver,272.04,418.34,13.6,Medium,3,916.51,0.78,0.52,992.0
Punjab,North,Metal Craft,Copper,134.28,171.81,5.3,Small,5,398.91,0.4,0.51,420.84
Maharashtra,West,Wooden Toy,Bamboo,52.12,212.29,6.3,Small,3,349.99,0.52,0.95,391.4
Odisha,East,Metal Craft,Bronze,292.87,1020.81,22.0,Large,2,1675.26,0.92,0.69,1792.5
Maharashtra,West,Stone Carving,Soapstone,108.18,442.17,11.1,Small,5,868.61,0.56,0.83,966.79
Punjab,North,Handloom Textile,Cotton,308.27,428.84,7.6,Small,4,952.37,0.33,0.48,921.94
Karnataka,South,Handloom Textile,Wool,496.59,760.29,17.8,Medium,1,1456.17,0.54,0.97,1556.16
Rajasthan,West,Wooden Toy,Bamboo,415.39,1242.61,26.4,Large,3,2475.49,0.83,0.87,2722.29
Tamil Nadu,South,Handloom Textile,Wool,346.97,269.09,5.0,Small,4,1046.6,0.96,0.74,1207.07
Maharashtra,West,Wooden Toy,Wood,829.83,403.69,12.8,Large,3,1758.18,0.58,0.77,1912.93
Tamil Nadu,South,Wooden Toy,Wood,419.87,683.38,19.2,Large,4,1631.03,0.82,0.68,1737.59
Madhya Pradesh,Central,Stone Carving,Soapstone,748.83,550.86,15.1,Large,1,1594.17,0.98,0.8,1779.68
Odisha,East,Pottery,Clay,519.08,1194.11,26.1,Large,4,2391.2,0.8,0.48,2453.84
Tamil Nadu,South,Wooden Toy,Bamboo,293.02,74.83,2.4,Large,2,539.24,0.98,0.47,612.61
Andhra Pradesh,South,Metal Craft,Copper,388.37,222.93,4.3,Medium,4,980.57,0.72,0.81,1118.29
Madhya Pradesh,Central,Stone Carving,Soapstone,401.2,375.85,7.6,Medium,3,794.0,0.35,0.93,807.7
Andhra Pradesh,South,Pottery,Clay,335.51,317.75,7.6,Small,5,1003.75,0.63,0.9,1125.41
Tamil Nadu,South,Bamboo Craft,Bamboo,80.85,526.55,9.5,Small,4,800.02,0.43,0.6,836.04
Maharashtra,West,Stone Carving,Soapstone,237.37,287.16,8.0,Small,5,799.64,0.45,0.33,807.57
Rajasthan,West,Handloom Textile,Silk,560.44,572.72,13.3,Medium,4,2091.26,0.97,0.8,2356.69
Telangana,South,Pottery,Clay,140.62,82.85,1.6,Small,3,291.59,0.38,0.51,295.77
Assam,Northeast,Wooden Toy,Wood,416.33,186.26,4.5,Medium,2,718.03,0.73,0.98,826.46
Tamil Nadu,South,Handloom Textile,Silk,506.84,429.13,12.0,Medium,5,1570.62,0.77,0.74,1705.38
Karnataka,South,Metal Craft,Copper,235.03,214.22,4.7,Small,1,480.55,0.44,0.86,479.82
Gujarat,West,Painting,Paper,486.45,854.0,19.8,Large,5,2077.35,0.49,0.69,2258.67
Andhra Pradesh,South,Pottery,Terracotta,372.93,258.94,6.5,Small,2,858.07,0.82,0.33,893.23
Tamil Nadu,South,Wooden Toy,Wood,372.19,51.24,1.1,Small,2,532.16,0.82,0.64,607.36
Andhra Pradesh,South,Jewelry,Beads,555.13,690.03,18.6,Large,1,1377.7,0.64,0.6,1391.91
Odisha,East,Metal Craft,Brass,343.12,129.06,3.6,Small,1,472.71,0.65,0.84,513.1
Andhra Pradesh,South,Painting,Canvas,91.72,44.22,1.4,Small,3,184.83,0.88,0.38,197.01
Tamil Nadu,South,Wooden Toy,Bamboo,345.4,166.34,3.9,Small,2,617.72,0.33,0.61,627.18
Odisha,East,Jewelry,Terracotta,266.16,239.03,7.2,Medium,4,701.25,0.56,0.37,753.62
Karnataka,South,Jewelry,Terracotta,623.24,806.8,16.8,Medium,2,1984.25,0.79,0.5,2112.23
Rajasthan,West,Handloom Textile,Cotton,349.93,573.02,14.9,Medium,3,1195.44,0.52,0.95,1271.28
Maharashtra,West,Bamboo Craft,Bamboo,886.75,858.26,18.5,Large,5,2955.24,0.47,0.54,3044.36
Odisha,East,Handloom Textile,Wool,368.26,103.63,3.4,Medium,4,708.83,0.97,0.56,746.26
Gujarat,West,Painting,Canvas,289.09,534.15,11.3,Small,3,1178.64,0.39,0.71,1196.0
Gujarat,West,Bamboo Craft,Cane,357.94,461.52,8.1,Small,5,1350.96,0.74,0.39,1376.45
Andhra Pradesh,South,Wooden Toy,Bamboo,883.41,1131.57,22.5,Large,3,2846.09,0.51,0.43,2897.2
Maharashtra,West,Painting,Cloth,309.66,583.63,18.7,Large,5,1345.55,0.53,0.63,1472.61
Rajasthan,West,Jewelry,Beads,123.18,86.65,2.4,Small,1,282.67,0.84,0.6,291.17
Rajasthan,West,Handloom Textile,Cotton,99.28,512.3,9.4,Medium,1,836.77,0.92,0.36,941.49
Punjab,North,Painting,Paper,297.26,550.98,16.2,Medium,5,1510.27,0.95,0.83,1728.29
Andhra Pradesh,South,Bamboo Craft,Bamboo,177.19,432.42,11.3,Small,2,807.54,0.53,0.79,889.95
Telangana,South,Wooden Toy,Wood,292.03,1225.67,23.5,Large,4,1992.97,0.34,0.57,1962.87
Rajasthan,West,Bamboo Craft,Bamboo,394.03,417.4,8.1,Small,5,1562.03,0.98,0.56,1712.48
Rajasthan,West,Stone Carving,Marble,850.41,420.7,7.2,Large,3,1848.65,0.45,0.53,1863.67
Odisha,East,Bamboo Craft,Bamboo,420.6,491.35,9.4,Medium,5,1198.9,0.46,0.34,1202.54
Telangana,South,Bamboo Craft,Cane,108.81,205.8,4.9,Small,1,372.99,0.34,0.71,365.23
Karnataka,South,Handloom Textile,Wool,259.23,353.41,8.3,Small,1,768.65,0.79,0.59,784.28
West Bengal,East,Painting,Canvas,467.36,411.21,13.2,Medium,5,1216.82,0.56,0.99,1308.07
Andhra Pradesh,South,Bamboo Craft,Cane,884.34,1010.94,21.3,Large,2,2591.81,0.86,0.91,2884.18
Punjab,North,Stone Carving,Marble,185.12,590.61,11.6,Small,2,883.43,0.36,0.9,872.53
Odisha,East,Bamboo Craft,Bamboo,581.76,754.86,13.4,Large,3,1613.63,0.44,0.88,1608.19
Tamil Nadu,South,Stone Carving,Soapstone,936.35,615.75,15.9,Large,1,1794.24,0.63,0.9,1871.14
Rajasthan,West,Metal Craft,Copper,95.17,229.63,4.3,Small,2,413.16,0.63,0.46,422.64
Madhya Pradesh,Central,Jewelry,Terracotta,606.36,453.29,7.6,Medium,3,1362.96,0.64,0.43,1412.35
Kerala,South,Stone Carving,Marble,716.12,894.75,28.4,Large,5,2271.59,0.37,0.8,2258.56
Assam,Northeast,Bamboo Craft,Cane,102.04,106.47,2.0,Medium,3,237.14,0.39,0.63,239.69
Kerala,South,Bamboo Craft,Bamboo,142.77,700.29,23.1,Large,5,1391.68,0.83,0.93,1554.49
Gujarat,West,Wooden Toy,Wood,520.67,719.11,12.7,Large,3,2001.31,0.93,0.54,2291.01
Punjab,North,Handloom Textile,Wool,928.13,688.64,15.8,Large,1,1661.22,0.5,0.97,1781.91
Maharashtra,West,Bamboo Craft,Cane,357.34,413.06,9.8,Large,1,1083.75,1.0,0.34,1126.06
Andhra Pradesh,South,Stone Carving,Soapstone,104.08,262.82,5.8,Small,1,389.08,0.48,0.52,389.84
Assam,Northeast,Stone Carving,Soapstone,388.3,456.53,11.4,Small,3,931.28,0.7,0.94,1051.74
Andhra Pradesh,South,Handloom Textile,Wool,381.93,69.69,2.0,Small,3,624.24,0.97,0.68,676.75
Telangana,South,Pottery,Clay,207.48,447.16,8.6,Small,4,1081.77,1.0,0.5,1196.24
Maharashtra,West,Jewelry,Silver,307.16,272.89,4.6,Medium,4,991.09,0.9,0.65,1057.84
Gujarat,West,Stone Carving,Soapstone,240.33,390.91,8.6,Small,4,1055.57,0.99,0.73,1217.4
Punjab,North,Handloom Textile,Cotton,175.46,339.43,8.4,Medium,1,582.13,0.6,0.85,642.24
Punjab,North,Wooden Toy,Bamboo,251.77,260.64,4.8,Small,3,650.26,0.47,0.46,644.42
Telangana,South,Pottery,Clay,85.09,589.33,13.0,Medium,2,881.48,0.61,0.98,990.89
Gujarat,West,Bamboo Craft,Bamboo,237.14,975.09,17.4,Large,1,1520.36,0.71,0.8,1574.04
Rajasthan,West,Painting,Paper,210.27,296.86,5.3,Small,4,822.07,0.47,0.98,847.45
Uttar Pradesh,North,Bamboo Craft,Cane,171.82,643.09,10.9,Small,1,931.28,0.61,0.52,991.45
Tamil Nadu,South,Stone Carving,Marble,145.72,287.1,9.1,Small,4,574.62,0.33,0.57,565.76
Madhya Pradesh,Central,Metal Craft,Bronze,354.97,257.53,7.2,Medium,3,697.02,0.52,0.98,739.69
Andhra Pradesh,South,Pottery,Clay,402.87,703.99,18.9,Medium,5,1864.0,0.78,0.8,1948.61
West Bengal,East,Painting,Canvas,286.91,81.4,1.7,Small,3,520.17,0.82,0.45,528.48
Karnataka,South,Jewelry,Silver,552.54,354.32,9.7,Medium,5,1232.94,0.39,0.97,1248.0
Maharashtra,West,Handloom Textile,Cotton,171.74,361.48,7.8,Small,2,642.78,0.39,0.5,628.06
Kerala,South,Metal Craft,Brass,310.24,511.33,14.0,Medium,1,1055.17,0.56,0.57,1150.94
Telangana,South,Jewelry,Beads,528.08,189.04,5.9,Medium,3,969.58,0.52,0.49,1025.69
Tamil Nadu,South,Jewelry,Silver,560.66,673.04,16.5,Medium,4,1752.63,0.78,0.52,1915.45
Rajasthan,West,Bamboo Craft,Cane,53.44,219.35,5.5,Small,3,400.05,0.79,0.84,454.23
Maharashtra,West,Painting,Cloth,152.87,305.68,5.9,Small,3,661.96,0.79,0.99,748.6
Odisha,East,Wooden Toy,Wood,632.13,922.78,26.6,Large,1,1705.63,0.83,0.7,1859.05
Tamil Nadu,South,Stone Carving,Soapstone,400.37,1003.06,17.7,Large,2,1861.5,0.7,0.74,1906.53
West Bengal,East,Wooden Toy,Bamboo,315.6,605.33,15.4,Large,4,1132.57,0.43,0.65,1132.3
West Bengal,East,Painting,Paper,212.39,144.58,2.5,Small,4,479.07,0.91,0.8,549.56
Telangana,South,Pottery,Terracotta,798.68,758.61,22.7,Large,1,1959.99,0.75,0.88,2181.43
West Bengal,East,Bamboo Craft,Bamboo,336.68,338.24,10.9,Medium,2,807.85,0.75,0.36,830.57
Kerala,South,Handloom Textile,Cotton,240.9,126.87,2.5,Small,1,434.14,0.86,0.41,447.93
Gujarat,West,Pottery,Terracotta,356.99,299.32,6.8,Small,2,885.7,0.37,0.75,939.92
Assam,Northeast,Metal Craft,Copper,645.89,146.84,4.4,Large,1,696.44,0.33,0.48,676.65
Tamil Nadu,South,Jewelry,Terracotta,295.63,879.27,18.2,Medium,5,1843.35,0.88,0.8,2096.84
Rajasthan,West,Metal Craft,Bronze,234.06,514.93,12.8,Medium,1,994.43,1.0,0.48,1144.55
Punjab,North,Jewelry,Silver,93.8,719.46,13.9,Medium,2,1173.75,0.89,0.98,1260.68
Kerala,South,Pottery,Clay,810.35,963.7,19.5,Large,1,2171.95,0.39,0.76,2333.84
Punjab,North,Metal Craft,Bronze,325.91,94.0,2.3,Medium,4,631.46,0.88,0.79,666.59
Telangana,South,Jewelry,Terracotta,319.06,572.78,9.9,Medium,5,1467.17,0.75,0.52,1489.96
Odisha,East,Painting,Canvas,390.4,221.68,5.0,Small,3,777.58,0.55,0.78,839.96
Gujarat,West,Bamboo Craft,Cane,143.85,151.91,4.5,Small,4,486.7,0.76,0.33,531.56
Rajasthan,West,Handloom Textile,Cotton,868.3,626.04,14.3,Large,4,2282.51,0.35,0.77,2272.31
Telangana,South,Stone Carving,Marble,315.93,923.54,16.4,Medium,3,1553.5,0.47,0.69,1540.51
Telangana,South,Metal Craft,Copper,885.34,1272.51,24.1,Large,1,2348.6,0.33,0.89,2378.21
Assam,Northeast,Handloom Textile,Cotton,386.03,168.64,3.2,Medium,4,680.45,0.71,0.43,691.16
Punjab,North,Stone Carving,Soapstone,167.88,988.27,17.9,Large,4,1515.49,0.31,0.33,1539.62
Odisha,East,Pottery,Clay,262.97,373.55,7.8,Medium,2,750.12,0.49,0.32,766.87
Assam,Northeast,Jewelry,Terracotta,405.22,738.78,14.7,Medium,5,1367.81,0.44,0.55,1339.53
Assam,Northeast,Stone Carving,Marble,688.0,1477.94,25.1,Large,2,2293.94,0.74,0.43,2503.62
Tamil Nadu,South,Metal Craft,Bronze,606.16,999.4,18.7,Large,4,2284.71,0.79,0.88,2584.87
Kerala,South,Wooden Toy,Wood,347.8,201.78,4.1,Small,2,629.62,0.52,0.97,677.39
Assam,Northeast,Wooden Toy,Wood,108.28,310.44,8.8,Small,4,549.54,0.46,0.65,549.09
Karnataka,South,Stone Carving,Marble,160.77,675.28,15.0,Medium,3,1298.95,0.94,0.4,1367.58
Assam,Northeast,Painting,Paper,167.79,650.22,13.6,Medium,1,879.4,0.83,0.52,937.91
Uttar Pradesh,North,Wooden Toy,Wood,631.09,260.26,6.7,Medium,4,1177.66,0.55,0.7,1290.68
Odisha,East,Painting,Canvas,228.78,576.01,17.4,Medium,5,1119.89,0.76,0.93,1295.69
West Bengal,East,Stone Carving,Soapstone,208.51,573.47,11.4,Small,3,917.17,0.51,0.43,895.35
Madhya Pradesh,Central,Pottery,Terracotta,100.35,93.91,2.2,Small,4,245.04,0.86,0.4,266.65
Karnataka,South,Bamboo Craft,Bamboo,119.01,73.51,2.1,Small,2,264.09,0.95,0.88,302.73
Uttar Pradesh,North,Handloom Textile,Silk,571.31,1024.75,20.3,Large,4,2126.86,0.74,0.49,2245.94
West Bengal,East,Wooden Toy,Wood,578.95,637.67,11.6,Medium,2,1626.17,0.99,0.41,1809.68
Uttar Pradesh,North,Bamboo Craft,Bamboo,392.98,597.08,11.8,Small,3,1161.37,0.47,0.86,1255.9
Odisha,East,Metal Craft,Bronze,884.56,611.49,12.5,Large,3,1802.04,0.6,0.61,1944.5
Gujarat,West,Jewelry,Beads,604.26,641.43,18.2,Medium,3,1865.54,0.91,0.82,1985.07
Andhra Pradesh,South,Painting,Cloth,345.12,1298.38,26.5,Large,5,2840.58,0.8,0.48,2883.91
Assam,Northeast,Jewelry,Terracotta,181.36,271.62,7.9,Small,1,512.72,0.88,0.46,548.08
West Bengal,East,Stone Carving,Soapstone,413.78,106.78,3.5,Medium,1,651.14,0.94,0.49,749.0
Maharashtra,West,Pottery,Terracotta,198.4,314.28,6.3,Medium,3,820.59,0.98,0.94,962.96
Assam,Northeast,Metal Craft,Copper,234.03,1661.84,28.2,Large,3,1964.13,0.41,0.51,1938.95
Andhra Pradesh,South,Bamboo Craft,Bamboo,335.58,169.79,5.2,Small,5,800.36,0.54,0.99,849.93
Gujarat,West,Stone Carving,Marble,259.89,1551.36,28.4,Large,1,2011.09,0.5,0.35,1953.66
Uttar Pradesh,North,Painting,Cloth,405.23,803.75,17.9,Medium,4,1909.95,0.89,0.61,2142.48
Gujarat,West,Jewelry,Terracotta,110.89,245.6,5.0,Small,5,549.84,0.35,0.55,582.56
Madhya Pradesh,Central,Handloom Textile,Silk,518.61,1026.79,23.9,Large,2,1960.93,0.86,0.72,2135.17
Uttar Pradesh,North,Painting,Paper,418.41,540.02,12.7,Medium,5,1230.21,0.4,0.37,1278.41
Telangana,South,Bamboo Craft,Bamboo,212.43,276.03,5.3,Medium,1,532.13,0.52,0.65,580.95
Maharashtra,West,Bamboo Craft,Cane,835.33,1063.52,25.2,Large,5,3015.01,0.83,0.4,3051.67
Punjab,North,Bamboo Craft,Cane,612.75,655.78,14.4,Large,1,1377.57,0.31,0.6,1374.24
Andhra Pradesh,South,Stone Carving,Marble,735.06,467.79,8.6,Large,3,1626.29,0.71,0.45,1736.11
Gujarat,West,Stone Carving,Soapstone,544.77,335.97,8.9,Medium,5,1559.5,0.91,0.77,1731.19
Telangana,South,Painting,Canvas,194.38,513.6,12.6,Medium,1,934.14,1.0,0.64,1048.19
Assam,Northeast,Pottery,Terracotta,370.86,426.63,9.8,Small,5,1132.41,0.8,0.71,1192.61
Tamil Nadu,South,Jewelry,Terracotta,339.8,338.93,5.9,Medium,4,988.82,0.53,0.97,1071.29
Karnataka,South,Bamboo Craft,Bamboo,240.03,99.06,2.4,Small,3,434.0,0.37,0.74,457.81
Gujarat,West,Painting,Canvas,203.46,189.85,4.5,Medium,2,572.4,0.95,0.8,642.53
Punjab,North,Pottery,Terracotta,127.16,944.85,18.9,Medium,2,1181.5,0.5,0.71,1292.94
Rajasthan,West,Wooden Toy,Wood,177.88,485.73,13.0,Medium,3,1047.06,0.8,0.84,1166.19
Andhra Pradesh,South,Bamboo Craft,Bamboo,579.78,119.78,3.0,Medium,1,785.97,0.47,0.99,854.24
Kerala,South,Jewelry,Terracotta,463.45,197.0,5.3,Medium,4,900.07,0.5,0.59,881.31
Gujarat,West,Painting,Cloth,357.79,466.87,11.6,Small,1,1046.27,0.54,0.3,1098.68
West Bengal,East,Handloom Textile,Wool,162.1,236.29,4.4,Medium,1,455.06,0.73,0.33,466.21
Rajasthan,West,Handloom Textile,Cotton,429.73,1233.25,22.7,Large,1,2026.12,0.58,0.96,2242.6
Uttar Pradesh,North,Handloom Textile,Cotton,526.46,1493.78,26.1,Large,3,2634.13,0.36,0.96,2826.23
Telangana,South,Bamboo Craft,Bamboo,192.51,876.96,15.8,Medium,5,1494.1,0.5,0.97,1529.33
Odisha,East,Metal Craft,Brass,238.15,360.29,7.3,Small,1,541.35,0.31,0.97,537.91
Telangana,South,Metal Craft,Copper,131.77,1008.64,17.4,Large,5,1703.03,0.77,0.88,1879.96
Odisha,East,Stone Carving,Soapstone,506.03,501.8,15.6,Large,2,1293.41,0.78,0.65,1395.8
Rajasthan,West,Painting,Cloth,102.28,284.89,8.1,Small,2,529.52,0.91,0.73,615.85
Punjab,North,Jewelry,Silver,231.43,87.85,1.8,Small,2,400.88,0.48,0.86,443.13
Madhya Pradesh,Central,Bamboo Craft,Bamboo,541.57,757.5,14.4,Large,1,1259.49,0.39,0.68,1231.22
Odisha,East,Bamboo Craft,Bamboo,314.07,924.36,16.6,Medium,1,1192.47,0.37,0.36,1232.68
Gujarat,West,Metal Craft,Bronze,228.28,706.95,21.4,Large,1,1278.67,0.74,0.55,1324.29
Odisha,East,Wooden Toy,Wood,656.93,442.12,8.6,Large,1,1375.76,0.91,0.39,1498.61
Karnataka,South,Pottery,Terracotta,151.18,316.91,9.1,Medium,4,672.96,0.79,0.83,739.28
Tamil Nadu,South,Metal Craft,Copper,804.29,1230.49,27.1,Large,2,2827.41,0.97,0.67,3262.11
Andhra Pradesh,South,Wooden Toy,Bamboo,356.07,442.62,9.9,Medium,1,1008.72,0.89,0.88,1107.52
Uttar Pradesh,North,Metal Craft,Bronze,533.22,650.13,17.5,Large,2,1504.82,0.86,0.64,1574.57
Gujarat,West,Pottery,Clay,213.75,716.5,18.3,Medium,1,1061.87,0.42,0.62,1031.52
Punjab,North,Pottery,Terracotta,163.1,325.86,7.0,Small,5,785.75,0.55,0.61,807.8
Andhra Pradesh,South,Metal Craft,Bronze,140.38,161.81,3.7,Small,3,461.76,0.83,0.44,468.94
Madhya Pradesh,Central,Jewelry,Beads,196.63,381.54,9.5,Small,1,632.71,0.69,0.44,631.91
West Bengal,East,Painting,Canvas,836.14,427.36,7.6,Large,4,1607.1,0.55,0.81,1774.88
Rajasthan,West,Handloom Textile,Cotton,94.32,134.37,3.0,Small,1,288.76,0.36,0.44,303.12
Tamil Nadu,South,Painting,Canvas,181.69,519.06,11.2,Small,5,1100.05,0.49,0.79,1212.45
Tamil Nadu,South,Pottery,Terracotta,342.64,634.37,20.1,Large,2,1291.84,0.38,0.3,1321.0
Maharashtra,West,Metal Craft,Copper,520.56,413.42,10.6,Medium,1,1077.49,0.41,0.5,1119.49
Tamil Nadu,South,Bamboo Craft,Bamboo,382.21,91.62,3.0,Medium,3,663.2,0.37,0.59,681.22
Punjab,North,Stone Carving,Soapstone,793.53,600.49,14.7,Large,1,1564.26,0.38,0.91,1568.23
Tamil Nadu,South,Wooden Toy,Wood,229.29,312.02,6.4,Small,2,771.58,0.96,0.71,818.16
Rajasthan,West,Stone Carving,Soapstone,172.84,226.11,7.3,Large,3,570.09,0.82,0.81,650.21
Madhya Pradesh,Central,Pottery,Terracotta,166.68,258.54,6.9,Medium,2,462.51,0.56,0.48,472.83
Tamil Nadu,South,Jewelry,Beads,632.48,89.09,2.6,Medium,3,846.2,0.34,0.74,893.94
Assam,Northeast,Jewelry,Terracotta,366.69,510.64,10.9,Medium,4,1018.38,0.42,0.44,1036.66
Uttar Pradesh,North,Bamboo Craft,Bamboo,123.54,135.94,2.3,Small,1,286.25,0.32,0.86,287.31
Assam,Northeast,Bamboo Craft,Bamboo,155.95,213.88,4.2,Medium,5,562.24,0.75,0.85,627.31
Maharashtra,West,Painting,Canvas,250.92,486.34,8.8,Large,4,1135.18,0.45,0.35,1129.04
Punjab,North,Stone Carving,Marble,892.83,641.17,19.6,Large,2,2002.51,0.96,0.48,2167.71
Maharashtra,West,Painting,Canvas,108.69,347.11,10.3,Medium,4,737.54,0.58,0.55,793.1
Karnataka,South,Pottery,Terracotta,248.87,498.53,12.1,Large,3,1016.43,0.41,0.86,1022.24
Karnataka,South,Handloom Textile,Wool,285.36,170.96,3.5,Medium,5,709.38,0.38,0.99,733.28
West Bengal,East,Pottery,Terracotta,605.99,1235.51,26.5,Large,2,2168.47,0.42,0.57,2242.48
Maharashtra,West,Stone Carving,Soapstone,277.75,596.6,10.5,Small,5,1588.89,0.94,0.37,1762.39
Odisha,East,Wooden Toy,Wood,755.82,644.07,18.4,Large,2,1608.71,0.86,0.8,1772.77
West Bengal,East,Painting,Cloth,110.89,143.55,4.7,Small,1,278.79,0.58,0.68,298.5
Punjab,North,Painting,Cloth,342.7,114.29,3.4,Small,3,710.13,0.9,0.41,794.16
Telangana,South,Wooden Toy,Wood,540.74,931.67,28.3,Large,4,2059.06,0.51,0.75,2255.09
Gujarat,West,Handloom Textile,Cotton,116.75,539.3,11.3,Medium,4,1032.52,0.76,0.48,1138.34
Punjab,North,Painting,Canvas,189.17,759.45,16.2,Medium,4,1340.07,0.83,0.8,1487.06
Rajasthan,West,Pottery,Terracotta,848.89,814.17,13.8,Large,1,2042.09,0.62,0.4,2216.24
Tamil Nadu,South,Jewelry,Beads,161.9,592.59,10.5,Small,5,1219.4,0.55,0.36,1219.97
West Bengal,East,Wooden Toy,Wood,777.66,628.27,14.1,Large,5,2109.47,0.84,0.57,2254.84
Uttar Pradesh,North,Metal Craft,Bronze,428.57,884.5,16.3,Large,2,1637.38,0.55,0.67,1671.49
Uttar Pradesh,North,Painting,Cloth,235.41,930.71,18.0,Medium,1,1237.26,0.7,0.75,1349.25
Assam,Northeast,Handloom Textile,Silk,365.32,456.77,11.2,Medium,5,1122.43,0.36,0.44,1109.94
Punjab,North,Painting,Paper,512.01,118.28,3.8,Large,3,876.62,0.8,0.68,926.23
Madhya Pradesh,Central,Painting,Canvas,310.66,103.52,2.9,Small,2,436.98,0.62,0.5,463.07
Karnataka,South,Stone Carving,Soapstone,666.82,1029.26,24.2,Large,3,2379.28,0.35,0.49,2406.59
West Bengal,East,Stone Carving,Marble,298.41,50.1,1.1,Small,2,405.14,0.33,0.7,431.82
Maharashtra,West,Bamboo Craft,Cane,239.19,350.1,6.0,Small,3,887.13,0.77,0.35,908.72
Odisha,East,Handloom Textile,Cotton,214.43,284.79,6.0,Small,4,658.09,0.55,0.41,698.62
Andhra Pradesh,South,Painting,Canvas,677.77,656.14,11.3,Large,3,1839.52,0.94,0.45,2053.75
Tamil Nadu,South,Jewelry,Silver,815.19,1587.46,28.0,Large,5,3551.24,0.72,0.67,3707.66
Tamil Nadu,South,Painting,Cloth,506.08,887.63,19.0,Large,5,2353.15,0.82,0.5,2416.03
West Bengal,East,Bamboo Craft,Cane,194.78,472.46,9.3,Small,5,1051.27,0.99,0.49,1134.68
Madhya Pradesh,Central,Wooden Toy,Bamboo,490.11,1263.16,25.0,Large,4,2587.89,0.92,0.44,2673.59
West Bengal,East,Bamboo Craft,Bamboo,866.42,437.76,11.1,Large,2,1409.8,0.66,0.96,1509.85
Tamil Nadu,South,Jewelry,Terracotta,839.52,464.07,12.9,Large,5,2211.01,0.6,0.57,2378.18
Rajasthan,West,Jewelry,Beads,544.3,1252.81,28.5,Large,2,2218.85,0.34,0.48,2134.59
Telangana,South,Jewelry,Beads,610.64,574.53,15.1,Medium,4,1954.91,0.71,0.81,2204.91
Punjab,North,Bamboo Craft,Bamboo,368.51,712.34,15.2,Medium,5,1540.26,0.69,0.38,1613.27
Madhya Pradesh,Central,Metal Craft,Bronze,345.84,155.06,3.0,Large,3,550.97,0.32,0.72,587.3
Madhya Pradesh,Central,Handloom Textile,Cotton,219.47,79.14,1.7,Small,5,428.92,0.89,1.0,474.64
Madhya Pradesh,Central,Metal Craft,Bronze,587.73,242.31,5.0,Medium,2,883.36,0.58,0.33,881.08
Madhya Pradesh,Central,Bamboo Craft,Cane,696.32,1042.33,27.4,Large,1,1921.4,0.87,0.34,1957.55
Punjab,North,Stone Carving,Soapstone,904.59,1124.09,22.6,Large,5,3565.22,0.88,0.75,4030.37
Uttar Pradesh,North,Jewelry,Terracotta,896.71,539.54,16.1,Large,5,2230.31,0.67,0.39,2319.37
Telangana,South,Jewelry,Silver,642.96,96.78,2.7,Large,1,870.85,0.64,0.97,937.96
Karnataka,South,Jewelry,Silver,300.14,296.16,7.6,Small,1,770.89,0.59,0.45,766.01
Andhra Pradesh,South,Metal Craft,Brass,288.23,76.97,2.1,Medium,3,496.3,0.85,0.44,531.38
Kerala,South,Wooden Toy,Bamboo,53.49,103.03,1.9,Small,5,280.13,0.84,0.94,318.54
Karnataka,South,Stone Carving,Soapstone,68.32,531.51,9.6,Small,5,959.43,0.86,0.66,1088.69
Assam,Northeast,Handloom Textile,Wool,730.82,981.18,28.3,Large,5,2340.22,0.46,0.45,2295.0
Gujarat,West,Handloom Textile,Wool,175.99,885.44,28.8,Large,3,1763.04,0.88,0.56,1930.54
Madhya Pradesh,Central,Wooden Toy,Bamboo,584.91,541.89,17.9,Medium,4,1369.78,0.35,0.48,1427.33
Punjab,North,Stone Carving,Marble,210.98,274.54,7.7,Small,3,654.62,0.86,0.98,733.97
Andhra Pradesh,South,Painting,Canvas,192.34,775.44,17.2,Large,3,1222.56,0.4,0.61,1248.11
Punjab,North,Handloom Textile,Wool,254.98,58.11,1.1,Small,3,397.71,0.8,0.56,439.75
Maharashtra,West,Bamboo Craft,Bamboo,384.31,142.94,3.6,Small,2,632.27,0.43,0.7,641.48
Madhya Pradesh,Central,Pottery,Terracotta,293.95,299.48,7.2,Small,4,678.44,0.59,0.69,683.14
Telangana,South,Metal Craft,Brass,358.44,97.29,1.9,Small,5,764.59,0.94,0.49,840.94
Assam,Northeast,Metal Craft,Brass,573.76,949.8,18.2,Medium,4,1768.84,0.36,0.77,1807.62
Madhya Pradesh,Central,Bamboo Craft,Bamboo,67.2,166.52,3.1,Small,3,272.09,0.62,0.51,294.95
Odisha,East,Wooden Toy,Bamboo,499.44,214.56,6.4,Medium,5,996.74,0.48,0.94,1058.24
West Bengal,East,Stone Carving,Marble,620.97,655.98,12.1,Large,3,1511.85,0.67,0.38,1580.13
West Bengal,East,Handloom Textile,Cotton,906.72,588.91,10.5,Large,1,1562.79,0.83,0.47,1605.46
Punjab,North,Bamboo Craft,Cane,731.93,316.76,7.7,Large,5,1474.31,0.65,0.81,1567.58
Gujarat,West,Pottery,Terracotta,219.78,376.4,6.9,Small,2,791.04,0.42,0.87,829.74
Uttar Pradesh,North,Stone Carving,Soapstone,471.74,303.95,8.9,Medium,3,1096.93,0.77,0.67,1165.18
Andhra Pradesh,South,Painting,Paper,881.77,582.86,17.9,Large,1,1846.76,0.61,0.83,1973.82
Tamil Nadu,South,Stone Carving,Soapstone,363.16,165.04,3.9,Small,5,938.34,0.93,0.93,1099.85
Odisha,East,Handloom Textile,Cotton,194.57,998.39,25.2,Large,3,1394.13,0.42,0.47,1370.84
Gujarat,West,Pottery,Terracotta,259.52,155.54,4.0,Medium,5,681.9,0.7,0.61,745.46
Madhya Pradesh,Central,Metal Craft,Brass,870.55,895.1,22.4,Large,3,2061.9,0.82,0.41,2162.52
West Bengal,East,Painting,Cloth,332.7,118.02,3.7,Small,3,543.91,0.39,0.9,550.87
Uttar Pradesh,North,Handloom Textile,Silk,586.45,809.51,16.3,Large,1,1466.21,0.46,0.91,1574.99
Tamil Nadu,South,Bamboo Craft,Bamboo,133.54,494.73,12.2,Large,1,806.97,0.68,0.35,813.86
Andhra Pradesh,South,Handloom Textile,Wool,459.14,735.64,15.7,Medium,1,1468.02,0.82,0.76,1663.1
Andhra Pradesh,South,Jewelry,Terracotta,153.15,382.24,7.3,Small,2,677.46,0.57,0.51,726.21
Karnataka,South,Painting,Paper,600.76,558.25,11.2,Medium,1,1429.65,0.93,0.37,1578.29
Tamil Nadu,South,Pottery,Clay,338.31,441.51,10.4,Small,3,953.73,0.36,0.61,943.83
West Bengal,East,Pottery,Clay,512.47,159.0,2.9,Medium,4,826.87,0.6,0.72,860.12
Gujarat,West,Painting,Paper,130.23,1003.03,18.5,Medium,4,1908.17,0.62,0.46,1951.61
Rajasthan,West,Wooden Toy,Bamboo,255.23,1008.82,17.3,Large,1,1566.09,0.3,0.47,1498.52
West Bengal,East,Wooden Toy,Wood,215.12,977.47,17.5,Large,5,1768.4,0.63,1.0,1834.03
Karnataka,South,Pottery,Terracotta,953.98,509.81,13.2,Large,1,1645.78,0.69,0.51,1643.48
Telangana,South,Metal Craft,Bronze,207.35,481.13,10.2,Small,3,1012.41,1.0,0.5,1074.82
Punjab,North,Painting,Cloth,171.88,354.98,6.6,Medium,1,618.97,0.93,0.98,730.0
Maharashtra,West,Bamboo Craft,Bamboo,164.89,123.42,2.2,Small,4,458.32,0.75,0.42,473.22
Punjab,North,Metal Craft,Bronze,307.88,358.07,6.0,Small,3,809.95,0.34,0.55,813.79
Uttar Pradesh,North,Stone Carving,Marble,385.39,1220.46,21.7,Large,5,2820.71,0.96,0.86,3196.98
Kerala,South,Pottery,Clay,339.06,180.4,4.3,Small,5,765.7,0.52,0.63,834.79
Odisha,East,Jewelry,Terracotta,382.79,229.02,5.0,Large,1,578.82,0.34,0.38,571.3
Telangana,South,Handloom Textile,Wool,483.93,1226.33,23.5,Large,3,2279.65,0.6,0.53,2447.29
Andhra Pradesh,South,Jewelry,Terracotta,163.74,145.44,2.7,Large,2,380.71,0.63,0.39,412.64
Kerala,South,Bamboo Craft,Bamboo,841.98,938.25,21.1,Large,3,2721.64,0.66,0.98,2875.69
Andhra Pradesh,South,Pottery,Clay,801.33,276.69,7.6,Large,5,1920.21,0.77,0.58,1970.13
Assam,Northeast,Wooden Toy,Bamboo,549.68,1519.48,26.6,Large,5,2700.35,0.41,0.56,2643.31
Tamil Nadu,South,Metal Craft,Bronze,388.81,388.59,11.1,Small,3,1086.76,0.38,0.36,1046.06
Tamil Nadu,South,Handloom Textile,Wool,469.68,681.18,14.2,Large,4,1711.16,0.35,0.46,1783.89
Rajasthan,West,Stone Carving,Marble,776.28,115.45,2.9,Large,2,1345.42,0.74,0.49,1448.07
Tamil Nadu,South,Metal Craft,Bronze,75.17,646.06,11.0,Small,2,830.74,0.35,0.67,833.97
Rajasthan,West,Painting,Cloth,180.6,693.12,11.8,Medium,5,1491.96,0.65,0.36,1519.64
Uttar Pradesh,North,Metal Craft,Bronze,838.98,497.41,13.9,Large,2,1489.79,0.43,0.84,1596.61
Odisha,East,Stone Carving,Soapstone,195.3,320.94,7.3,Medium,2,623.81,0.96,0.95,697.36
Karnataka,South,Stone Carving,Marble,102.29,289.2,6.6,Small,4,617.01,0.93,0.95,696.85
Telangana,South,Stone Carving,Marble,872.84,713.6,23.7,Large,3,2032.21,0.52,0.6,2038.08
Maharashtra,West,Painting,Cloth,101.16,488.59,12.9,Medium,3,837.26,0.34,0.46,866.41
Maharashtra,West,Pottery,Clay,525.78,795.1,13.4,Large,5,1995.86,0.44,0.45,1948.32
Tamil Nadu,South,Metal Craft,Brass,438.67,1279.36,26.4,Large,2,2013.69,0.59,0.95,2099.82
Telangana,South,Pottery,Clay,248.06,243.26,7.8,Small,5,796.9,0.58,0.75,855.66
Uttar Pradesh,North,Wooden Toy,Bamboo,389.27,209.79,4.9,Large,2,687.62,0.39,0.96,704.6
Karnataka,South,Metal Craft,Bronze,763.7,609.17,15.5,Large,4,2250.83,0.87,0.91,2392.74
Uttar Pradesh,North,Bamboo Craft,Cane,397.14,511.43,15.0,Medium,2,971.72,0.46,0.92,1051.06
Punjab,North,Metal Craft,Brass,345.31,287.02,9.5,Medium,5,1025.41,0.87,0.55,1135.01
West Bengal,East,Pottery,Terracotta,473.47,845.3,18.4,Medium,5,1915.4,0.58,0.97,2016.89
Karnataka,South,Handloom Textile,Wool,226.23,1005.29,24.6,Large,2,1559.21,0.76,0.63,1696.1
Punjab,North,Bamboo Craft,Cane,71.24,255.19,5.5,Small,2,425.94,0.61,0.82,468.4
Odisha,East,Bamboo Craft,Cane,101.74,230.49,5.0,Medium,1,418.33,0.95,0.88,461.69
Andhra Pradesh,South,Painting,Canvas,200.31,215.27,6.2,Small,3,503.22,0.32,0.96,505.82
Rajasthan,West,Handloom Textile,Cotton,190.04,1274.85,26.9,Large,2,2005.91,0.77,0.94,2243.51
West Bengal,East,Stone Carving,Soapstone,101.73,269.19,4.9,Medium,4,516.13,0.84,0.55,560.25
Karnataka,South,Wooden Toy,Bamboo,50.08,134.11,3.7,Small,5,268.1,0.48,0.86,272.54
Uttar Pradesh,North,Metal Craft,Bronze,362.39,625.64,16.8,Medium,5,1441.18,0.35,0.55,1457.63
West Bengal,East,Bamboo Craft,Cane,806.11,1489.7,27.7,Large,4,2891.46,0.72,0.65,3259.33
Rajasthan,West,Pottery,Terracotta,294.75,215.01,4.3,Medium,2,678.7,0.5,0.71,703.23
West Bengal,East,Jewelry,Beads,548.23,273.79,6.3,Medium,4,1183.22,0.68,0.76,1257.1
Punjab,North,Painting,Paper,276.12,156.54,2.7,Small,5,583.57,0.57,0.81,599.83
Kerala,South,Painting,Canvas,220.48,490.25,10.7,Small,1,926.85,0.95,0.64,983.66
West Bengal,East,Metal Craft,Brass,330.93,210.86,3.7,Small,2,692.56,0.94,0.96,799.48
Kerala,South,Stone Carving,Marble,773.95,283.37,5.9,Large,2,1171.48,0.32,0.65,1142.13
Gujarat,West,Stone Carving,Marble,284.43,448.0,9.2,Medium,4,990.5,0.35,0.65,1012.3
Maharashtra,West,Handloom Textile,Wool,273.09,370.26,7.1,Small,4,963.27,0.53,0.84,1017.04
Karnataka,South,Handloom Textile,Cotton,276.84,59.54,1.2,Small,5,504.57,0.73,0.52,512.36
Odisha,East,Bamboo Craft,Bamboo,895.51,696.55,20.6,Large,5,2375.22,0.55,0.71,2371.93
Karnataka,South,Bamboo Craft,Bamboo,132.82,326.97,10.8,Small,3,619.95,0.44,0.97,636.7
Kerala,South,Jewelry,Terracotta,176.27,115.76,3.1,Large,1,394.52,0.92,0.59,452.39
Madhya Pradesh,Central,Metal Craft,Brass,192.81,141.09,3.1,Small,4,424.23,0.94,0.86,486.74
Odisha,East,Painting,Cloth,250.16,370.42,11.0,Small,2,723.46,0.67,0.92,784.49
Assam,Northeast,Jewelry,Terracotta,74.66,162.91,4.1,Small,5,349.43,0.96,0.5,389.92
Assam,Northeast,Bamboo Craft,Cane,106.76,333.8,6.4,Small,3,584.73,0.91,0.74,622.42
Maharashtra,West,Pottery,Clay,609.63,207.64,3.9,Medium,4,1276.85,0.49,0.95,1390.73
Kerala,South,Pottery,Clay,126.67,286.35,5.9,Small,5,753.41,0.84,0.37,836.82
Assam,Northeast,Jewelry,Silver,347.09,1097.75,24.1,Large,1,1505.66,0.62,0.52,1612.42
Kerala,South,Painting,Paper,465.18,968.61,19.0,Large,1,1925.54,0.8,0.34,2026.97
Punjab,North,Pottery,Clay,226.95,262.49,5.9,Medium,2,683.76,0.92,0.56,716.19
Odisha,East,Wooden Toy,Bamboo,519.89,1519.04,28.6,Large,4,2477.78,0.45,0.65,2526.17
Rajasthan,West,Wooden Toy,Bamboo,323.03,350.01,9.5,Small,4,1116.13,0.95,0.71,1242.03
Punjab,North,Jewelry,Beads,628.26,766.98,17.2,Large,5,2243.65,0.65,0.42,2346.91
Tamil Nadu,South,Jewelry,Silver,153.4,875.4,15.1,Medium,4,1554.89,0.96,0.56,1715.29
Punjab,North,Handloom Textile,Cotton,143.06,639.13,18.0,Medium,5,1106.63,0.48,0.58,1174.12
West Bengal,East,Jewelry,Beads,209.71,110.25,2.9,Small,1,357.89,0.66,0.4,375.27
Madhya Pradesh,Central,Wooden Toy,Wood,720.35,1560.4,27.2,Large,1,2380.82,0.96,0.47,2547.24
Gujarat,West,Handloom Textile,Wool,581.25,1043.08,18.7,Medium,4,2324.5,0.38,0.96,2298.08
Rajasthan,West,Pottery,Clay,327.74,111.16,2.4,Medium,5,725.95,0.54,0.63,786.28
Telangana,South,Metal Craft,Bronze,450.66,502.16,9.2,Medium,5,1644.79,0.93,0.38,1736.32
Rajasthan,West,Metal Craft,Bronze,106.35,748.83,13.4,Medium,2,1164.75,0.41,0.87,1266.53
Gujarat,West,Painting,Canvas,228.56,693.35,17.5,Medium,5,1420.76,0.69,0.34,1513.58
West Bengal,East,Painting,Cloth,328.91,217.85,6.1,Medium,5,861.67,0.77,0.3,863.45
Rajasthan,West,Jewelry,Terracotta,117.02,231.64,5.2,Small,1,466.78,0.55,0.52,490.14
Madhya Pradesh,Central,Handloom Textile,Silk,139.68,776.25,13.8,Large,2,1032.79,0.51,0.37,1061.11
Tamil Nadu,South,Handloom Textile,Wool,399.38,85.54,2.5,Medium,3,696.36,0.74,0.45,740.05
Punjab,North,Wooden Toy,Wood,238.76,1011.51,18.3,Medium,1,1387.94,0.81,0.35,1469.79
Punjab,North,Pottery,Clay,170.0,653.41,18.8,Medium,5,1279.33,0.64,0.55,1290.69
Gujarat,West,Pottery,Clay,320.98,362.45,6.4,Medium,2,905.68,0.33,0.94,916.15
Rajasthan,West,Pottery,Clay,783.0,188.82,3.2,Large,4,1492.31,0.67,0.51,1496.83
Gujarat,West,Metal Craft,Bronze,951.05,168.8,3.4,Large,1,1333.01,0.61,0.96,1444.95
Punjab,North,Bamboo Craft,Cane,350.12,448.56,14.0,Medium,1,904.71,0.44,0.45,884.77
Andhra Pradesh,South,Metal Craft,Brass,250.72,189.89,3.4,Small,5,740.34,0.96,0.66,798.14
West Bengal,East,Handloom Textile,Wool,67.42,198.51,4.0,Small,1,286.29,0.67,0.96,318.5
Rajasthan,West,Handloom Textile,Wool,221.26,251.02,6.6,Small,2,664.97,0.62,0.63,734.23
Tamil Nadu,South,Metal Craft,Copper,264.42,103.24,2.3,Medium,4,582.43,0.68,0.42,640.89
Gujarat,West,Handloom Textile,Wool,381.02,180.03,3.2,Small,1,742.49,0.79,0.62,831.86
Tamil Nadu,South,Metal Craft,Bronze,523.31,551.01,12.3,Large,5,1873.01,0.71,0.43,2006.03
Rajasthan,West,Stone Carving,Soapstone,271.64,101.06,2.1,Small,5,579.17,0.38,0.36,570.42
Andhra Pradesh,South,Painting,Cloth,614.6,206.06,4.8,Large,1,939.11,0.42,0.99,1008.2
Telangana,South,Bamboo Craft,Cane,393.35,290.45,4.9,Large,1,814.18,0.5,0.6,798.3
West Bengal,East,Pottery,Terracotta,533.75,421.81,11.0,Medium,1,1026.94,0.34,0.41,1040.32
Punjab,North,Metal Craft,Bronze,329.92,207.95,4.1,Large,3,708.3,0.7,0.58,729.7
Madhya Pradesh,Central,Painting,Cloth,682.47,987.6,28.0,Large,4,2161.82,0.72,0.6,2246.42
Punjab,North,Handloom Textile,Silk,542.08,467.65,10.1,Medium,4,1275.16,0.51,0.43,1331.58
Odisha,East,Wooden Toy,Bamboo,118.68,358.72,8.6,Small,3,579.94,0.59,0.63,582.64
Tamil Nadu,South,Jewelry,Terracotta,158.37,414.78,8.3,Small,2,674.73,0.5,0.62,676.53
Punjab,North,Stone Carving,Soapstone,92.91,631.99,17.4,Medium,5,968.88,0.46,0.5,1001.9
West Bengal,East,Wooden Toy,Bamboo,76.3,123.36,2.5,Small,3,248.03,0.54,0.8,255.04
Tamil Nadu,South,Jewelry,Terracotta,666.7,253.51,5.5,Large,3,1299.78,0.61,0.49,1407.1
Tamil Nadu,South,Bamboo Craft,Cane,639.39,518.34,12.3,Medium,3,1530.87,0.46,0.48,1535.05
Andhra Pradesh,South,Metal Craft,Brass,887.6,498.56,12.1,Large,2,1818.46,0.57,0.89,1966.05
Maharashtra,West,Handloom Textile,Cotton,400.68,747.62,24.0,Large,2,1647.63,0.91,0.66,1815.08
Assam,Northeast,Metal Craft,Brass,283.6,61.76,1.1,Small,2,355.43,0.61,0.54,369.1
Assam,Northeast,Handloom Textile,Wool,357.94,438.13,8.7,Medium,2,891.58,0.59,0.97,992.74
Punjab,North,Pottery,Clay,88.27,216.57,5.4,Small,4,405.18,0.7,0.9,421.21
Odisha,East,Wooden Toy,Wood,556.18,265.33,5.3,Medium,3,974.49,0.68,0.88,1015.01
Odisha,East,Stone Carving,Soapstone,587.73,1163.13,27.4,Large,3,2321.36,0.53,0.72,2520.11
Maharashtra,West,Bamboo Craft,Cane,637.47,66.77,2.0,Medium,2,942.8,0.73,0.87,1000.49
Punjab,North,Bamboo Craft,Bamboo,781.06,160.22,3.9,Large,4,1400.41,0.65,0.69,1466.82
Maharashtra,West,Wooden Toy,Bamboo,423.1,552.5,11.9,Medium,2,1260.77,0.75,0.48,1283.91
Maharashtra,West,Pottery,Terracotta,205.77,574.22,10.4,Medium,1,995.23,0.79,0.85,1083.09
Karnataka,South,Handloom Textile,Silk,450.69,238.77,7.5,Large,1,792.33,0.71,0.99,828.21
Rajasthan,West,Stone Carving,Soapstone,322.84,208.58,3.8,Small,5,905.22,0.79,0.96,1021.29
Telangana,South,Handloom Textile,Silk,340.32,552.3,12.7,Medium,5,1343.98,0.43,0.66,1426.58
Rajasthan,West,Stone Carving,Marble,491.89,444.24,13.3,Medium,4,1643.16,0.8,0.65,1861.41
Andhra Pradesh,South,Jewelry,Terracotta,110.89,498.09,16.0,Medium,3,776.03,0.56,0.68,835.67
Assam,Northeast,Jewelry,Beads,84.68,218.15,4.6,Medium,2,366.13,0.8,0.94,413.46
Odisha,East,Bamboo Craft,Bamboo,188.02,33.6,1.0,Small,3,277.9,0.67,0.77,305.81
Punjab,North,Handloom Textile,Wool,372.24,103.71,2.9,Medium,4,777.55,0.89,0.81,829.05
Andhra Pradesh,South,Bamboo Craft,Bamboo,634.52,160.87,5.3,Medium,1,1085.98,1.0,0.5,1155.09
Kerala,South,Jewelry,Beads,253.08,431.7,10.9,Small,5,1153.9,0.77,0.43,1202.28
West Bengal,East,Stone Carving,Soapstone,198.28,251.09,7.1,Medium,3,583.3,0.93,0.58,636.97
West Bengal,East,Wooden Toy,Bamboo,162.19,544.06,9.2,Small,2,834.33,0.61,0.9,864.12
Karnataka,South,Handloom Textile,Silk,466.75,524.89,10.6,Medium,1,1383.95,0.92,0.61,1562.11
Maharashtra,West,Stone Carving,Soapstone,353.62,485.16,12.2,Medium,3,1228.31,0.99,0.77,1355.06
West Bengal,East,Metal Craft,Copper,268.16,49.15,1.6,Small,4,421.22,0.62,0.53,429.36
Tamil Nadu,South,Stone Carving,Marble,258.36,936.0,20.6,Large,5,1825.14,0.44,0.52,1771.65
Uttar Pradesh,North,Bamboo Craft,Cane,162.57,157.67,2.9,Medium,3,466.64,0.83,0.83,524.6
Uttar Pradesh,North,Painting,Paper,347.12,401.85,12.9,Medium,1,882.42,0.74,0.84,947.81
Gujarat,West,Metal Craft,Copper,353.04,985.21,19.4,Large,2,2058.75,0.91,0.54,2261.96
Assam,Northeast,Bamboo Craft,Cane,574.39,496.26,10.9,Medium,5,1613.65,0.7,0.82,1667.26
Odisha,East,Jewelry,Silver,68.7,518.63,11.3,Small,2,653.23,0.73,0.64,720.57
Rajasthan,West,Handloom Textile,Silk,498.45,278.23,7.1,Medium,3,1302.53,0.89,0.35,1359.78
Madhya Pradesh,Central,Metal Craft,Bronze,618.11,1364.31,27.1,Large,4,2427.52,0.59,0.78,2516.66
Telangana,South,Painting,Cloth,957.21,1095.38,22.2,Large,5,2897.14,0.55,0.33,2968.31
West Bengal,East,Painting,Cloth,316.71,381.04,6.9,Small,2,711.18,0.32,0.56,708.65
Assam,Northeast,Wooden Toy,Wood,180.8,1012.86,27.6,Large,2,1577.13,0.95,0.6,1749.57
Uttar Pradesh,North,Metal Craft,Bronze,901.9,131.12,2.5,Large,1,1180.45,0.93,0.4,1267.36
Andhra Pradesh,South,Bamboo Craft,Cane,376.79,320.77,7.0,Small,1,830.78,0.4,0.3,788.83
Tamil Nadu,South,Painting,Paper,271.85,402.48,11.1,Small,1,857.46,0.77,0.36,871.64
Punjab,North,Jewelry,Terracotta,307.58,188.78,4.3,Small,1,608.41,0.72,0.42,626.52
Telangana,South,Bamboo Craft,Bamboo,676.39,334.25,6.6,Large,4,1337.48,0.39,0.6,1395.31
Telangana,South,Handloom Textile,Cotton,340.11,1458.59,25.7,Large,3,2187.54,0.44,0.73,2236.59
Maharashtra,West,Bamboo Craft,Bamboo,719.19,965.07,19.8,Large,2,2039.16,0.5,0.56,2149.54
Karnataka,South,Wooden Toy,Bamboo,362.18,528.3,14.1,Medium,4,1172.74,0.53,0.53,1189.72
Maharashtra,West,Metal Craft,Bronze,529.85,792.51,17.4,Medium,2,1920.76,0.62,0.32,1872.12
Madhya Pradesh,Central,Bamboo Craft,Cane,913.59,615.95,15.3,Large,5,2295.98,0.95,0.32,2489.06
Gujarat,West,Metal Craft,Copper,202.82,451.07,9.1,Medium,5,1234.3,0.81,0.3,1255.9
Andhra Pradesh,South,Pottery,Terracotta,210.81,193.03,6.2,Medium,3,506.76,0.39,0.99,508.97
Gujarat,West,Metal Craft,Brass,139.92,795.61,14.3,Medium,1,1068.58,0.48,0.31,1024.23
Karnataka,South,Bamboo Craft,Cane,137.9,339.46,9.2,Medium,4,776.68,0.66,0.48,849.36
West Bengal,East,Wooden Toy,Bamboo,397.41,323.19,7.8,Medium,3,889.74,0.59,0.81,983.48
Karnataka,South,Jewelry,Beads,913.04,529.08,11.3,Large,2,1707.41,0.37,0.44,1653.89
Punjab,North,Wooden Toy,Bamboo,356.8,117.91,2.7,Small,4,674.41,0.72,0.78,759.0
West Bengal,East,Jewelry,Beads,248.91,185.7,5.8,Small,2,521.0,0.63,0.87,580.54
Madhya Pradesh,Central,Jewelry,Beads,222.9,69.94,2.3,Small,3,356.71,0.51,0.79,366.46
Tamil Nadu,South,Jewelry,Terracotta,223.48,236.97,5.6,Small,5,655.37,0.46,0.4,630.77
Punjab,North,Metal Craft,Copper,286.43,126.93,2.6,Large,5,569.7,0.52,0.98,598.12
Punjab,North,Metal Craft,Copper,175.24,60.69,1.1,Small,1,265.16,0.32,0.96,275.23
Kerala,South,Bamboo Craft,Cane,240.26,341.21,8.2,Small,4,818.33,0.75,0.33,854.47
Odisha,East,Painting,Cloth,581.68,855.01,25.8,Large,5,2157.5,0.88,0.45,2282.32
Maharashtra,West,Handloom Textile,Silk,190.05,121.79,2.7,Small,2,449.64,0.86,0.61,508.39
Karnataka,South,Wooden Toy,Wood,297.12,241.48,6.4,Small,3,767.02,0.92,0.7,828.06
Telangana,South,Bamboo Craft,Cane,794.63,215.15,3.6,Large,1,1109.52,0.39,0.86,1149.74
Andhra Pradesh,South,Pottery,Clay,358.23,253.69,5.5,Small,4,795.1,0.33,0.3,796.63
Andhra Pradesh,South,Stone Carving,Soapstone,147.91,152.38,3.6,Medium,4,433.56,0.75,0.8,450.83
Rajasthan,West,Painting,Paper,379.14,216.84,3.9,Small,3,875.31,0.9,0.84,1010.63
Tamil Nadu,South,Bamboo Craft,Bamboo,510.78,485.4,12.1,Medium,4,1424.44,0.48,0.39,1456.06
Tamil Nadu,South,Painting,Canvas,175.77,253.61,6.2,Small,3,578.23,0.75,0.93,627.97
Assam,Northeast,Jewelry,Silver,99.3,409.74,7.9,Small,2,668.43,0.95,0.5,697.11
Gujarat,West,Painting,Canvas,626.53,221.57,3.9,Large,1,1146.6,0.67,0.77,1185.06
Andhra Pradesh,South,Painting,Paper,63.51,422.09,10.7,Small,5,732.17,0.39,0.63,708.23
Uttar Pradesh,North,Handloom Textile,Silk,233.94,93.74,2.2,Medium,3,482.84,0.93,0.99,527.6
Rajasthan,West,Bamboo Craft,Bamboo,880.91,553.8,16.0,Large,5,2706.42,0.95,0.83,3107.74
West Bengal,East,Pottery,Terracotta,192.19,268.44,5.3,Medium,3,581.28,0.45,0.61,614.73
Andhra Pradesh,South,Stone Carving,Marble,500.74,1285.2,23.3,Large,2,2295.46,0.76,0.46,2388.36
Tamil Nadu,South,Handloom Textile,Wool,145.41,232.23,6.4,Medium,3,484.98,0.62,0.94,536.25
Karnataka,South,Bamboo Craft,Cane,697.32,282.62,4.9,Large,1,1257.83,0.7,0.55,1298.55
Gujarat,West,Handloom Textile,Cotton,292.73,77.26,1.4,Small,5,578.47,0.61,0.75,626.45
Punjab,North,Painting,Paper,768.68,723.12,14.9,Large,2,1836.44,0.62,0.93,2054.86
Rajasthan,West,Pottery,Clay,330.47,202.96,5.5,Small,4,777.95,0.58,0.88,833.68
Tamil Nadu,South,Stone Carving,Marble,332.13,241.4,4.9,Small,3,806.38,0.47,0.38,779.85
Uttar Pradesh,North,Bamboo Craft,Bamboo,144.98,420.1,10.4,Small,4,839.69,0.98,0.99,911.59
Andhra Pradesh,South,Stone Carving,Soapstone,474.84,313.71,9.5,Medium,2,1145.85,0.8,0.32,1162.77
Karnataka,South,Jewelry,Beads,226.94,411.66,7.0,Large,2,847.7,0.79,0.86,916.42
Telangana,South,Wooden Toy,Bamboo,316.97,702.98,15.1,Large,4,1698.19,0.74,0.48,1736.61
West Bengal,East,Metal Craft,Bronze,931.15,124.41,2.8,Large,4,1401.26,0.53,0.61,1445.39
Andhra Pradesh,South,Bamboo Craft,Cane,312.31,733.36,14.5,Medium,4,1698.69,0.88,0.47,1852.77
Telangana,South,Bamboo Craft,Bamboo,430.58,599.08,15.2,Large,2,1156.57,0.4,0.45,1185.88
Maharashtra,West,Metal Craft,Copper,675.01,1426.98,27.5,Large,3,3016.82,0.34,0.92,3100.46
Maharashtra,West,Wooden Toy,Bamboo,612.12,1296.33,28.2,Large,2,2641.56,0.93,0.36,2831.84
Karnataka,South,Stone Carving,Marble,407.46,954.37,16.0,Medium,1,1700.26,0.57,0.33,1756.57
Uttar Pradesh,North,Jewelry,Silver,286.78,810.17,15.5,Large,4,1584.28,0.84,0.65,1815.0
Punjab,North,Bamboo Craft,Cane,451.48,338.04,8.8,Medium,4,1101.48,0.81,0.47,1182.45
Uttar Pradesh,North,Stone Carving,Marble,151.5,264.95,7.9,Small,5,589.1,0.76,0.5,602.26
Uttar Pradesh,North,Pottery,Clay,376.77,388.59,10.5,Small,2,1089.52,0.84,0.73,1179.1
Assam,Northeast,Wooden Toy,Wood,288.51,71.21,1.7,Small,4,481.75,0.97,0.68,514.37
Andhra Pradesh,South,Pottery,Clay,710.96,799.63,19.4,Large,4,2367.61,0.97,0.32,2676.18
Uttar Pradesh,North,Painting,Paper,389.59,418.84,9.1,Large,5,1414.3,0.88,0.37,1564.37
Telangana,South,Wooden Toy,Bamboo,113.44,365.63,8.8,Small,5,814.79,0.58,0.85,834.04
Madhya Pradesh,Central,Pottery,Clay,197.22,260.12,6.3,Small,4,590.92,0.55,0.34,598.3
Assam,Northeast,Pottery,Terracotta,283.63,1292.44,23.9,Large,1,1669.19,0.64,0.51,1708.5
Rajasthan,West,Jewelry,Beads,318.25,677.25,21.7,Large,1,1085.61,0.37,0.3,1023.94
Assam,Northeast,Metal Craft,Bronze,398.53,144.81,4.2,Small,1,536.56,0.47,0.96,559.41
Assam,Northeast,Metal Craft,Brass,355.69,212.27,5.3,Small,5,707.67,0.45,0.56,737.14
Tamil Nadu,South,Pottery,Clay,363.25,562.79,17.6,Large,4,1411.12,0.43,0.59,1422.53
Andhra Pradesh,South,Handloom Textile,Wool,677.82,307.68,9.1,Large,2,1099.11,0.34,0.51,1061.93
Odisha,East,Bamboo Craft,Cane,759.04,130.86,2.8,Large,1,962.08,0.57,0.65,988.25
Punjab,North,Stone Carving,Soapstone,367.89,1223.82,21.8,Large,4,2294.09,0.43,0.37,2265.46
Tamil Nadu,South,Bamboo Craft,Bamboo,583.11,401.91,11.9,Large,4,1414.0,0.71,0.67,1507.51
West Bengal,East,Stone Carving,Marble,789.44,592.34,18.0,Large,5,2120.59,0.68,0.79,2315.73
Maharashtra,West,Stone Carving,Soapstone,248.23,1061.76,21.1,Large,3,1692.48,0.32,0.59,1731.02
Assam,Northeast,Stone Carving,Soapstone,301.55,1033.13,18.0,Large,4,1976.16,0.86,0.95,2095.65
Assam,Northeast,Stone Carving,Marble,643.1,742.08,13.3,Large,5,1842.97,0.48,0.99,2018.86
Andhra Pradesh,South,Jewelry,Terracotta,191.9,379.82,7.2,Large,3,660.83,0.32,0.87,690.01
Rajasthan,West,Painting,Cloth,284.45,630.92,12.4,Medium,1,1030.76,0.54,0.38,1062.71
Madhya Pradesh,Central,Wooden Toy,Bamboo,557.35,996.43,22.0,Large,1,1442.75,0.6,0.58,1483.95
West Bengal,East,Bamboo Craft,Cane,391.61,422.74,10.6,Small,3,1037.03,0.71,0.89,1072.16
Andhra Pradesh,South,Handloom Textile,Silk,76.08,389.95,6.6,Small,3,637.56,0.79,0.35,693.36
West Bengal,East,Bamboo Craft,Bamboo,344.5,384.8,7.8,Small,4,947.8,0.32,0.88,948.81
Rajasthan,West,Bamboo Craft,Bamboo,476.86,168.53,5.4,Medium,3,864.79,0.44,0.43,865.87
Odisha,East,Handloom Textile,Cotton,364.78,381.2,10.0,Medium,3,842.65,0.32,0.72,836.71
Tamil Nadu,South,Jewelry,Terracotta,353.43,512.74,9.2,Small,1,1084.76,0.65,0.39,1091.35
Madhya Pradesh,Central,Stone Carving,Soapstone,204.43,93.09,1.7,Small,4,379.16,0.39,0.93,393.87
Assam,Northeast,Pottery,Terracotta,310.53,421.92,7.8,Small,5,979.69,0.6,0.85,1097.37
Gujarat,West,Pottery,Clay,352.37,519.46,9.7,Medium,3,1276.72,0.88,0.69,1399.4
Assam,Northeast,Jewelry,Beads,388.83,505.31,9.3,Small,2,934.29,0.32,0.63,974.83
Madhya Pradesh,Central,Wooden Toy,Bamboo,67.25,483.1,10.4,Small,3,596.74,0.44,0.52,609.13
West Bengal,East,Wooden Toy,Bamboo,163.42,358.91,6.6,Large,5,693.23,0.39,0.46,697.88
Kerala,South,Stone Carving,Marble,317.26,316.81,5.9,Small,1,731.04,0.73,0.38,762.54
Uttar Pradesh,North,Jewelry,Beads,453.39,1043.29,22.0,Large,5,2106.08,0.57,0.42,2185.0
West Bengal,East,Pottery,Clay,317.13,375.79,10.7,Medium,3,862.71,0.76,0.9,947.3
Punjab,North,Jewelry,Silver,391.43,224.9,4.7,Small,3,697.55,0.36,0.72,747.4
Tamil Nadu,South,Painting,Paper,721.16,1186.06,23.2,Large,1,2500.07,0.71,0.61,2797.28
West Bengal,East,Jewelry,Beads,224.66,532.0,11.2,Small,4,976.03,0.68,0.62,982.06
West Bengal,East,Jewelry,Terracotta,134.53,273.23,6.6,Small,2,462.17,0.61,0.99,497.85
Maharashtra,West,Handloom Textile,Silk,154.77,127.83,2.4,Medium,5,446.35,0.7,0.83,487.4
Andhra Pradesh,South,Handloom Textile,Cotton,138.77,106.21,3.5,Small,3,295.38,0.39,0.52,313.8
Punjab,North,Jewelry,Beads,379.25,208.64,5.8,Large,5,969.5,0.71,0.34,1062.04
Tamil Nadu,South,Pottery,Terracotta,218.18,291.31,9.5,Medium,3,700.93,0.75,0.59,727.14
Rajasthan,West,Handloom Textile,Silk,446.25,314.97,8.9,Medium,5,1405.98,0.78,0.7,1463.05
Uttar Pradesh,North,Wooden Toy,Bamboo,324.98,280.98,8.4,Small,3,910.3,0.79,0.61,944.44
Odisha,East,Painting,Paper,274.99,305.26,5.2,Small,4,818.18,0.53,0.97,852.54
Karnataka,South,Handloom Textile,Cotton,794.98,1078.54,28.7,Large,3,2493.56,0.61,0.66,2494.44
Kerala,South,Pottery,Clay,304.91,424.42,9.8,Large,1,857.19,0.42,0.91,856.64
Andhra Pradesh,South,Bamboo Craft,Cane,277.53,481.23,8.2,Small,3,1038.95,0.3,0.47,1078.29
Madhya Pradesh,Central,Pottery,Terracotta,483.53,494.44,15.1,Medium,4,1181.89,0.66,0.46,1277.72
Karnataka,South,Stone Carving,Marble,233.43,860.73,14.8,Large,5,1792.77,0.43,0.98,1899.39
Andhra Pradesh,South,Handloom Textile,Wool,262.92,457.26,10.7,Large,3,1060.1,0.52,0.5,1049.32
West Bengal,East,Painting,Paper,736.0,114.93,2.4,Large,2,1018.64,0.94,0.5,1131.13
Madhya Pradesh,Central,Wooden Toy,Bamboo,718.59,815.34,20.6,Large,5,2158.68,0.48,0.97,2278.47
Karnataka,South,Metal Craft,Brass,346.17,256.39,6.0,Small,3,793.96,0.41,0.6,767.78
Andhra Pradesh,South,Metal Craft,Brass,328.7,776.18,15.4,Medium,1,1241.27,0.74,0.94,1372.86
Tamil Nadu,South,Jewelry,Terracotta,520.92,440.86,11.1,Medium,3,1247.63,0.4,0.92,1354.79
Assam,Northeast,Pottery,Clay,408.08,730.73,13.5,Medium,4,1509.18,0.76,0.58,1670.13
Andhra Pradesh,South,Jewelry,Terracotta,433.87,414.17,12.6,Large,1,1136.33,0.94,0.36,1216.27
Rajasthan,West,Painting,Paper,460.72,649.86,20.3,Large,1,1521.01,0.72,0.84,1595.8
Kerala,South,Handloom Textile,Wool,582.55,739.57,13.1,Medium,5,2268.8,0.64,0.68,2511.91
Madhya Pradesh,Central,Wooden Toy,Wood,206.86,167.18,4.0,Small,5,477.68,0.57,0.5,513.93
Telangana,South,Stone Carving,Soapstone,119.12,474.99,13.5,Medium,2,718.35,0.54,0.34,752.31
Karnataka,South,Stone Carving,Soapstone,575.61,241.49,5.5,Medium,3,1194.96,0.63,0.91,1291.49
Andhra Pradesh,South,Metal Craft,Brass,683.43,751.1,24.8,Large,3,2060.57,0.58,0.94,2222.84
Gujarat,West,Wooden Toy,Bamboo,235.38,218.95,4.8,Small,2,665.35,0.76,0.59,741.35
Rajasthan,West,Jewelry,Terracotta,104.14,253.44,6.0,Small,1,480.86,0.78,0.47,533.11
Madhya Pradesh,Central,Jewelry,Terracotta,471.23,1584.57,26.5,Large,5,2815.02,0.37,0.46,2958.79
Assam,Northeast,Handloom Textile,Silk,84.2,41.8,1.2,Small,5,188.7,1.0,0.43,214.49
Kerala,South,Jewelry,Beads,137.14,704.92,18.4,Large,3,1304.81,0.9,0.5,1444.18
Maharashtra,West,Bamboo Craft,Bamboo,306.05,139.52,3.3,Large,2,616.98,0.5,0.87,648.12
Odisha,East,Handloom Textile,Cotton,419.65,668.74,12.2,Medium,5,1478.46,0.6,0.49,1542.89
Kerala,South,Jewelry,Silver,497.28,458.28,14.0,Large,5,1493.8,0.8,0.45,1578.73
Kerala,South,Stone Carving,Marble,311.33,732.36,17.8,Large,5,1552.06,0.61,0.68,1579.79
Madhya Pradesh,Central,Pottery,Clay,573.04,389.74,9.2,Medium,2,988.78,0.32,0.65,1004.27
Madhya Pradesh,Central,Wooden Toy,Bamboo,475.94,176.56,4.7,Medium,4,826.14,0.87,0.96,926.45
Telangana,South,Painting,Paper,299.91,159.06,4.0,Large,3,602.56,0.4,0.8,599.15
Kerala,South,Handloom Textile,Cotton,53.23,349.33,9.9,Small,2,543.64,0.72,0.54,566.04
Karnataka,South,Metal Craft,Bronze,193.03,295.83,8.3,Large,5,733.79,0.6,0.76,738.49
Andhra Pradesh,South,Handloom Textile,Cotton,555.91,1083.5,18.4,Large,1,2039.82,0.71,0.63,2279.17
Rajasthan,West,Pottery,Terracotta,339.93,170.74,4.6,Small,5,850.61,0.48,0.65,879.99
Assam,Northeast,Painting,Paper,176.95,1164.85,21.5,Large,3,1522.83,0.5,0.76,1659.91
Kerala,South,Jewelry,Beads,553.33,548.05,10.8,Medium,2,1487.36,0.92,0.65,1684.68
Kerala,South,Handloom Textile,Cotton,127.02,296.65,5.3,Small,4,626.05,0.81,0.58,665.39
Punjab,North,Wooden Toy,Bamboo,239.1,245.81,4.7,Medium,2,561.6,0.48,0.62,609.4
Madhya Pradesh,Central,Handloom Textile,Cotton,186.88,62.12,1.9,Small,2,278.47,0.71,0.72,297.41
Maharashtra,West,Painting,Paper,110.2,483.02,10.7,Medium,4,804.47,0.4,0.37,769.35
Andhra Pradesh,South,Jewelry,Beads,263.4,120.14,3.2,Small,5,611.36,0.42,0.97,623.82
Madhya Pradesh,Central,Jewelry,Terracotta,263.44,237.21,5.3,Medium,4,585.12,0.31,0.77,620.71
Odisha,East,Wooden Toy,Wood,172.06,849.39,15.8,Medium,4,1204.18,0.39,0.58,1189.53
Assam,Northeast,Wooden Toy,Wood,341.13,724.05,17.1,Large,5,1720.93,0.96,0.39,1815.04
Gujarat,West,Wooden Toy,Bamboo,769.21,387.5,11.3,Large,1,1610.42,0.9,0.52,1765.02
Andhra Pradesh,South,Metal Craft,Copper,344.18,535.26,10.3,Medium,3,1219.19,0.36,0.77,1190.54
Punjab,North,Metal Craft,Copper,99.23,383.75,8.9,Small,4,676.25,0.58,0.4,667.97
Telangana,South,Wooden Toy,Wood,346.91,566.22,15.0,Medium,4,1411.65,0.64,0.99,1591.48
Tamil Nadu,South,Pottery,Clay,468.47,708.59,22.7,Large,5,1709.56,0.39,0.44,1778.75
Kerala,South,Jewelry,Beads,273.91,671.76,13.1,Medium,4,1460.03,0.71,0.55,1523.61
Karnataka,South,Bamboo Craft,Cane,190.45,967.12,28.6,Large,2,1332.92,0.35,0.91,1401.55
Maharashtra,West,Pottery,Terracotta,264.24,321.84,8.5,Medium,2,809.0,0.54,0.59,841.25
Madhya Pradesh,Central,Pottery,Clay,380.25,67.64,1.5,Small,4,533.98,0.71,0.94,589.05
Uttar Pradesh,North,Stone Carving,Marble,837.05,495.34,8.8,Large,4,1864.74,0.31,0.81,1935.04
Madhya Pradesh,Central,Bamboo Craft,Cane,488.78,207.37,3.6,Large,4,920.47,0.63,0.32,946.18
Karnataka,South,Bamboo Craft,Cane,224.45,258.67,8.1,Large,2,639.23,0.7,0.74,711.23
Kerala,South,Bamboo Craft,Bamboo,843.25,568.16,18.7,Large,1,1791.36,0.79,0.59,1960.69
Gujarat,West,Metal Craft,Copper,414.2,904.91,26.6,Large,4,2309.55,0.77,0.3,2322.96
Telangana,South,Bamboo Craft,Bamboo,83.21,193.67,4.7,Small,2,337.51,0.45,0.71,331.67
Karnataka,South,Metal Craft,Brass,259.01,805.99,15.9,Medium,4,1604.25,0.81,0.79,1685.1
Assam,Northeast,Painting,Paper,145.36,600.08,10.1,Small,5,948.39,0.65,0.31,960.17
Maharashtra,West,Handloom Textile,Cotton,606.01,256.52,4.4,Large,4,1389.81,0.56,0.94,1528.76
Maharashtra,West,Jewelry,Beads,262.35,388.21,7.9,Small,5,1215.95,0.74,0.69,1343.52
Odisha,East,Wooden Toy,Wood,772.63,926.32,25.4,Large,3,1986.9,0.36,0.64,2087.36
Odisha,East,Handloom Textile,Cotton,205.32,334.43,7.3,Small,2,617.19,0.33,0.73,604.75
Karnataka,South,Stone Carving,Marble,258.02,261.94,7.5,Small,1,571.2,0.39,0.99,580.89
Uttar Pradesh,North,Metal Craft,Copper,109.96,400.75,8.3,Small,1,648.5,0.75,0.36,673.81
Tamil Nadu,South,Jewelry,Silver,159.68,254.38,6.1,Small,3,596.37,0.9,0.95,697.5
Odisha,East,Bamboo Craft,Cane,776.48,1009.06,27.0,Large,5,2770.73,0.7,0.49,2767.69
Rajasthan,West,Wooden Toy,Wood,396.3,301.57,7.6,Medium,3,1073.76,0.75,0.9,1223.08
Rajasthan,West,Jewelry,Silver,228.17,465.62,10.7,Medium,5,1082.66,0.31,0.69,1105.28
Tamil Nadu,South,Metal Craft,Copper,307.7,233.62,7.3,Small,1,579.22,0.38,0.72,566.51
Madhya Pradesh,Central,Metal Craft,Copper,480.87,677.66,17.0,Large,4,1498.34,0.8,0.75,1681.78
West Bengal,East,Handloom Textile,Wool,277.04,372.82,8.0,Small,5,829.62,0.31,0.79,885.44
Karnataka,South,Pottery,Clay,538.07,447.03,11.9,Medium,5,1472.89,0.44,0.54,1468.06
Punjab,North,Metal Craft,Copper,552.54,403.45,6.8,Large,3,1273.71,0.38,0.95,1331.82
Telangana,South,Stone Carving,Marble,728.92,679.72,13.9,Large,5,2209.53,0.54,0.51,2279.72
Maharashtra,West,Painting,Cloth,252.84,172.24,4.2,Small,5,622.58,0.36,0.34,588.57
Andhra Pradesh,South,Metal Craft,Brass,86.32,308.55,9.9,Small,1,525.82,0.76,0.49,558.64
Karnataka,South,Painting,Paper,156.95,277.77,6.7,Small,2,628.95,0.7,0.38,652.39
Punjab,North,Jewelry,Beads,171.88,360.07,8.8,Small,3,785.71,0.88,0.62,823.22
Rajasthan,West,Handloom Textile,Cotton,830.74,792.46,21.8,Large,2,2252.55,0.4,0.52,2218.43
Madhya Pradesh,Central,Metal Craft,Copper,209.64,54.49,1.3,Small,3,322.41,0.7,0.97,365.28
Telangana,South,Stone Carving,Marble,241.49,55.23,1.4,Small,3,450.03,0.7,0.97,478.61
Rajasthan,West,Jewelry,Terracotta,304.89,444.1,7.7,Large,5,1308.74,0.9,0.84,1461.31
Karnataka,South,Bamboo Craft,Bamboo,340.03,275.42,6.1,Medium,3,841.68,0.32,0.39,854.51
Uttar Pradesh,North,Painting,Cloth,198.0,275.37,6.7,Small,2,646.03,0.82,0.85,730.44
Maharashtra,West,Bamboo Craft,Cane,291.78,498.28,11.3,Large,3,1084.54,0.53,0.83,1101.64
Maharashtra,West,Jewelry,Terracotta,189.66,433.96,11.8,Small,5,976.98,0.73,0.6,1042.88
Telangana,South,Stone Carving,Marble,295.76,370.68,6.6,Small,5,1103.05,0.5,0.36,1103.35
Uttar Pradesh,North,Stone Carving,Soapstone,251.74,385.38,9.7,Small,2,790.9,0.8,0.39,807.68
Telangana,South,Wooden Toy,Bamboo,534.29,283.37,5.5,Medium,5,1424.43,0.96,0.67,1575.39
Assam,Northeast,Bamboo Craft,Cane,164.06,298.12,6.2,Small,5,737.7,0.99,0.96,876.74
Tamil Nadu,South,Metal Craft,Bronze,342.0,750.45,13.2,Medium,1,1272.8,0.58,0.97,1384.78
Telangana,South,Jewelry,Silver,477.49,683.29,18.3,Medium,2,1514.11,0.82,0.66,1696.17
Rajasthan,West,Painting,Cloth,243.28,329.4,8.3,Small,5,936.17,0.64,0.73,965.46
Telangana,South,Bamboo Craft,Bamboo,618.52,551.39,10.6,Medium,1,1364.58,0.59,0.55,1409.38
Punjab,North,Handloom Textile,Cotton,384.74,503.04,11.2,Medium,5,1172.51,0.39,0.65,1148.18
Karnataka,South,Painting,Paper,376.43,383.34,7.7,Small,2,997.13,0.58,0.94,1101.66
Rajasthan,West,Painting,Paper,429.59,1512.8,27.7,Large,3,2911.99,0.9,0.42,3071.31
Punjab,North,Stone Carving,Marble,144.82,321.95,10.4,Small,5,613.01,0.35,0.49,596.05
Uttar Pradesh,North,Bamboo Craft,Bamboo,790.27,521.99,17.3,Large,1,1378.68,0.6,0.59,1471.98
Maharashtra,West,Jewelry,Terracotta,709.76,1109.68,21.4,Large,1,2204.95,0.3,0.97,2373.32
Karnataka,South,Metal Craft,Brass,133.14,1471.36,27.1,Large,5,2848.91,0.89,0.37,3209.79
Assam,Northeast,Pottery,Terracotta,459.99,677.08,11.6,Medium,1,1158.47,0.61,0.72,1285.32
Tamil Nadu,South,Metal Craft,Brass,183.91,789.49,15.6,Large,3,1549.83,0.85,0.71,1780.7
Uttar Pradesh,North,Handloom Textile,Silk,72.51,165.8,5.4,Small,2,308.58,0.53,0.68,334.28
Telangana,South,Metal Craft,Bronze,151.4,152.57,3.2,Medium,4,492.34,0.67,0.49,540.82
Uttar Pradesh,North,Pottery,Terracotta,190.91,448.4,10.8,Small,2,771.1,0.82,0.63,875.37
Telangana,South,Pottery,Clay,501.44,894.13,21.8,Large,5,2015.3,0.31,0.37,2026.43
West Bengal,East,Pottery,Clay,401.18,1059.95,20.8,Large,3,2074.21,0.79,0.64,2240.8
West Bengal,East,Stone Carving,Soapstone,207.59,125.53,3.2,Small,3,366.62,0.33,0.74,365.39
Odisha,East,Handloom Textile,Cotton,319.79,171.42,4.6,Small,3,542.03,0.42,0.84,561.05
Odisha,East,Stone Carving,Soapstone,227.43,421.39,8.6,Small,2,780.04,0.87,0.33,812.8
Karnataka,South,Painting,Paper,101.11,165.03,4.2,Small,1,315.74,0.67,0.76,346.77
Gujarat,West,Wooden Toy,Wood,268.25,309.78,6.7,Medium,4,811.66,0.32,0.36,838.47
Kerala,South,Painting,Paper,484.05,177.25,3.2,Medium,3,1025.65,0.81,0.73,1108.89
Rajasthan,West,Handloom Textile,Wool,306.06,738.8,15.9,Large,5,1908.97,0.68,0.7,2129.81
Tamil Nadu,South,Painting,Paper,356.5,571.37,9.8,Small,1,1033.26,0.37,0.49,1076.2
Assam,Northeast,Painting,Canvas,362.89,505.7,14.8,Medium,3,930.56,0.48,0.81,959.0
Uttar Pradesh,North,Painting,Cloth,142.7,246.0,4.8,Small,2,434.89,0.56,0.69,471.56
Kerala,South,Metal Craft,Copper,287.14,672.9,13.0,Medium,2,1209.32,0.45,0.92,1261.87
Madhya Pradesh,Central,Stone Carving,Soapstone,182.11,958.27,18.2,Medium,4,1464.65,0.45,0.54,1526.16
Karnataka,South,Pottery,Terracotta,318.02,303.82,5.9,Small,3,873.26,0.57,0.45,946.89
Maharashtra,West,Painting,Canvas,253.94,487.13,9.7,Medium,3,1150.79,0.68,0.89,1189.99
Odisha,East,Bamboo Craft,Bamboo,639.12,827.57,14.8,Medium,1,1528.45,0.76,0.9,1652.4
Rajasthan,West,Pottery,Terracotta,856.19,249.07,7.7,Large,4,1710.83,0.85,0.88,1974.09
Gujarat,West,Jewelry,Silver,696.88,884.01,16.1,Large,2,2036.81,0.59,0.44,2106.93
West Bengal,East,Bamboo Craft,Cane,377.55,849.1,15.8,Medium,1,1281.89,0.71,0.85,1326.0
Rajasthan,West,Handloom Textile,Wool,853.85,164.56,4.4,Large,4,1777.26,0.79,0.59,1873.11
Punjab,North,Jewelry,Terracotta,86.65,326.66,6.9,Medium,5,655.69,0.56,0.67,717.78
Madhya Pradesh,Central,Handloom Textile,Cotton,343.42,678.53,14.6,Large,1,1089.48,0.96,1.0,1271.76
Madhya Pradesh,Central,Painting,Canvas,437.55,78.72,2.6,Large,5,635.78,0.62,0.64,684.29
Maharashtra,West,Stone Carving,Marble,244.64,448.82,11.5,Medium,2,842.25,0.42,0.59,862.3
Telangana,South,Jewelry,Silver,287.02,548.6,15.8,Large,1,964.63,0.77,0.83,1052.3
Uttar Pradesh,North,Jewelry,Beads,119.69,458.98,12.1,Medium,1,723.04,0.67,0.66,773.8
Tamil Nadu,South,Handloom Textile,Cotton,609.72,760.14,13.0,Large,1,1853.9,0.84,0.5,1982.67
Punjab,North,Bamboo Craft,Bamboo,544.05,574.22,16.1,Medium,5,1694.29,0.79,0.5,1772.59
Telangana,South,Jewelry,Terracotta,729.48,255.23,8.5,Large,4,1419.05,0.8,0.42,1467.71
Andhra Pradesh,South,Handloom Textile,Wool,292.74,313.37,10.0,Medium,3,894.36,0.98,0.8,986.73
Odisha,East,Metal Craft,Copper,496.78,649.99,18.9,Large,3,1302.02,0.43,0.9,1345.29
Tamil Nadu,South,Wooden Toy,Bamboo,354.95,334.09,8.3,Small,3,1044.15,0.78,0.31,1096.72
Karnataka,South,Stone Carving,Marble,334.61,664.4,11.5,Small,5,1672.68,0.94,0.66,1844.1
Assam,Northeast,Stone Carving,Marble,466.34,622.8,17.2,Medium,1,1327.52,0.94,0.87,1554.39
Andhra Pradesh,South,Jewelry,Terracotta,355.15,173.51,5.2,Large,4,802.86,0.5,0.73,873.98
Uttar Pradesh,North,Stone Carving,Soapstone,429.3,60.5,1.7,Medium,4,644.9,0.37,0.55,618.84
Gujarat,West,Handloom Textile,Wool,171.97,148.24,3.0,Small,4,491.19,0.62,0.65,544.07
Kerala,South,Handloom Textile,Wool,200.25,557.26,10.7,Medium,3,1047.51,0.69,0.95,1139.59
Assam,Northeast,Jewelry,Silver,129.57,475.35,12.3,Medium,2,635.47,0.41,0.68,622.15
Kerala,South,Wooden Toy,Wood,706.5,674.17,18.9,Large,1,1666.96,0.63,0.8,1763.75
Kerala,South,Painting,Paper,260.51,715.53,12.3,Medium,2,1304.57,0.77,0.35,1432.3
Tamil Nadu,South,Bamboo Craft,Cane,132.9,1110.97,19.0,Medium,5,1771.83,0.35,0.95,1907.21
Gujarat,West,Bamboo Craft,Cane,471.44,686.38,14.0,Large,4,1944.18,0.84,0.32,1994.86
West Bengal,East,Painting,Cloth,273.73,339.35,7.7,Medium,2,652.23,0.53,0.38,631.8
Kerala,South,Jewelry,Terracotta,214.59,384.91,11.5,Small,5,1063.62,0.96,0.81,1212.96
Maharashtra,West,Handloom Textile,Wool,814.45,234.74,5.2,Large,3,1699.6,0.79,0.71,1763.56
Gujarat,West,Stone Carving,Marble,291.75,285.49,6.9,Small,5,1004.23,0.54,0.73,1054.13
Maharashtra,West,Stone Carving,Marble,812.77,429.93,13.0,Large,4,1742.64,0.34,0.34,1690.96
Madhya Pradesh,Central,Pottery,Clay,723.07,693.56,22.0,Large,5,1845.54,0.45,0.49,1804.42
Assam,Northeast,Metal Craft,Copper,232.51,1477.64,27.3,Large,1,1617.23,0.43,0.58,1702.31
West Bengal,East,Pottery,Clay,365.72,203.46,3.9,Medium,1,595.31,0.58,0.48,616.38
Uttar Pradesh,North,Metal Craft,Bronze,170.09,155.23,3.7,Small,3,368.8,0.31,0.84,358.77
West Bengal,East,Wooden Toy,Bamboo,446.07,827.11,15.2,Medium,5,1918.6,0.65,0.44,2044.05
Maharashtra,West,Stone Carving,Soapstone,217.91,579.8,17.5,Medium,3,1325.11,0.99,0.9,1575.58
Telangana,South,Bamboo Craft,Bamboo,726.74,320.16,7.4,Large,5,1601.64,0.35,0.57,1594.06
Madhya Pradesh,Central,Metal Craft,Bronze,397.45,1016.61,18.1,Large,3,1447.74,0.33,0.57,1484.68
Karnataka,South,Painting,Paper,87.0,320.26,8.3,Small,5,555.56,0.44,0.96,581.18
Karnataka,South,Metal Craft,Bronze,138.17,684.48,15.2,Large,1,937.87,0.53,0.39,974.84
Telangana,South,Painting,Canvas,323.84,324.33,6.8,Small,5,910.77,0.44,0.5,900.25
Tamil Nadu,South,Metal Craft,Copper,128.71,314.1,6.7,Small,5,786.23,0.96,0.44,886.55
Telangana,South,Metal Craft,Copper,246.08,143.93,3.8,Small,1,449.57,0.33,0.51,427.59
Odisha,East,Bamboo Craft,Bamboo,304.21,1123.07,21.0,Large,4,1876.31,0.62,0.79,1930.14
Rajasthan,West,Bamboo Craft,Cane,454.45,1034.42,17.7,Large,2,1805.68,0.35,0.66,1833.97
Maharashtra,West,Bamboo Craft,Bamboo,93.43,387.63,7.1,Medium,1,589.95,0.69,0.62,614.29
Kerala,South,Bamboo Craft,Cane,294.54,961.97,16.3,Medium,4,1983.15,0.61,0.58,2063.18
Andhra Pradesh,South,Painting,Paper,583.7,444.59,8.5,Large,2,1420.13,0.67,0.87,1489.93
Andhra Pradesh,South,Stone Carving,Marble,721.13,949.01,23.5,Large,3,2170.98,0.42,0.3,2129.11
Punjab,North,Pottery,Clay,244.22,172.95,3.1,Small,4,564.97,0.48,0.46,575.44
Gujarat,West,Painting,Cloth,200.45,224.58,6.4,Medium,5,733.42,0.8,0.84,825.49
Andhra Pradesh,South,Jewelry,Terracotta,738.19,359.81,6.1,Large,4,1638.57,0.87,0.44,1693.36
Maharashtra,West,Metal Craft,Brass,236.24,978.79,22.2,Large,4,2049.94,0.85,0.82,2313.48
Karnataka,South,Metal Craft,Copper,90.28,348.86,7.1,Medium,3,595.06,0.31,0.32,595.55
West Bengal,East,Wooden Toy,Wood,342.91,1107.74,20.6,Large,3,1913.21,0.51,0.33,1905.08
Assam,Northeast,Jewelry,Terracotta,209.44,817.03,15.4,Large,3,1110.74,0.46,0.49,1190.44
Rajasthan,West,Metal Craft,Copper,119.09,421.63,7.3,Small,3,801.93,0.4,0.98,875.44
Uttar Pradesh,North,Jewelry,Beads,300.23,1008.99,19.1,Large,2,1867.18,0.99,0.43,2007.68
Madhya Pradesh,Central,Handloom Textile,Wool,178.35,484.34,9.0,Medium,2,806.0,0.63,0.68,845.14
Rajasthan,West,Wooden Toy,Wood,265.39,208.92,5.0,Small,1,627.91,0.79,0.96,716.38
Gujarat,West,Pottery,Clay,194.93,360.51,8.0,Large,4,792.55,0.31,0.48,746.93
Rajasthan,West,Handloom Textile,Wool,228.15,500.26,10.6,Medium,3,1137.69,0.95,0.75,1328.38
Andhra Pradesh,South,Wooden Toy,Wood,779.3,261.22,7.7,Large,1,1369.04,0.77,0.69,1520.28
Karnataka,South,Handloom Textile,Wool,645.18,1306.62,28.4,Large,1,2078.85,0.38,0.88,2220.24
Madhya Pradesh,Central,Pottery,Clay,923.97,995.92,20.8,Large,2,2068.37,0.62,0.56,2200.34
Gujarat,West,Bamboo Craft,Bamboo,751.07,729.83,20.3,Large,2,2013.4,0.65,0.85,2177.78
Telangana,South,Metal Craft,Copper,767.75,841.38,19.9,Large,1,2289.04,0.93,0.41,2378.19
Uttar Pradesh,North,Painting,Cloth,88.37,646.13,17.3,Medium,3,1092.47,0.81,0.87,1270.19
Telangana,South,Bamboo Craft,Bamboo,244.66,471.81,14.1,Medium,1,826.98,0.58,0.89,893.24
Gujarat,West,Jewelry,Beads,226.32,479.41,8.1,Small,3,1012.94,0.34,0.7,1027.5
Assam,Northeast,Metal Craft,Brass,123.98,459.57,11.5,Medium,1,566.46,0.41,0.89,618.12
Maharashtra,West,Handloom Textile,Wool,531.37,416.08,13.8,Medium,2,1376.27,0.6,0.44,1375.2
Uttar Pradesh,North,Painting,Canvas,150.12,253.94,6.7,Small,5,534.24,0.45,0.72,526.83
Punjab,North,Jewelry,Silver,432.69,998.19,21.4,Large,1,1581.03,0.6,0.7,1749.4
Maharashtra,West,Metal Craft,Brass,69.22,476.6,8.4,Small,1,701.65,0.86,0.43,771.34
Tamil Nadu,South,Metal Craft,Copper,79.49,510.52,9.9,Small,4,960.19,0.81,0.37,1038.92
Kerala,South,Wooden Toy,Wood,817.97,107.43,3.5,Large,4,1366.17,0.56,0.4,1464.4
Telangana,South,Bamboo Craft,Cane,299.23,495.12,16.5,Medium,5,1147.25,0.42,0.32,1195.25
Karnataka,South,Painting,Cloth,134.29,535.6,12.3,Medium,4,1028.3,0.96,0.39,1060.43
Assam,Northeast,Pottery,Clay,201.88,230.0,4.1,Small,4,568.21,0.72,0.73,585.87
Madhya Pradesh,Central,Painting,Canvas,493.82,1585.64,28.8,Large,5,2826.99,0.93,0.88,3085.37
Rajasthan,West,Stone Carving,Soapstone,81.75,229.48,6.9,Medium,1,419.39,0.63,0.77,459.7
Uttar Pradesh,North,Pottery,Terracotta,908.41,115.39,3.8,Large,3,1340.56,0.76,0.5,1401.75
Tamil Nadu,South,Painting,Cloth,346.63,686.95,15.9,Large,2,1322.24,0.66,0.77,1379.96
Kerala,South,Wooden Toy,Bamboo,259.61,606.15,11.6,Large,2,1124.45,0.83,0.77,1247.42
Telangana,South,Jewelry,Silver,599.38,706.79,15.2,Large,3,1899.02,0.64,0.7,1934.58
Maharashtra,West,Pottery,Terracotta,749.69,191.99,6.0,Large,2,1285.1,0.98,0.97,1456.24
Kerala,South,Wooden Toy,Wood,115.19,345.9,6.3,Small,5,776.95,0.97,0.74,878.52
Andhra Pradesh,South,Painting,Cloth,159.2,617.23,11.0,Small,5,1201.62,0.69,0.53,1206.22
Uttar Pradesh,North,Metal Craft,Copper,805.29,568.48,14.3,Large,4,1808.56,0.63,0.87,2020.55
Karnataka,South,Wooden Toy,Bamboo,364.13,477.94,11.4,Small,3,1079.14,0.45,0.56,1064.76
Punjab,North,Wooden Toy,Bamboo,262.54,347.02,6.2,Small,2,722.96,0.32,0.75,755.93
Punjab,North,Painting,Paper,864.3,1249.22,21.6,Large,2,2303.22,0.53,0.65,2272.9
Madhya Pradesh,Central,Handloom Textile,Cotton,134.04,79.39,2.1,Small,2,240.91,0.42,0.32,227.77
Maharashtra,West,Wooden Toy,Bamboo,738.31,367.15,6.4,Large,1,1550.78,0.92,0.76,1633.27
Andhra Pradesh,South,Bamboo Craft,Bamboo,394.71,608.33,10.7,Small,1,1340.93,0.76,0.54,1400.57
Telangana,South,Pottery,Terracotta,592.68,288.29,5.0,Large,2,1081.8,0.4,0.46,1119.57
Assam,Northeast,Pottery,Clay,266.77,108.1,3.6,Small,4,534.52,0.83,0.99,594.99
Odisha,East,Handloom Textile,Cotton,366.32,251.61,5.5,Small,4,875.97,0.63,0.61,926.09
Rajasthan,West,Jewelry,Beads,160.85,118.3,3.8,Small,5,441.94,0.71,0.46,473.45
West Bengal,East,Bamboo Craft,Cane,288.42,419.5,9.3,Small,1,881.29,0.93,0.96,1011.48
Odisha,East,Bamboo Craft,Cane,156.3,451.04,11.8,Small,1,572.43,0.44,0.61,616.7
Telangana,South,Bamboo Craft,Cane,255.95,352.68,7.1,Small,3,870.56,0.65,0.32,920.12
West Bengal,East,Bamboo Craft,Cane,195.86,342.33,9.3,Small,5,715.55,0.45,0.41,749.61
Karnataka,South,Bamboo Craft,Bamboo,815.45,595.92,12.5,Large,5,2193.51,0.8,0.47,2462.64
Gujarat,West,Bamboo Craft,Bamboo,425.83,758.51,18.9,Medium,1,1484.57,0.79,0.46,1584.82
Karnataka,South,Wooden Toy,Wood,161.87,106.08,2.8,Small,5,388.97,0.33,0.79,380.23
Telangana,South,Jewelry,Terracotta,176.15,164.48,3.4,Medium,2,372.6,0.37,0.83,374.02
Andhra Pradesh,South,Bamboo Craft,Cane,868.16,688.85,21.4,Large,4,2634.53,0.87,0.65,2915.65
Gujarat,West,Handloom Textile,Cotton,692.74,1057.34,28.6,Large,1,2068.99,0.74,0.62,2102.57
Odisha,East,Bamboo Craft,Cane,220.15,916.79,19.5,Large,1,1248.11,0.69,0.32,1355.92
Uttar Pradesh,North,Metal Craft,Copper,302.65,672.77,12.6,Medium,1,1263.6,0.85,0.66,1364.54
West Bengal,East,Handloom Textile,Cotton,361.04,138.26,3.6,Small,5,648.34,0.34,0.86,647.88
Tamil Nadu,South,Stone Carving,Marble,209.8,962.81,17.5,Medium,2,1538.06,0.69,0.73,1632.08
Telangana,South,Wooden Toy,Wood,370.42,102.13,2.4,Small,2,592.73,0.54,0.65,619.78
Uttar Pradesh,North,Painting,Cloth,98.97,246.0,6.6,Small,2,422.68,0.43,0.35,420.26
Uttar Pradesh,North,Wooden Toy,Wood,646.38,1088.2,21.6,Large,3,2246.39,0.63,0.57,2396.07
Telangana,South,Handloom Textile,Silk,357.08,927.98,16.5,Medium,3,1728.08,0.42,0.4,1698.99
Odisha,East,Painting,Canvas,56.5,397.52,10.8,Small,1,563.52,0.95,0.8,611.17
West Bengal,East,Bamboo Craft,Bamboo,131.97,235.59,6.7,Small,4,447.69,0.51,0.53,446.1
West Bengal,East,Pottery,Clay,325.99,86.39,2.8,Small,4,553.9,0.74,0.98,585.78
Odisha,East,Stone Carving,Soapstone,249.64,588.74,11.0,Small,3,1097.12,0.74,0.52,1115.71
Andhra Pradesh,South,Pottery,Terracotta,287.63,530.56,9.0,Small,1,949.93,0.48,0.31,977.22
Andhra Pradesh,South,Jewelry,Silver,522.63,189.26,5.0,Medium,2,994.63,0.66,0.53,1043.52
Tamil Nadu,South,Painting,Paper,527.76,627.67,11.8,Medium,1,1291.09,0.53,0.88,1376.51
Gujarat,West,Bamboo Craft,Bamboo,299.77,593.18,15.0,Large,4,1252.29,0.49,0.98,1371.93
Kerala,South,Jewelry,Beads,394.46,61.16,1.2,Small,4,638.26,0.48,0.33,673.43
Madhya Pradesh,Central,Handloom Textile,Wool,86.59,536.0,11.9,Medium,3,828.23,0.91,0.36,908.28
Andhra Pradesh,South,Stone Carving,Marble,284.18,623.5,11.4,Small,5,1293.98,0.33,0.63,1279.34
Karnataka,South,Metal Craft,Brass,207.97,223.44,5.2,Small,4,762.74,0.99,0.36,828.11
Maharashtra,West,Jewelry,Silver,429.3,661.19,16.2,Medium,2,1434.05,0.6,0.59,1571.31
Telangana,South,Bamboo Craft,Bamboo,816.3,176.19,5.3,Large,5,1595.31,0.6,0.37,1579.66
Assam,Northeast,Handloom Textile,Cotton,372.53,67.15,1.7,Medium,5,676.81,0.77,0.64,759.22
Maharashtra,West,Handloom Textile,Wool,281.08,132.89,2.4,Medium,4,651.13,0.94,0.87,771.66
Telangana,South,Wooden Toy,Bamboo,337.21,1230.68,21.5,Large,2,1867.51,0.46,0.94,2070.39
Andhra Pradesh,South,Stone Carving,Soapstone,356.26,872.33,27.6,Large,2,1660.66,0.8,0.67,1749.46
Odisha,East,Bamboo Craft,Bamboo,475.13,232.93,5.0,Medium,1,671.16,0.48,0.97,688.73
Karnataka,South,Painting,Paper,323.54,491.86,13.3,Large,1,1021.34,0.64,0.91,1113.39
Gujarat,West,Jewelry,Beads,194.76,724.34,20.7,Large,1,1206.73,0.85,0.48,1278.9
Maharashtra,West,Painting,Canvas,350.58,112.73,2.4,Small,5,776.08,0.4,0.79,796.1
Punjab,North,Wooden Toy,Bamboo,220.83,511.05,11.2,Small,2,938.97,0.64,0.7,956.26
Rajasthan,West,Metal Craft,Brass,809.73,447.17,13.9,Large,1,1549.1,0.85,0.56,1703.32
Karnataka,South,Painting,Paper,572.87,1010.15,17.2,Medium,2,2160.55,0.91,0.3,2392.22
Madhya Pradesh,Central,Painting,Paper,427.65,881.87,18.3,Large,5,1745.65,0.56,0.93,1860.44
Karnataka,South,Painting,Cloth,399.13,226.25,6.4,Small,4,988.25,0.66,0.87,1101.05
Kerala,South,Stone Carving,Soapstone,714.74,508.35,9.1,Large,1,1477.92,0.93,0.44,1686.75
Assam,Northeast,Pottery,Terracotta,849.39,1471.37,26.0,Large,3,2832.86,0.68,0.75,2895.22
West Bengal,East,Wooden Toy,Bamboo,497.48,519.03,10.5,Medium,3,1207.43,0.65,0.64,1249.25
Madhya Pradesh,Central,Handloom Textile,Wool,105.6,189.41,3.2,Small,5,382.96,0.41,0.49,391.5
Rajasthan,West,Wooden Toy,Bamboo,103.89,519.49,9.7,Small,1,812.05,0.47,0.5,857.57
Gujarat,West,Stone Carving,Soapstone,706.15,195.72,4.6,Large,1,1141.75,0.69,0.43,1209.88
Rajasthan,West,Stone Carving,Marble,395.0,1269.91,23.0,Large,5,2485.11,0.53,0.89,2734.16
Madhya Pradesh,Central,Pottery,Clay,103.46,93.58,1.9,Small,3,229.09,0.63,0.94,242.16
Andhra Pradesh,South,Pottery,Terracotta,540.62,580.79,14.4,Large,5,1980.33,0.79,0.83,2284.38
Assam,Northeast,Handloom Textile,Wool,143.33,372.27,8.9,Small,3,699.36,0.77,0.63,772.15
Rajasthan,West,Metal Craft,Bronze,920.09,1392.92,24.4,Large,4,3664.2,0.87,0.62,3946.61
Telangana,South,Wooden Toy,Wood,91.33,487.64,10.8,Medium,3,879.12,0.67,0.98,924.72
Maharashtra,West,Painting,Paper,429.86,555.1,13.6,Large,1,1335.47,0.86,0.67,1517.8
Maharashtra,West,Metal Craft,Copper,796.98,303.36,5.9,Large,3,1455.71,0.6,0.51,1513.62
Punjab,North,Pottery,Clay,279.04,305.04,6.0,Medium,1,645.87,0.84,0.47,720.09
Tamil Nadu,South,Jewelry,Silver,85.58,883.8,18.1,Medium,1,1025.95,0.53,0.47,1023.88
Tamil Nadu,South,Bamboo Craft,Cane,98.2,269.47,7.7,Small,2,463.46,0.67,0.71,470.63
Maharashtra,West,Bamboo Craft,Bamboo,151.29,161.74,3.1,Large,1,376.83,0.52,0.86,396.56
Telangana,South,Jewelry,Terracotta,550.82,809.95,21.2,Large,2,1593.51,0.39,0.69,1620.75
Maharashtra,West,Stone Carving,Soapstone,442.29,500.67,10.3,Medium,1,1249.55,0.68,0.82,1353.99
Telangana,South,Handloom Textile,Cotton,287.62,455.46,10.6,Small,2,967.9,0.59,0.83,984.52
Assam,Northeast,Stone Carving,Soapstone,869.37,167.85,3.2,Large,3,1195.46,0.83,0.97,1348.22
Uttar Pradesh,North,Stone Carving,Soapstone,479.39,363.08,11.1,Large,5,1195.24,0.69,0.64,1289.53
Assam,Northeast,Painting,Cloth,493.25,863.13,15.1,Medium,5,1949.07,0.59,0.97,2055.02
Kerala,South,Metal Craft,Brass,169.2,391.13,9.3,Medium,2,775.84,0.7,0.71,833.74
Maharashtra,West,Stone Carving,Soapstone,86.69,408.65,10.4,Small,2,802.15,0.98,0.38,834.63
Rajasthan,West,Metal Craft,Copper,130.86,76.73,1.5,Small,5,400.52,0.9,0.6,442.9
Kerala,South,Metal Craft,Brass,270.5,400.71,10.3,Small,2,916.16,0.55,0.93,1028.7
Kerala,South,Handloom Textile,Cotton,365.64,131.31,2.4,Small,3,680.87,0.59,0.99,739.29
Odisha,East,Bamboo Craft,Cane,376.67,235.43,7.3,Medium,3,777.7,0.93,0.86,898.93
Kerala,South,Handloom Textile,Wool,645.71,496.59,13.2,Large,1,1486.88,0.9,0.79,1672.41
Uttar Pradesh,North,Stone Carving,Soapstone,81.87,222.03,6.2,Small,3,413.12,0.45,0.76,424.58
Maharashtra,West,Bamboo Craft,Cane,122.71,454.7,8.1,Small,1,769.6,0.82,0.91,876.9
Gujarat,West,Painting,Canvas,158.44,320.99,7.7,Medium,3,755.57,0.66,0.95,789.37
Kerala,South,Wooden Toy,Bamboo,265.14,456.92,11.8,Large,3,1124.32,0.73,0.93,1253.53
Maharashtra,West,Metal Craft,Bronze,824.05,590.87,16.3,Large,2,2032.98,0.67,0.69,2104.21
Punjab,North,Painting,Cloth,429.38,705.4,12.0,Large,1,1352.06,0.61,0.83,1409.54
Madhya Pradesh,Central,Painting,Canvas,250.15,477.96,10.8,Small,5,991.47,0.96,0.45,1127.49
Tamil Nadu,South,Metal Craft,Brass,554.7,962.29,19.1,Medium,5,2794.78,0.96,0.88,3178.82
Assam,Northeast,Handloom Textile,Silk,294.12,773.34,18.0,Medium,1,1127.41,0.68,0.61,1193.45
Rajasthan,West,Wooden Toy,Wood,160.29,1113.63,25.7,Large,5,1957.21,0.71,0.4,1996.67
Andhra Pradesh,South,Metal Craft,Brass,296.61,120.26,2.1,Small,1,446.83,0.45,0.44,428.79
West Bengal,East,Painting,Paper,768.32,1234.83,25.5,Large,1,2046.66,0.43,0.5,2177.01
West Bengal,East,Jewelry,Silver,218.52,626.16,14.5,Medium,3,945.12,0.51,0.62,1010.91
Odisha,East,Wooden Toy,Bamboo,216.25,461.53,14.4,Medium,2,933.03,0.97,0.44,1052.7
Madhya Pradesh,Central,Jewelry,Beads,622.0,518.22,10.0,Medium,3,1320.43,0.56,0.43,1309.26
Karnataka,South,Metal Craft,Copper,629.94,157.33,3.3,Medium,3,1164.57,0.74,0.68,1202.79
Maharashtra,West,Pottery,Clay,586.22,582.05,10.0,Large,4,1753.16,0.83,0.98,1913.2
Madhya Pradesh,Central,Jewelry,Beads,189.44,67.09,1.8,Medium,2,297.41,0.78,0.46,329.81
Punjab,North,Jewelry,Terracotta,468.5,349.98,8.5,Medium,2,1033.71,0.62,0.42,1056.1
Assam,Northeast,Pottery,Clay,348.33,449.33,9.3,Small,3,980.21,0.55,0.45,1006.73
Maharashtra,West,Stone Carving,Marble,308.79,265.71,7.6,Large,4,952.67,0.84,0.46,1017.68
Tamil Nadu,South,Wooden Toy,Bamboo,606.87,1434.43,25.6,Large,3,2795.41,0.62,0.31,2905.27
Gujarat,West,Bamboo Craft,Cane,588.52,678.6,19.6,Large,5,2277.04,0.75,0.43,2366.35
Punjab,North,Bamboo Craft,Bamboo,298.46,63.35,1.5,Small,4,565.74,0.79,0.46,611.64
Telangana,South,Painting,Canvas,409.03,346.89,7.8,Medium,5,1274.08,0.72,0.63,1353.36
Telangana,South,Painting,Paper,289.91,241.39,8.0,Large,4,807.69,0.51,0.82,823.2
Andhra Pradesh,South,Wooden Toy,Wood,385.67,373.81,6.5,Small,3,1017.08,0.79,0.81,1081.33
Telangana,South,Painting,Canvas,127.4,859.1,21.3,Large,3,1545.82,0.85,0.54,1606.68
Gujarat,West,Bamboo Craft,Cane,265.63,481.7,11.4,Large,2,914.01,0.54,0.83,951.92
Karnataka,South,Pottery,Terracotta,548.85,163.16,2.8,Medium,1,902.28,0.99,0.36,968.25
Odisha,East,Stone Carving,Soapstone,772.17,892.89,18.1,Large,4,2516.57,0.83,0.38,2740.34
Assam,Northeast,Metal Craft,Bronze,604.97,1321.14,25.9,Large,4,2326.6,0.44,0.6,2268.5
Madhya Pradesh,Central,Pottery,Terracotta,921.9,295.36,5.8,Large,5,1797.18,0.65,0.32,1926.53
Karnataka,South,Metal Craft,Brass,560.38,282.65,8.4,Large,1,991.12,0.55,0.48,1073.03
Kerala,South,Stone Carving,Soapstone,602.96,1282.73,25.9,Large,2,2431.79,0.63,0.9,2726.25
Rajasthan,West,Bamboo Craft,Bamboo,243.28,217.07,3.9,Medium,3,743.72,0.71,0.92,773.81
Gujarat,West,Stone Carving,Marble,360.54,399.96,8.2,Medium,3,1192.67,0.86,0.5,1317.36
West Bengal,East,Pottery,Clay,232.92,1151.58,23.9,Large,2,1639.67,0.96,0.54,1803.63
Punjab,North,Pottery,Clay,192.08,872.5,28.0,Large,3,1452.58,0.83,0.67,1510.05
Assam,Northeast,Stone Carving,Soapstone,428.41,457.28,11.9,Medium,3,1136.61,0.94,0.51,1248.75
Tamil Nadu,South,Stone Carving,Marble,85.08,465.97,11.3,Small,2,674.01,0.36,0.57,681.14
West Bengal,East,Metal Craft,Copper,468.94,100.19,2.6,Medium,4,872.63,0.87,0.36,892.63
Rajasthan,West,Bamboo Craft,Bamboo,342.06,241.83,5.0,Small,2,704.78,0.41,0.35,675.98
West Bengal,East,Handloom Textile,Cotton,382.42,762.6,16.0,Large,5,1777.41,0.85,0.76,1938.84
Madhya Pradesh,Central,Pottery,Terracotta,345.33,491.86,8.9,Medium,1,844.88,0.46,0.3,819.99
Tamil Nadu,South,Bamboo Craft,Bamboo,578.46,539.44,16.7,Medium,3,1475.48,0.37,0.65,1464.42
Telangana,South,Stone Carving,Marble,481.41,480.91,12.1,Medium,5,1319.08,0.32,0.83,1398.75
West Bengal,East,Stone Carving,Marble,473.04,988.92,17.6,Large,3,1869.46,0.9,0.56,2101.18
Karnataka,South,Pottery,Clay,201.58,177.11,3.1,Small,2,422.82,0.44,0.32,428.86
Madhya Pradesh,Central,Handloom Textile,Silk,281.59,174.24,4.4,Small,2,452.48,0.54,0.78,498.99
Kerala,South,Pottery,Terracotta,306.92,1012.2,28.8,Large,1,1541.63,0.84,0.46,1722.05
Tamil Nadu,South,Wooden Toy,Bamboo,560.9,444.33,8.7,Medium,1,1183.63,0.69,0.9,1291.0
Andhra Pradesh,South,Pottery,Clay,527.71,663.9,11.7,Large,5,1805.3,0.42,0.4,1844.25
Odisha,East,Wooden Toy,Bamboo,118.12,309.5,5.3,Small,3,538.65,0.47,0.77,558.38
Karnataka,South,Pottery,Terracotta,907.52,953.48,21.8,Large,1,2317.44,0.7,0.78,2603.1
Punjab,North,Pottery,Clay,419.79,375.08,10.3,Large,2,963.95,0.33,0.33,967.94
Odisha,East,Handloom Textile,Cotton,674.85,1031.86,18.6,Large,3,2098.78,0.64,0.91,2372.35
Karnataka,South,Pottery,Clay,706.87,431.69,9.2,Large,3,1631.03,0.67,0.4,1666.92
Odisha,East,Stone Carving,Soapstone,68.32,561.39,11.4,Small,5,946.09,0.91,0.77,1053.05
Punjab,North,Handloom Textile,Wool,687.63,1045.56,27.8,Large,1,2203.98,0.91,0.95,2599.32
Tamil Nadu,South,Wooden Toy,Wood,454.22,1409.9,27.6,Large,2,2210.83,0.33,0.93,2274.56
Telangana,South,Bamboo Craft,Bamboo,595.83,277.67,6.3,Large,1,1072.48,0.88,0.31,1083.19
Andhra Pradesh,South,Painting,Cloth,469.2,1165.6,21.6,Large,5,2694.3,0.96,0.73,3143.38
Kerala,South,Painting,Paper,321.36,371.35,7.3,Small,2,952.89,0.95,0.8,1092.07
Assam,Northeast,Stone Carving,Soapstone,102.56,354.39,8.4,Medium,2,445.07,0.42,0.32,451.6
West Bengal,East,Handloom Textile,Silk,330.8,480.65,11.9,Small,3,981.39,0.72,0.96,1102.52
Tamil Nadu,South,Painting,Canvas,754.18,262.44,4.7,Large,2,1295.92,0.87,0.32,1314.99
Maharashtra,West,Stone Carving,Soapstone,401.18,726.33,15.8,Large,1,1329.27,0.49,0.94,1339.66
Tamil Nadu,South,Stone Carving,Soapstone,155.08,287.28,6.8,Small,4,671.67,0.49,0.39,717.66
Telangana,South,Painting,Paper,396.82,606.76,12.5,Large,3,1576.02,0.8,0.57,1708.5
Uttar Pradesh,North,Painting,Canvas,498.33,1142.39,19.5,Large,4,2394.73,0.86,0.33,2543.89
Telangana,South,Jewelry,Silver,160.08,476.66,8.7,Small,4,951.86,0.81,0.99,1103.75
Uttar Pradesh,North,Stone Carving,Marble,318.32,260.12,5.0,Small,4,766.1,0.37,0.85,773.86
Uttar Pradesh,North,Pottery,Terracotta,447.24,468.07,12.9,Medium,5,1280.27,0.32,0.6,1339.08
Uttar Pradesh,North,Pottery,Clay,374.88,357.78,6.8,Small,4,975.01,0.61,0.82,1027.47
Gujarat,West,Pottery,Clay,271.98,62.01,1.2,Small,3,515.7,0.88,0.58,583.5
Andhra Pradesh,South,Stone Carving,Marble,771.55,397.19,10.0,Large,4,1695.32,0.78,0.69,1800.71
Tamil Nadu,South,Handloom Textile,Silk,875.99,1227.33,20.6,Large,4,3133.44,0.84,0.96,3601.76
Telangana,South,Metal Craft,Bronze,91.32,590.65,13.4,Medium,3,988.75,0.54,0.9,998.24
Maharashtra,West,Jewelry,Beads,631.98,513.88,12.1,Large,3,1937.81,0.88,0.52,2030.53
Kerala,South,Painting,Canvas,281.95,315.55,8.4,Small,3,849.58,0.53,0.88,884.8
Maharashtra,West,Painting,Canvas,568.52,145.05,4.0,Large,2,1035.56,0.64,0.36,1096.67
Karnataka,South,Pottery,Clay,380.27,500.62,8.6,Small,4,1454.24,0.69,0.72,1583.86
Uttar Pradesh,North,Wooden Toy,Wood,97.24,817.45,14.3,Medium,5,1515.97,0.86,0.71,1752.9
Uttar Pradesh,North,Stone Carving,Marble,130.77,512.08,13.3,Medium,5,936.2,0.75,0.73,982.0
Odisha,East,Pottery,Clay,642.17,220.14,5.8,Large,5,1318.6,0.88,0.53,1499.83
Punjab,North,Painting,Cloth,129.5,255.43,5.3,Small,3,581.33,0.83,0.93,666.08
Uttar Pradesh,North,Painting,Cloth,311.8,128.69,3.1,Large,3,564.04,0.4,0.8,554.6
West Bengal,East,Stone Carving,Marble,342.81,158.98,3.7,Small,4,694.12,0.77,0.6,711.42
Tamil Nadu,South,Jewelry,Beads,304.81,867.57,15.1,Medium,4,1792.8,0.59,0.6,1966.53
Maharashtra,West,Painting,Canvas,143.47,312.5,5.8,Small,2,651.95,0.73,0.38,661.65
West Bengal,East,Metal Craft,Bronze,228.58,382.75,6.8,Small,4,779.1,0.62,0.5,845.6
Gujarat,West,Bamboo Craft,Cane,263.65,484.37,13.6,Large,4,1199.16,0.84,0.63,1285.8
Maharashtra,West,Pottery,Terracotta,835.86,876.11,17.0,Large,5,2976.75,0.93,0.93,3522.83
Uttar Pradesh,North,Painting,Cloth,140.9,699.55,12.3,Large,2,960.35,0.49,0.49,993.93
West Bengal,East,Wooden Toy,Bamboo,325.47,818.6,14.4,Medium,4,1732.38,0.77,0.44,1792.26
Odisha,East,Jewelry,Terracotta,245.91,225.13,4.8,Large,3,531.62,0.38,0.4,518.38
Punjab,North,Metal Craft,Copper,261.48,528.4,10.0,Small,1,942.69,0.48,0.47,910.33
Odisha,East,Wooden Toy,Wood,572.64,297.93,5.1,Medium,3,1112.0,0.54,0.61,1167.61
Punjab,North,Wooden Toy,Bamboo,258.05,586.71,11.3,Medium,1,879.03,0.33,0.31,830.52
Gujarat,West,Stone Carving,Soapstone,452.03,232.12,5.4,Medium,3,876.78,0.44,0.68,857.2
Karnataka,South,Handloom Textile,Cotton,67.9,394.09,11.5,Small,3,623.28,0.8,0.35,660.23
Odisha,East,Pottery,Clay,340.33,1067.71,18.3,Medium,1,1608.3,0.85,0.72,1738.34
Rajasthan,West,Bamboo Craft,Bamboo,915.55,866.91,18.3,Large,3,2689.09,0.46,0.33,2648.5
Karnataka,South,Painting,Paper,327.85,198.39,3.6,Medium,5,710.51,0.32,0.88,760.44
West Bengal,East,Jewelry,Beads,305.42,131.53,2.8,Small,4,609.78,0.52,0.42,616.44
Odisha,East,Wooden Toy,Bamboo,303.18,190.86,4.6,Medium,5,828.68,0.91,0.55,948.6
Gujarat,West,Stone Carving,Marble,161.14,262.64,4.7,Medium,1,501.64,0.57,0.3,516.62
Madhya Pradesh,Central,Handloom Textile,Silk,527.59,129.93,3.9,Medium,5,988.55,0.95,0.83,1142.29
Punjab,North,Stone Carving,Marble,480.24,921.85,22.4,Large,3,1750.56,0.47,0.81,1925.11
Rajasthan,West,Jewelry,Silver,275.71,1032.2,17.8,Medium,1,1552.53,0.47,0.86,1702.83
Assam,Northeast,Handloom Textile,Silk,332.07,646.93,14.7,Medium,1,946.67,0.46,0.44,986.2
Telangana,South,Jewelry,Silver,628.26,792.48,20.6,Large,1,1813.92,0.64,0.33,1970.94
Madhya Pradesh,Central,Pottery,Terracotta,307.85,63.17,1.8,Medium,1,417.18,0.76,0.73,440.51
Odisha,East,Painting,Cloth,317.27,341.29,8.6,Small,3,833.67,0.68,0.4,906.18
Punjab,North,Pottery,Terracotta,473.8,1173.61,24.6,Large,3,2067.09,0.43,0.71,2108.55
Gujarat,West,Stone Carving,Marble,146.99,286.43,8.9,Medium,4,604.31,0.37,0.59,639.65
Telangana,South,Painting,Paper,435.59,1028.33,22.4,Large,2,2148.71,0.79,0.48,2301.97
Karnataka,South,Bamboo Craft,Cane,340.96,165.03,5.0,Small,4,778.67,0.77,0.31,790.88
Telangana,South,Jewelry,Terracotta,647.0,1243.28,28.3,Large,1,2417.65,0.87,0.66,2771.47
West Bengal,East,Handloom Textile,Silk,578.38,598.87,15.4,Medium,2,1385.19,0.68,0.46,1451.03
Andhra Pradesh,South,Bamboo Craft,Cane,545.72,738.43,17.4,Medium,4,1635.12,0.31,0.9,1702.31
Rajasthan,West,Pottery,Clay,93.98,512.38,8.6,Medium,3,791.17,0.37,0.6,836.34
Assam,Northeast,Metal Craft,Bronze,354.27,116.77,3.6,Small,3,598.34,0.74,0.54,605.41
Uttar Pradesh,North,Handloom Textile,Silk,96.69,312.79,8.6,Small,1,475.78,0.9,0.34,537.62
Kerala,South,Handloom Textile,Cotton,201.58,308.68,8.7,Small,3,704.42,0.73,0.81,792.48
Maharashtra,West,Painting,Paper,417.91,392.53,8.4,Medium,4,1264.52,0.7,0.42,1304.18
Uttar Pradesh,North,Wooden Toy,Wood,190.32,418.08,9.4,Small,3,866.21,0.96,0.51,979.14
Kerala,South,Wooden Toy,Bamboo,385.77,353.92,11.2,Medium,5,1266.09,0.58,0.49,1285.28
Kerala,South,Wooden Toy,Bamboo,359.57,337.91,8.4,Small,1,910.94,0.68,0.89,952.8
Assam,Northeast,Pottery,Terracotta,405.24,350.13,11.2,Large,3,903.24,0.72,0.9,1012.4
Assam,Northeast,Pottery,Terracotta,431.51,280.7,8.2,Medium,1,794.43,0.8,0.9,832.73
Gujarat,West,Bamboo Craft,Bamboo,125.68,84.8,1.8,Small,5,392.47,0.83,0.38,420.63
Madhya Pradesh,Central,Pottery,Terracotta,466.38,607.95,18.7,Medium,1,1172.57,0.93,0.39,1315.98
Andhra Pradesh,South,Pottery,Terracotta,587.5,502.14,10.5,Medium,5,1677.43,0.8,0.88,1912.96
Madhya Pradesh,Central,Jewelry,Terracotta,524.27,610.85,14.3,Large,2,1283.72,0.66,0.96,1464.92
Gujarat,West,Handloom Textile,Cotton,113.1,489.3,9.0,Small,2,862.65,0.78,0.72,973.88
Andhra Pradesh,South,Metal Craft,Copper,540.12,210.74,3.8,Medium,3,1107.06,0.59,0.48,1139.84
Assam,Northeast,Wooden Toy,Bamboo,799.03,283.11,9.4,Large,3,1361.87,0.65,0.37,1378.54
Madhya Pradesh,Central,Pottery,Terracotta,492.66,181.42,4.7,Large,4,937.89,0.85,0.41,1049.52
Maharashtra,West,Handloom Textile,Silk,287.94,329.36,9.9,Small,3,898.83,0.48,0.93,964.36
Maharashtra,West,Stone Carving,Soapstone,282.32,175.49,5.6,Small,5,801.99,0.85,0.78,922.53
Karnataka,South,Wooden Toy,Wood,268.25,382.05,6.8,Medium,5,1018.83,0.86,0.66,1080.69
Gujarat,West,Metal Craft,Bronze,671.23,694.19,12.6,Large,3,2122.62,0.96,0.86,2466.92
Punjab,North,Pottery,Clay,276.81,139.51,4.5,Medium,4,551.67,0.57,0.93,572.44
Karnataka,South,Jewelry,Beads,623.1,107.15,2.0,Medium,1,917.85,0.52,0.33,894.79
Assam,Northeast,Handloom Textile,Silk,243.12,127.82,4.0,Small,2,347.32,0.33,0.38,353.2
Maharashtra,West,Stone Carving,Soapstone,219.95,204.25,4.8,Small,3,701.15,0.95,0.94,826.98
Assam,Northeast,Pottery,Terracotta,259.0,401.81,8.3,Medium,4,852.37,0.74,0.64,963.02
Assam,Northeast,Stone Carving,Soapstone,337.39,300.55,5.8,Small,2,662.52,0.49,0.37,664.03
Madhya Pradesh,Central,Metal Craft,Bronze,55.79,407.76,10.0,Small,3,530.55,0.71,0.35,577.39
Gujarat,West,Stone Carving,Soapstone,631.3,1648.97,27.5,Large,1,3004.8,0.56,0.51,3276.55
Punjab,North,Wooden Toy,Wood,648.9,1250.79,23.4,Large,4,2801.28,0.55,0.7,2998.47
Punjab,North,Bamboo Craft,Bamboo,91.85,257.51,7.5,Medium,2,374.95,0.46,0.93,383.28
Uttar Pradesh,North,Metal Craft,Copper,380.04,860.63,18.7,Large,1,1280.7,0.45,0.41,1293.84
Tamil Nadu,South,Bamboo Craft,Bamboo,347.79,1203.3,27.4,Large,2,1790.25,0.34,0.81,1865.61
Assam,Northeast,Jewelry,Beads,236.57,616.71,11.6,Medium,4,1147.58,0.95,0.48,1248.85
Assam,Northeast,Bamboo Craft,Cane,374.51,356.39,10.9,Small,5,857.75,0.39,0.65,860.56
Assam,Northeast,Stone Carving,Soapstone,101.93,467.88,8.0,Small,1,658.35,1.0,0.56,756.77
Gujarat,West,Stone Carving,Marble,145.78,579.03,13.7,Medium,4,984.76,0.44,0.58,1027.81
Assam,Northeast,Handloom Textile,Cotton,138.46,147.98,4.4,Small,5,424.88,0.91,0.65,471.32
Uttar Pradesh,North,Handloom Textile,Cotton,309.88,261.77,5.0,Medium,2,685.66,0.39,0.37,662.64
Telangana,South,Bamboo Craft,Bamboo,251.79,434.81,10.0,Medium,5,1170.43,0.8,0.74,1307.1
Gujarat,West,Metal Craft,Brass,152.41,194.13,4.5,Small,3,519.62,0.52,0.99,535.17
Kerala,South,Pottery,Clay,124.7,130.63,3.5,Large,5,402.48,0.38,0.67,421.06
Gujarat,West,Painting,Paper,200.74,389.04,8.6,Medium,1,852.59,0.87,0.89,952.13
Andhra Pradesh,South,Handloom Textile,Cotton,468.79,169.05,3.6,Medium,3,870.86,0.47,0.6,872.36
Madhya Pradesh,Central,Painting,Cloth,68.26,33.73,1.1,Small,4,112.79,0.31,0.38,107.91
Assam,Northeast,Handloom Textile,Wool,395.38,148.82,4.4,Small,3,680.93,0.68,0.9,723.55
Madhya Pradesh,Central,Handloom Textile,Silk,246.57,461.4,8.9,Small,4,1004.42,0.77,0.91,1115.73
Punjab,North,Bamboo Craft,Bamboo,320.72,703.65,12.9,Medium,3,1160.6,0.3,0.99,1195.33
Andhra Pradesh,South,Painting,Canvas,568.34,248.1,5.6,Medium,5,1134.05,0.39,0.58,1133.7
Uttar Pradesh,North,Painting,Canvas,180.71,712.15,11.9,Small,4,1078.13,0.38,0.81,1056.03
Kerala,South,Stone Carving,Soapstone,208.48,1624.5,27.9,Large,2,2141.05,0.44,0.41,2162.77
Madhya Pradesh,Central,Jewelry,Terracotta,399.03,289.84,5.5,Medium,5,934.51,0.52,0.95,988.53
Telangana,South,Pottery,Clay,783.53,929.15,24.0,Large,1,1877.24,0.54,0.96,1908.34
Karnataka,South,Stone Carving,Marble,334.27,834.46,15.7,Medium,3,1632.14,0.94,0.67,1824.82
Odisha,East,Wooden Toy,Wood,515.9,112.58,3.2,Medium,5,882.26,0.31,0.72,910.38
Odisha,East,Jewelry,Beads,629.94,154.14,2.7,Medium,3,1148.33,0.87,0.52,1216.03
Kerala,South,Wooden Toy,Wood,578.01,901.68,17.1,Medium,2,1962.26,0.69,0.38,2017.29
West Bengal,East,Painting,Cloth,523.64,854.04,14.9,Medium,2,1596.87,0.31,0.87,1688.04
Tamil Nadu,South,Stone Carving,Soapstone,95.57,58.19,1.9,Small,3,241.1,0.74,0.74,258.08
Tamil Nadu,South,Stone Carving,Marble,166.17,432.67,7.9,Small,4,959.0,0.96,0.86,1096.72
Assam,Northeast,Metal Craft,Bronze,559.53,372.31,10.2,Medium,4,1166.89,0.42,0.3,1114.27
Telangana,South,Metal Craft,Bronze,216.55,318.32,6.8,Medium,5,765.24,0.58,0.77,778.2
Rajasthan,West,Jewelry,Silver,359.56,291.56,7.5,Medium,4,971.44,0.35,0.93,965.92
Punjab,North,Bamboo Craft,Cane,72.77,590.09,11.7,Small,2,849.09,0.59,0.79,929.65
Kerala,South,Wooden Toy,Wood,217.26,172.89,5.7,Small,1,480.9,0.95,0.72,559.57
Maharashtra,West,Metal Craft,Brass,888.54,1602.32,28.5,Large,4,4559.96,1.0,0.47,5186.21
Gujarat,West,Pottery,Terracotta,130.83,124.7,2.1,Small,4,348.97,0.51,0.91,350.96
Rajasthan,West,Painting,Cloth,340.89,294.03,5.8,Medium,1,761.69,0.7,0.35,784.96
Assam,Northeast,Bamboo Craft,Bamboo,183.94,658.47,15.5,Medium,1,742.11,0.37,0.64,724.15
Andhra Pradesh,South,Metal Craft,Brass,133.86,606.25,10.5,Small,5,1199.38,0.88,0.53,1309.43
Assam,Northeast,Metal Craft,Bronze,726.36,970.89,28.6,Large,5,2248.87,0.33,0.79,2383.86
Andhra Pradesh,South,Wooden Toy,Wood,459.94,834.07,18.4,Medium,1,1797.8,0.94,0.98,1998.15
Andhra Pradesh,South,Painting,Paper,118.68,305.13,7.0,Small,3,606.44,0.91,0.37,670.61
Karnataka,South,Metal Craft,Bronze,199.79,453.6,10.9,Large,1,863.76,0.74,0.41,905.5
Gujarat,West,Stone Carving,Marble,593.53,374.86,9.8,Medium,2,1239.68,0.4,0.3,1179.66
Karnataka,South,Pottery,Terracotta,449.05,688.87,18.0,Large,4,1731.93,0.42,0.84,1724.38
Maharashtra,West,Metal Craft,Bronze,250.7,862.4,27.7,Large,1,1644.3,0.98,0.3,1741.09
Rajasthan,West,Wooden Toy,Bamboo,605.61,357.33,7.2,Medium,5,1556.99,0.36,0.47,1563.45
Kerala,South,Handloom Textile,Cotton,899.49,768.49,13.7,Large,3,2512.58,0.61,0.99,2670.62
Rajasthan,West,Wooden Toy,Wood,864.18,900.75,24.8,Large,5,3212.72,0.74,0.35,3252.92
Gujarat,West,Pottery,Terracotta,119.66,406.85,8.6,Medium,2,759.56,0.9,0.98,816.53
Andhra Pradesh,South,Jewelry,Silver,312.19,312.74,7.2,Small,2,761.63,0.52,0.65,814.26
Kerala,South,Jewelry,Beads,384.58,787.21,17.0,Medium,2,1468.29,0.47,0.9,1497.52
Tamil Nadu,South,Metal Craft,Copper,429.16,437.12,7.9,Medium,3,1110.47,0.62,0.81,1174.21
Uttar Pradesh,North,Bamboo Craft,Cane,945.92,824.72,23.7,Large,1,2002.3,0.49,0.53,2110.85
Assam,Northeast,Stone Carving,Marble,499.73,575.84,10.6,Medium,4,1381.72,0.61,0.39,1496.23
Gujarat,West,Painting,Cloth,786.11,874.45,17.7,Large,5,2903.7,0.95,0.6,3366.64
Gujarat,West,Pottery,Terracotta,563.53,320.57,7.3,Medium,5,1578.28,0.59,0.4,1609.76
Kerala,South,Jewelry,Terracotta,570.18,227.54,4.9,Medium,1,889.47,0.32,0.83,922.78
Karnataka,South,Stone Carving,Soapstone,163.45,257.84,8.0,Large,2,533.35,0.5,0.74,563.89
Uttar Pradesh,North,Bamboo Craft,Cane,581.37,358.42,9.6,Large,5,1358.08,0.4,0.89,1366.36
Tamil Nadu,South,Metal Craft,Copper,179.24,888.79,17.0,Medium,1,1268.0,0.76,0.58,1428.96
Punjab,North,Painting,Cloth,329.03,238.34,4.3,Small,2,728.92,0.83,0.51,758.31
Uttar Pradesh,North,Metal Craft,Brass,213.28,817.55,21.5,Large,4,1432.56,0.87,1.0,1607.2
Telangana,South,Wooden Toy,Wood,330.72,512.16,9.7,Small,5,1326.26,0.54,0.62,1450.93
Tamil Nadu,South,Jewelry,Beads,164.64,426.5,11.2,Small,4,960.63,0.99,0.77,1092.99
Uttar Pradesh,North,Metal Craft,Copper,232.62,213.8,6.4,Medium,5,658.81,0.38,0.54,672.96
Tamil Nadu,South,Wooden Toy,Wood,206.17,1196.22,24.9,Large,4,2142.12,0.97,0.77,2394.48
Kerala,South,Bamboo Craft,Cane,276.97,39.58,1.3,Small,1,350.17,0.39,0.48,351.96
Gujarat,West,Metal Craft,Copper,235.94,967.26,20.2,Large,4,1668.58,0.51,0.31,1667.22
Punjab,North,Painting,Paper,166.23,400.53,8.2,Medium,3,739.44,0.68,0.46,785.39
Assam,Northeast,Bamboo Craft,Bamboo,351.3,433.4,9.3,Small,1,846.82,0.55,0.56,835.25
Madhya Pradesh,Central,Metal Craft,Bronze,395.79,418.6,8.3,Small,4,950.58,0.33,0.72,925.33
West Bengal,East,Wooden Toy,Wood,235.64,804.44,17.3,Medium,1,1162.94,0.59,0.35,1219.59
Karnataka,South,Bamboo Craft,Cane,423.86,455.94,10.6,Medium,4,1455.12,0.72,0.46,1550.42
Assam,Northeast,Painting,Cloth,381.4,774.64,14.3,Large,5,1525.65,0.41,0.5,1512.13
Rajasthan,West,Jewelry,Beads,327.38,126.91,2.4,Small,2,612.71,0.35,0.31,609.84
Kerala,South,Wooden Toy,Wood,173.14,174.62,3.6,Small,1,459.73,0.66,0.99,508.71
Madhya Pradesh,Central,Handloom Textile,Cotton,205.0,323.04,6.4,Small,4,574.96,0.37,0.53,552.71
Uttar Pradesh,North,Bamboo Craft,Bamboo,189.67,540.79,10.1,Medium,5,1017.61,0.64,0.53,1073.27
Andhra Pradesh,South,Pottery,Terracotta,231.91,735.51,12.4,Medium,2,1162.05,0.38,0.45,1223.57
Maharashtra,West,Jewelry,Silver,320.13,436.12,10.9,Small,2,1033.04,0.99,0.37,1167.8
Kerala,South,Painting,Cloth,599.27,106.89,3.2,Medium,1,732.51,0.32,0.37,759.42
Assam,Northeast,Painting,Paper,283.75,511.53,9.6,Small,2,909.95,0.67,0.86,964.44
Telangana,South,Jewelry,Silver,394.22,601.74,11.0,Medium,1,1380.3,0.99,0.59,1464.03
Tamil Nadu,South,Jewelry,Beads,515.03,252.57,8.1,Medium,5,1103.42,0.55,0.73,1213.26
Odisha,East,Metal Craft,Brass,123.5,921.85,18.0,Medium,4,1432.09,0.53,0.57,1498.9
Maharashtra,West,Painting,Canvas,684.18,566.86,12.7,Large,1,1702.54,0.99,0.45,1824.19
West Bengal,East,Wooden Toy,Bamboo,762.69,876.28,22.6,Large,3,1885.21,0.36,0.31,1845.08
West Bengal,East,Pottery,Terracotta,950.25,557.85,14.8,Large,4,2235.11,0.92,0.64,2355.74
Maharashtra,West,Pottery,Terracotta,441.65,1301.8,27.3,Large,3,2674.62,0.54,0.74,2742.71
Maharashtra,West,Jewelry,Silver,226.79,404.48,11.5,Small,3,997.18,0.8,0.73,1070.39
Madhya Pradesh,Central,Handloom Textile,Silk,255.77,495.94,13.6,Medium,4,859.83,0.59,0.43,933.03
Andhra Pradesh,South,Handloom Textile,Wool,482.63,957.87,28.0,Large,3,2163.72,0.71,0.44,2346.01
Odisha,East,Painting,Canvas,143.06,634.35,17.7,Medium,4,1154.38,0.73,0.99,1334.37
Gujarat,West,Stone Carving,Soapstone,169.91,78.43,2.2,Small,5,386.96,0.65,0.86,424.39
Andhra Pradesh,South,Metal Craft,Bronze,391.81,568.38,11.4,Large,1,1077.27,0.63,0.87,1195.12
Uttar Pradesh,North,Painting,Canvas,72.48,154.02,3.1,Small,2,290.62,0.9,0.48,316.51
Kerala,South,Painting,Canvas,198.48,846.02,15.9,Medium,4,1532.74,0.4,0.62,1535.07
Telangana,South,Handloom Textile,Cotton,651.81,178.56,3.7,Large,1,910.75,0.41,0.88,926.67
Karnataka,South,Stone Carving,Soapstone,550.9,104.75,2.5,Medium,2,899.16,0.56,0.5,954.98
Kerala,South,Wooden Toy,Wood,115.8,650.63,14.2,Medium,4,1252.79,0.93,0.52,1369.23
Tamil Nadu,South,Handloom Textile,Cotton,531.23,520.83,14.4,Large,2,1565.05,0.83,0.62,1656.11
Maharashtra,West,Metal Craft,Copper,462.34,908.25,18.2,Medium,1,1807.42,0.91,0.88,2048.1
Punjab,North,Metal Craft,Brass,251.26,609.06,16.5,Large,5,1343.39,0.82,0.67,1426.4
Odisha,East,Pottery,Clay,639.27,90.79,2.9,Medium,4,1019.93,0.45,0.98,1095.34
Assam,Northeast,Pottery,Clay,859.29,473.29,8.0,Large,5,1570.27,0.4,0.37,1581.21
Punjab,North,Pottery,Clay,776.02,717.98,12.1,Large,1,1683.21,0.6,0.41,1771.97
Kerala,South,Pottery,Clay,546.05,463.74,9.7,Medium,2,1375.4,0.49,0.75,1366.34
Madhya Pradesh,Central,Metal Craft,Bronze,576.46,431.97,11.5,Medium,5,1450.15,0.97,0.64,1554.02
Maharashtra,West,Pottery,Clay,325.34,1181.75,24.4,Large,3,2214.46,0.94,0.46,2284.04
Rajasthan,West,Bamboo Craft,Bamboo,227.75,610.19,12.0,Small,4,1335.31,0.52,0.91,1344.09
Gujarat,West,Wooden Toy,Wood,537.44,237.98,6.9,Medium,3,1062.95,0.46,0.63,1069.46
Telangana,South,Bamboo Craft,Bamboo,176.44,895.55,15.0,Medium,3,1502.59,0.84,0.51,1570.91
Madhya Pradesh,Central,Jewelry,Beads,234.82,818.75,17.0,Large,2,1174.23,0.79,0.78,1260.69
Kerala,South,Jewelry,Silver,288.53,174.62,4.8,Small,4,623.2,0.56,0.49,666.83
Gujarat,West,Jewelry,Beads,836.61,261.93,8.2,Large,3,1652.47,0.82,0.45,1685.28
Karnataka,South,Painting,Canvas,129.19,525.08,9.7,Small,5,914.17,0.44,0.54,888.99
Tamil Nadu,South,Pottery,Terracotta,635.62,606.04,13.1,Medium,4,2069.73,0.84,0.89,2179.94
Punjab,North,Bamboo Craft,Cane,115.38,338.44,8.2,Small,4,768.78,0.99,0.77,836.5
Punjab,North,Wooden Toy,Wood,845.72,650.59,10.9,Large,1,1696.91,0.41,0.66,1725.25
Uttar Pradesh,North,Metal Craft,Copper,342.13,812.43,19.0,Medium,5,1902.25,0.72,0.34,2019.99
Assam,Northeast,Metal Craft,Bronze,459.38,133.7,2.8,Large,3,659.86,0.31,0.3,624.99
Rajasthan,West,Wooden Toy,Bamboo,281.19,619.57,19.6,Large,5,1472.35,0.52,0.4,1527.64
Kerala,South,Jewelry,Beads,725.75,297.37,9.1,Large,2,1332.26,0.36,0.6,1306.76
West Bengal,East,Painting,Paper,223.78,163.77,3.4,Medium,4,580.99,0.78,0.75,632.01
Punjab,North,Handloom Textile,Silk,97.06,209.47,4.2,Small,1,372.71,0.73,0.67,406.49
West Bengal,East,Stone Carving,Soapstone,860.31,955.11,17.9,Large,2,2191.91,0.47,0.77,2256.89
West Bengal,East,Metal Craft,Brass,322.69,286.07,9.0,Small,5,971.54,0.71,0.39,1052.18
West Bengal,East,Metal Craft,Bronze,141.45,176.99,3.7,Medium,2,367.21,0.54,0.32,368.7
Karnataka,South,Wooden Toy,Bamboo,85.38,563.03,9.8,Small,3,901.36,0.83,0.88,973.75
Madhya Pradesh,Central,Jewelry,Terracotta,122.98,549.31,9.4,Small,1,743.39,0.8,0.92,813.1
Assam,Northeast,Stone Carving,Soapstone,477.64,136.15,4.4,Large,5,879.19,0.79,0.61,954.52
Rajasthan,West,Pottery,Clay,353.0,661.84,15.0,Large,1,1243.68,0.57,0.87,1341.04
Maharashtra,West,Metal Craft,Bronze,872.24,1434.83,25.3,Large,1,2662.93,0.49,0.32,2622.37
Maharashtra,West,Stone Carving,Marble,883.86,632.8,19.5,Large,5,2410.03,0.39,0.41,2472.97
Odisha,East,Handloom Textile,Silk,561.4,656.13,18.2,Medium,3,1447.67,0.52,0.47,1550.81
Uttar Pradesh,North,Bamboo Craft,Cane,603.09,979.01,21.9,Large,2,1799.83,0.32,0.34,1813.65
Tamil Nadu,South,Stone Carving,Marble,200.59,776.78,14.3,Medium,4,1412.74,0.59,0.82,1533.99
Tamil Nadu,South,Bamboo Craft,Cane,507.84,770.91,19.1,Medium,1,1432.79,0.59,0.42,1509.6
Tamil Nadu,South,Wooden Toy,Bamboo,370.97,187.6,5.3,Small,4,769.83,0.5,0.62,773.87
Andhra Pradesh,South,Painting,Canvas,492.15,78.5,1.7,Medium,5,980.6,0.86,0.49,1077.73
Gujarat,West,Jewelry,Beads,670.22,573.64,14.2,Large,4,2008.18,0.89,0.83,2141.05
Uttar Pradesh,North,Jewelry,Beads,180.32,232.68,4.9,Large,4,564.79,0.34,0.54,554.31
Madhya Pradesh,Central,Jewelry,Silver,317.16,343.85,9.2,Small,5,924.05,0.81,0.82,984.98
Kerala,South,Painting,Paper,371.91,875.56,17.8,Medium,2,1502.85,0.42,0.78,1571.31
Madhya Pradesh,Central,Pottery,Clay,491.08,582.29,10.7,Medium,4,1342.01,0.81,0.73,1518.87
Karnataka,South,Bamboo Craft,Cane,377.57,111.62,2.5,Small,5,774.62,0.48,0.83,781.19
Assam,Northeast,Jewelry,Silver,356.96,161.75,3.0,Small,3,577.31,0.62,0.53,582.3
Odisha,East,Metal Craft,Brass,675.99,568.9,16.9,Large,2,1423.04,0.38,0.35,1447.35
Tamil Nadu,South,Stone Carving,Soapstone,112.72,374.21,11.5,Medium,3,761.93,0.93,0.93,899.28
Telangana,South,Painting,Canvas,334.01,475.62,10.1,Small,2,981.71,0.51,0.45,1017.57
Punjab,North,Jewelry,Silver,176.69,273.06,6.2,Medium,3,614.44,0.46,0.71,653.49
Andhra Pradesh,South,Bamboo Craft,Cane,283.25,330.32,7.4,Small,1,662.74,0.43,0.93,664.8
West Bengal,East,Stone Carving,Marble,312.51,119.35,2.9,Small,4,498.91,0.32,0.4,469.99
Maharashtra,West,Metal Craft,Bronze,447.73,671.55,16.3,Medium,3,1700.54,0.91,0.45,1773.78
Punjab,North,Jewelry,Beads,641.27,653.38,13.5,Large,5,2111.87,0.83,0.68,2412.18
Kerala,South,Bamboo Craft,Cane,247.48,407.1,7.9,Medium,4,977.74,0.73,0.42,1026.57
Kerala,South,Stone Carving,Marble,472.29,409.9,7.1,Large,5,1525.74,0.83,0.64,1730.44
Gujarat,West,Jewelry,Silver,156.26,277.69,6.0,Medium,3,735.34,0.86,0.33,779.83
West Bengal,East,Wooden Toy,Bamboo,421.75,355.83,10.1,Large,3,1022.1,0.85,0.97,1199.66
Uttar Pradesh,North,Pottery,Clay,811.99,758.33,15.1,Large,1,1630.84,0.6,0.69,1758.75
Odisha,East,Metal Craft,Bronze,164.37,1313.96,24.0,Large,1,1529.63,0.47,0.53,1580.79
Uttar Pradesh,North,Pottery,Clay,361.38,700.81,18.0,Large,5,1363.07,0.34,0.3,1383.88
Odisha,East,Wooden Toy,Wood,618.4,412.96,9.1,Medium,5,1291.4,0.4,0.69,1339.45
Karnataka,South,Pottery,Clay,376.64,169.4,3.2,Small,3,643.97,0.32,0.56,635.11
Punjab,North,Handloom Textile,Cotton,265.77,523.07,12.3,Large,5,1243.13,0.51,0.76,1288.77
Maharashtra,West,Pottery,Terracotta,187.71,355.97,6.4,Medium,5,858.67,0.7,0.62,910.31
Karnataka,South,Painting,Canvas,235.96,1028.7,18.2,Medium,4,1651.48,0.36,0.66,1662.36
Kerala,South,Jewelry,Silver,856.55,652.43,16.3,Large,3,2044.75,0.45,0.86,2132.72
Gujarat,West,Metal Craft,Brass,126.12,276.34,4.7,Small,1,512.48,0.66,0.58,557.55
West Bengal,East,Bamboo Craft,Cane,169.04,142.64,3.0,Small,2,407.39,0.77,0.8,438.76
Telangana,South,Pottery,Clay,122.2,796.43,18.5,Medium,4,1421.56,0.74,0.77,1493.38
Uttar Pradesh,North,Bamboo Craft,Bamboo,754.32,1099.51,23.6,Large,3,2270.3,0.64,0.38,2312.6
Kerala,South,Wooden Toy,Wood,254.07,984.56,18.4,Medium,4,1789.06,0.76,0.66,2028.78
Tamil Nadu,South,Stone Carving,Marble,290.02,156.85,3.5,Medium,3,607.93,0.91,0.92,712.02
Telangana,South,Jewelry,Silver,145.02,77.61,1.4,Small,2,314.55,0.9,0.72,359.46
Andhra Pradesh,South,Handloom Textile,Silk,780.5,1206.48,25.9,Large,5,3200.46,0.98,1.0,3794.53
Gujarat,West,Pottery,Terracotta,224.94,256.48,5.3,Small,3,691.95,0.34,0.65,678.99
Maharashtra,West,Jewelry,Silver,318.78,775.71,18.1,Medium,1,1351.29,0.55,0.61,1427.68
Gujarat,West,Handloom Textile,Cotton,528.39,523.43,9.6,Medium,5,1818.69,0.67,0.54,1962.62
Odisha,East,Pottery,Clay,588.76,136.88,3.9,Large,2,847.93,0.5,0.5,824.2
Telangana,South,Jewelry,Beads,314.49,153.27,3.9,Small,5,804.37,0.67,0.45,804.65
Andhra Pradesh,South,Bamboo Craft,Cane,493.28,1202.19,24.8,Large,2,2203.19,0.5,0.59,2390.05
Punjab,North,Handloom Textile,Wool,580.16,455.59,7.6,Medium,5,1508.86,0.3,0.32,1430.89
Maharashtra,West,Wooden Toy,Wood,114.03,248.14,5.8,Medium,5,599.58,0.81,0.74,655.73
Telangana,South,Bamboo Craft,Bamboo,374.17,396.96,10.0,Small,4,1156.72,0.99,0.8,1238.31
Telangana,South,Metal Craft,Bronze,174.31,511.38,14.4,Medium,3,1040.06,0.66,0.37,1062.2
Assam,Northeast,Handloom Textile,Wool,882.83,824.02,27.3,Large,3,2190.14,0.62,0.32,2256.84
Karnataka,South,Bamboo Craft,Bamboo,121.97,145.27,3.5,Medium,1,374.53,0.96,0.79,413.88
Gujarat,West,Pottery,Clay,156.3,857.48,28.1,Large,5,1664.84,0.96,0.56,1870.17
Telangana,South,Jewelry,Silver,943.65,971.7,27.9,Large,5,2943.26,0.43,0.7,3110.85
Punjab,North,Stone Carving,Soapstone,272.08,1361.79,27.7,Large,3,2284.47,0.89,0.68,2643.01
Punjab,North,Painting,Cloth,253.74,615.29,10.5,Small,3,1083.93,0.77,0.68,1114.78
Rajasthan,West,Handloom Textile,Silk,288.72,274.79,7.3,Large,3,782.97,0.51,0.55,772.22
Karnataka,South,Bamboo Craft,Bamboo,155.58,931.62,20.2,Large,4,1710.14,0.61,0.74,1801.94
Karnataka,South,Wooden Toy,Wood,439.03,1015.47,18.4,Medium,5,2145.46,0.6,0.75,2291.51
Madhya Pradesh,Central,Painting,Cloth,944.32,931.05,16.1,Large,1,1937.49,0.59,1.0,1990.42
Punjab,North,Pottery,Clay,612.87,297.35,9.6,Large,4,1453.63,0.87,0.49,1535.69
Uttar Pradesh,North,Pottery,Terracotta,188.82,763.88,18.7,Medium,5,1490.59,0.72,0.73,1678.85
Rajasthan,West,Jewelry,Silver,686.53,731.92,13.1,Large,1,1830.5,0.43,0.68,1908.64
Tamil Nadu,South,Painting,Cloth,335.94,452.49,8.2,Small,4,1199.93,0.96,0.49,1311.48
Karnataka,South,Handloom Textile,Wool,295.65,105.43,3.5,Small,3,564.97,0.54,0.98,598.53
Uttar Pradesh,North,Stone Carving,Marble,117.4,171.97,4.9,Small,5,443.91,0.37,0.93,444.85
Uttar Pradesh,North,Metal Craft,Bronze,69.08,201.71,4.6,Small,2,298.85,0.44,0.51,312.75
Maharashtra,West,Stone Carving,Marble,479.04,532.69,12.8,Medium,4,1606.25,0.94,0.98,1768.29
Madhya Pradesh,Central,Handloom Textile,Cotton,233.97,86.19,2.0,Small,4,404.11,0.71,0.67,435.04
Tamil Nadu,South,Metal Craft,Bronze,925.39,387.23,7.8,Large,4,1810.39,0.33,0.35,1710.88
Kerala,South,Handloom Textile,Wool,138.77,323.92,6.9,Large,5,790.14,0.79,0.44,812.41
Uttar Pradesh,North,Bamboo Craft,Bamboo,635.3,659.87,13.3,Large,2,1596.05,1.0,0.96,1898.79
Madhya Pradesh,Central,Pottery,Clay,117.23,707.57,18.4,Medium,5,1020.53,0.57,0.36,1070.62
Assam,Northeast,Handloom Textile,Wool,913.24,952.3,18.5,Large,3,2146.17,0.83,0.48,2181.8
Andhra Pradesh,South,Wooden Toy,Bamboo,414.55,280.45,8.8,Large,5,1123.01,0.43,0.39,1085.39
Maharashtra,West,Wooden Toy,Bamboo,571.62,838.11,18.1,Large,1,1505.45,0.37,0.52,1498.45
Assam,Northeast,Stone Carving,Soapstone,185.62,584.02,11.5,Medium,3,908.96,0.67,0.6,998.4
Tamil Nadu,South,Painting,Cloth,202.85,764.5,14.5,Medium,5,1507.68,0.59,0.51,1499.06
Punjab,North,Wooden Toy,Wood,66.08,78.35,2.2,Small,3,182.93,0.65,0.89,206.94
Gujarat,West,Painting,Cloth,384.22,633.96,11.5,Small,4,1573.38,0.55,0.35,1615.42
Andhra Pradesh,South,Stone Carving,Marble,833.98,1298.52,28.7,Large,1,2261.34,0.54,0.43,2320.99
Madhya Pradesh,Central,Handloom Textile,Wool,391.09,726.71,16.1,Medium,1,1329.51,0.94,0.74,1424.7
Andhra Pradesh,South,Handloom Textile,Cotton,558.99,473.94,13.5,Medium,3,1238.21,0.43,0.95,1295.82
Tamil Nadu,South,Pottery,Clay,255.55,734.01,13.3,Medium,4,1573.01,0.55,0.6,1687.31
Punjab,North,Wooden Toy,Bamboo,582.43,344.31,9.3,Medium,2,1047.64,0.59,0.8,1087.0
Tamil Nadu,South,Painting,Canvas,106.12,504.38,9.2,Medium,1,725.61,0.32,0.77,718.43
Assam,Northeast,Stone Carving,Marble,292.77,688.76,11.7,Small,5,1185.74,0.46,0.37,1221.45
Odisha,East,Painting,Canvas,729.64,809.66,20.2,Large,4,1947.39,0.42,0.71,2054.5
Odisha,East,Pottery,Clay,204.48,182.38,4.7,Small,1,368.58,0.45,0.49,368.5
Gujarat,West,Stone Carving,Marble,62.8,162.45,3.1,Small,1,286.9,0.53,0.77,304.41
Punjab,North,Painting,Canvas,616.87,104.32,2.0,Medium,5,1115.18,0.97,0.9,1239.33
Uttar Pradesh,North,Jewelry,Silver,110.36,390.38,7.6,Small,1,575.41,0.52,0.68,595.02
West Bengal,East,Wooden Toy,Bamboo,558.25,485.49,15.2,Medium,4,1460.46,0.73,0.46,1619.35
Tamil Nadu,South,Jewelry,Silver,858.41,507.56,13.1,Large,5,1911.82,0.46,0.67,1984.79
Karnataka,South,Painting,Cloth,80.75,267.17,7.3,Medium,4,551.65,0.98,0.81,594.04
Odisha,East,Pottery,Terracotta,554.11,368.74,8.0,Large,1,1098.82,0.88,0.73,1217.73
Maharashtra,West,Stone Carving,Marble,374.54,512.81,11.3,Small,1,1014.78,0.51,0.62,1067.1
Karnataka,South,Pottery,Clay,540.08,183.24,5.1,Large,2,952.39,0.64,0.92,1050.26
Uttar Pradesh,North,Metal Craft,Copper,269.86,508.03,11.7,Medium,4,1140.99,0.76,0.34,1173.31
Madhya Pradesh,Central,Painting,Canvas,164.16,411.58,11.6,Small,2,663.41,0.52,0.66,684.59
Punjab,North,Wooden Toy,Wood,310.35,408.73,10.4,Small,3,997.5,0.57,0.55,986.58
Odisha,East,Jewelry,Terracotta,379.07,953.36,20.3,Large,3,1573.54,0.61,0.68,1650.73
Telangana,South,Bamboo Craft,Bamboo,360.95,661.94,17.5,Medium,3,1394.29,0.91,0.75,1584.68
Odisha,East,Stone Carving,Soapstone,99.91,1078.64,19.2,Medium,1,1209.96,0.51,0.48,1220.94
West Bengal,East,Bamboo Craft,Bamboo,180.32,218.85,4.5,Small,5,569.67,0.41,0.89,592.5
Assam,Northeast,Wooden Toy,Bamboo,557.53,180.11,5.9,Medium,2,853.2,0.73,0.62,952.53
Andhra Pradesh,South,Handloom Textile,Cotton,623.16,677.4,12.8,Medium,2,1630.3,0.36,0.41,1612.22
Uttar Pradesh,North,Painting,Paper,494.61,506.32,10.5,Large,4,1257.68,0.43,0.74,1239.22
Odisha,East,Stone Carving,Soapstone,397.5,481.69,8.5,Large,3,1028.8,0.34,0.42,1020.55
Gujarat,West,Stone Carving,Marble,66.05,65.61,1.1,Small,4,211.5,0.76,0.56,220.65
Punjab,North,Wooden Toy,Bamboo,170.71,457.52,8.1,Small,1,629.84,0.43,0.89,638.59
Uttar Pradesh,North,Handloom Textile,Wool,63.01,143.8,2.5,Small,4,318.03,0.62,0.35,341.2
Odisha,East,Handloom Textile,Cotton,502.62,658.87,18.0,Medium,3,1678.86,0.89,0.78,1921.64
Punjab,North,Jewelry,Silver,274.04,575.68,15.2,Medium,2,1105.0,0.53,0.38,1101.53
Assam,Northeast,Wooden Toy,Bamboo,232.22,311.63,5.3,Small,1,581.11,0.53,0.84,610.35
Rajasthan,West,Wooden Toy,Wood,182.36,527.96,9.2,Small,3,1174.37,0.83,0.46,1244.08
Maharashtra,West,Handloom Textile,Wool,604.03,866.34,24.3,Large,3,2445.83,0.85,0.72,2590.51
Karnataka,South,Wooden Toy,Wood,197.24,311.88,10.2,Small,3,632.61,0.38,0.99,695.48
Kerala,South,Handloom Textile,Silk,273.33,625.77,11.9,Large,2,1214.47,0.76,0.71,1363.58
Rajasthan,West,Handloom Textile,Cotton,132.23,204.52,5.9,Small,1,420.33,0.72,0.48,442.97
Kerala,South,Metal Craft,Brass,59.37,101.16,2.0,Small,2,214.09,0.6,0.91,217.9
Gujarat,West,Pottery,Terracotta,265.85,106.86,2.0,Small,3,618.54,0.99,0.67,670.41
Maharashtra,West,Handloom Textile,Silk,325.05,584.88,16.7,Medium,2,1236.44,0.49,0.61,1259.58
West Bengal,East,Jewelry,Terracotta,374.71,82.25,2.0,Small,1,535.11,0.8,0.46,550.75
Kerala,South,Bamboo Craft,Bamboo,69.59,133.17,2.3,Small,5,316.24,0.69,0.86,346.4
Gujarat,West,Stone Carving,Soapstone,535.76,1436.51,27.4,Large,4,3259.16,0.81,0.33,3436.22
Uttar Pradesh,North,Handloom Textile,Cotton,899.39,350.47,9.2,Large,5,1733.92,0.59,0.47,1865.86
Andhra Pradesh,South,Metal Craft,Brass,392.63,922.89,16.8,Medium,2,1514.14,0.5,0.68,1644.5
Karnataka,South,Metal Craft,Brass,459.58,500.26,12.8,Large,5,1480.82,0.62,0.48,1592.35
Maharashtra,West,Handloom Textile,Wool,341.99,189.5,4.3,Small,4,959.07,0.91,0.34,999.1
Punjab,North,Pottery,Clay,689.97,829.27,17.8,Large,4,2246.89,0.9,0.37,2425.77
Punjab,North,Stone Carving,Soapstone,801.48,438.11,8.1,Large,4,1818.89,0.58,0.43,1793.8
Kerala,South,Stone Carving,Soapstone,552.4,166.84,4.1,Large,4,1077.4,0.72,0.69,1149.3
Madhya Pradesh,Central,Painting,Cloth,206.99,562.54,9.6,Medium,5,1022.51,0.9,0.4,1153.34
Gujarat,West,Wooden Toy,Wood,234.36,368.61,6.9,Small,2,865.17,0.52,0.64,916.04
Maharashtra,West,Handloom Textile,Silk,103.81,90.32,2.5,Small,3,272.31,0.84,0.51,307.58
Gujarat,West,Jewelry,Terracotta,109.4,40.83,1.1,Small,3,225.66,0.46,0.6,241.18
Telangana,South,Pottery,Clay,209.91,256.58,5.5,Small,3,673.01,0.47,0.34,655.15
Maharashtra,West,Stone Carving,Marble,286.66,666.75,14.9,Large,1,1068.1,0.31,0.4,1075.9
Maharashtra,West,Stone Carving,Soapstone,207.91,420.48,9.0,Medium,4,984.5,0.92,0.53,1074.02
Gujarat,West,Jewelry,Beads,498.16,149.59,3.5,Medium,3,858.98,0.31,0.32,824.79
Telangana,South,Jewelry,Silver,345.79,331.5,7.6,Small,4,909.93,0.59,0.65,996.94
Andhra Pradesh,South,Metal Craft,Bronze,399.41,100.83,3.0,Small,3,672.62,0.4,0.76,719.1
Tamil Nadu,South,Metal Craft,Bronze,751.53,691.91,14.3,Large,5,2371.08,0.78,0.66,2604.79
Uttar Pradesh,North,Pottery,Terracotta,245.12,391.92,8.1,Small,1,765.4,0.8,0.75,852.55
Tamil Nadu,South,Pottery,Terracotta,207.32,111.16,3.7,Small,5,559.21,0.69,0.71,590.52
Andhra Pradesh,South,Stone Carving,Marble,451.07,247.29,7.7,Large,3,1050.23,0.84,0.47,1151.42
Telangana,South,Metal Craft,Bronze,515.84,1104.5,25.5,Large,3,2325.72,0.5,0.93,2376.96
Andhra Pradesh,South,Bamboo Craft,Cane,59.09,77.19,2.0,Small,3,203.08,0.98,0.69,235.99
Telangana,South,Stone Carving,Soapstone,333.76,413.48,7.1,Medium,5,1272.03,0.89,0.89,1467.37
Punjab,North,Wooden Toy,Bamboo,270.66,1041.52,17.5,Large,5,1906.15,0.5,0.86,1910.8
Punjab,North,Bamboo Craft,Cane,317.06,141.94,2.9,Small,2,503.86,0.36,0.96,508.83
Madhya Pradesh,Central,Handloom Textile,Silk,95.2,585.47,11.4,Small,5,968.35,0.82,0.65,1008.63
Odisha,East,Painting,Paper,393.51,349.95,5.9,Medium,3,930.02,0.86,0.59,1042.97
Punjab,North,Pottery,Terracotta,92.72,112.67,3.1,Small,4,285.56,0.69,0.85,295.68
Punjab,North,Jewelry,Silver,340.14,542.42,14.8,Medium,4,1292.19,0.45,0.96,1434.68
Assam,Northeast,Wooden Toy,Bamboo,332.68,112.71,3.1,Small,5,641.33,0.54,0.52,682.91
Assam,Northeast,Bamboo Craft,Cane,728.17,418.19,7.3,Large,1,1350.12,0.88,0.41,1416.73
Maharashtra,West,Stone Carving,Soapstone,78.3,406.84,8.2,Small,4,768.4,0.37,0.52,788.3
Gujarat,West,Jewelry,Terracotta,733.26,258.91,8.0,Large,3,1321.41,0.49,0.47,1304.68
Rajasthan,West,Wooden Toy,Wood,251.16,251.21,4.6,Small,2,585.09,0.43,0.63,598.41
Rajasthan,West,Jewelry,Beads,69.54,633.87,11.8,Small,4,1119.48,0.64,0.36,1190.61
Tamil Nadu,South,Jewelry,Silver,186.8,631.35,11.6,Medium,1,1114.19,0.84,0.86,1292.86
Rajasthan,West,Painting,Paper,307.09,623.15,11.6,Medium,1,1108.46,0.79,1.0,1213.85
Kerala,South,Pottery,Clay,148.36,143.04,3.9,Small,5,505.69,0.8,0.36,546.71
Maharashtra,West,Wooden Toy,Wood,137.78,185.69,3.8,Small,1,458.07,0.83,0.91,534.32
Gujarat,West,Metal Craft,Brass,253.48,596.81,11.0,Small,3,1462.33,0.93,0.31,1566.85
Uttar Pradesh,North,Pottery,Terracotta,329.36,100.51,2.4,Small,3,508.85,0.49,0.5,537.88
West Bengal,East,Wooden Toy,Wood,85.18,250.15,7.1,Medium,4,440.45,0.71,0.48,464.36
Gujarat,West,Bamboo Craft,Bamboo,278.44,81.11,2.3,Small,5,559.47,0.47,0.98,599.1
Gujarat,West,Painting,Paper,134.54,206.23,6.4,Small,4,476.72,0.32,0.63,461.67
Assam,Northeast,Handloom Textile,Cotton,290.66,498.25,11.9,Small,3,1031.58,0.74,0.97,1132.18
Gujarat,West,Painting,Canvas,739.49,263.11,5.8,Large,5,1582.46,0.5,0.41,1546.58
Telangana,South,Handloom Textile,Wool,707.15,661.45,14.4,Large,4,1938.76,0.4,0.4,2042.83
Telangana,South,Handloom Textile,Cotton,83.69,229.94,4.1,Small,4,432.9,0.35,0.91,443.56
Tamil Nadu,South,Jewelry,Terracotta,158.39,168.45,4.3,Small,5,577.45,0.92,0.81,665.45
Rajasthan,West,Painting,Cloth,223.98,547.52,12.5,Medium,5,1395.59,0.85,0.52,1569.84
Karnataka,South,Pottery,Terracotta,457.81,191.02,4.2,Large,4,1022.94,0.54,0.77,1075.92
Rajasthan,West,Metal Craft,Copper,511.6,652.17,19.7,Large,2,1564.62,0.48,0.94,1568.78
Gujarat,West,Handloom Textile,Cotton,291.89,1079.81,20.4,Large,4,2480.85,0.89,0.5,2706.92
Maharashtra,West,Jewelry,Terracotta,293.79,255.98,7.6,Small,5,951.66,0.97,0.39,1069.87
Tamil Nadu,South,Jewelry,Terracotta,266.51,463.82,10.2,Small,2,846.7,0.56,0.95,941.87
Assam,Northeast,Bamboo Craft,Cane,313.89,847.56,24.8,Large,5,1604.38,0.71,0.92,1799.68
Telangana,South,Pottery,Clay,530.62,843.29,14.6,Medium,4,1858.96,0.61,0.42,1872.11
Punjab,North,Pottery,Terracotta,100.12,252.39,7.1,Small,1,393.12,0.33,0.33,391.13
West Bengal,East,Stone Carving,Soapstone,280.53,555.43,17.3,Medium,2,1013.0,0.99,0.73,1156.97
Telangana,South,Handloom Textile,Wool,317.18,318.34,5.7,Small,4,819.98,0.41,0.5,803.41
Karnataka,South,Pottery,Terracotta,213.69,575.71,17.8,Medium,3,1173.13,0.6,0.67,1303.17
Madhya Pradesh,Central,Jewelry,Silver,501.9,1002.56,18.7,Medium,1,1557.72,0.97,0.8,1731.83
Karnataka,South,Metal Craft,Brass,663.14,446.96,11.7,Large,2,1337.24,0.7,0.95,1504.88
Rajasthan,West,Painting,Cloth,484.73,1077.34,18.6,Medium,1,1956.24,0.83,0.66,2141.68
Tamil Nadu,South,Handloom Textile,Wool,508.6,934.23,17.4,Medium,2,1716.28,0.44,0.72,1680.6
Maharashtra,West,Metal Craft,Brass,120.08,121.62,2.2,Small,1,316.98,0.48,0.5,319.73
Odisha,East,Pottery,Clay,85.37,221.62,6.6,Medium,1,315.09,0.37,0.35,302.44
West Bengal,East,Jewelry,Silver,176.43,448.67,10.5,Small,1,722.82,0.94,0.65,820.74
Uttar Pradesh,North,Metal Craft,Brass,120.98,158.59,3.2,Medium,3,401.33,0.64,0.85,426.59
Kerala,South,Handloom Textile,Wool,258.74,386.41,6.5,Small,5,1041.73,0.88,0.94,1202.54
Andhra Pradesh,South,Painting,Paper,142.92,192.48,3.3,Small,5,452.31,0.31,0.98,483.73
Uttar Pradesh,North,Pottery,Terracotta,351.77,427.08,11.7,Large,3,1087.49,0.71,0.54,1093.51
Maharashtra,West,Wooden Toy,Wood,72.53,89.4,2.1,Small,4,256.17,0.87,0.92,288.75
Punjab,North,Handloom Textile,Cotton,510.28,283.21,6.7,Medium,2,901.25,0.67,0.39,904.01
Andhra Pradesh,South,Pottery,Clay,431.04,103.5,2.9,Medium,1,589.12,0.54,0.35,626.67
Karnataka,South,Stone Carving,Marble,136.21,818.19,19.7,Large,1,1127.39,0.77,0.71,1268.13
Andhra Pradesh,South,Pottery,Clay,533.23,1016.55,24.1,Large,2,2404.89,0.99,0.84,2722.35
Karnataka,South,Jewelry,Terracotta,215.79,524.6,9.3,Small,3,1191.9,0.97,0.53,1270.26
Rajasthan,West,Handloom Textile,Wool,240.95,121.27,3.0,Small,5,670.91,0.95,0.4,735.49
Gujarat,West,Jewelry,Silver,92.26,215.69,4.6,Small,2,430.83,0.43,0.86,435.79
Tamil Nadu,South,Stone Carving,Soapstone,115.42,314.6,6.0,Small,1,501.71,0.5,0.31,531.25
Gujarat,West,Stone Carving,Marble,299.12,531.6,9.0,Medium,2,1192.28,0.79,0.8,1372.37
Maharashtra,West,Handloom Textile,Cotton,698.65,1325.52,26.0,Large,3,2983.76,0.81,0.5,3297.77
Uttar Pradesh,North,Stone Carving,Marble,153.85,269.86,7.2,Small,2,592.85,0.87,0.38,642.24
Gujarat,West,Metal Craft,Bronze,184.67,427.07,11.1,Medium,1,686.01,0.53,0.55,746.13
Madhya Pradesh,Central,Bamboo Craft,Cane,61.04,341.44,8.3,Small,5,583.5,0.75,0.55,638.32
Rajasthan,West,Jewelry,Terracotta,700.06,268.42,5.4,Large,2,1247.91,0.5,0.32,1251.7
Rajasthan,West,Bamboo Craft,Cane,512.43,824.57,21.0,Large,4,2094.04,0.52,0.34,2140.74
Tamil Nadu,South,Stone Carving,Marble,413.52,968.54,21.0,Large,5,2247.2,0.63,0.66,2419.19
Maharashtra,West,Jewelry,Terracotta,362.72,211.66,6.1,Large,2,792.15,0.75,0.91,839.18
West Bengal,East,Wooden Toy,Wood,314.81,575.46,10.2,Small,5,1187.45,0.72,0.9,1242.84
Punjab,North,Pottery,Terracotta,82.4,282.37,8.8,Small,4,501.3,0.65,0.63,551.96
Punjab,North,Handloom Textile,Wool,109.65,260.8,4.9,Small,1,410.76,0.32,0.77,437.92
Kerala,South,Stone Carving,Soapstone,570.73,342.65,7.2,Medium,2,1008.52,0.35,0.48,988.85
Kerala,South,Jewelry,Silver,855.16,543.54,11.6,Large,1,1814.39,0.6,0.62,1864.08
Andhra Pradesh,South,Painting,Paper,431.3,286.51,9.0,Medium,2,862.0,0.64,0.87,885.91
Telangana,South,Stone Carving,Marble,249.05,1168.87,22.6,Large,4,2310.82,0.7,0.63,2535.57
Uttar Pradesh,North,Metal Craft,Brass,334.18,487.89,9.9,Small,3,1175.63,0.62,0.91,1202.2
Rajasthan,West,Handloom Textile,Cotton,163.31,1061.32,27.7,Large,1,1538.77,0.91,0.57,1607.81
Uttar Pradesh,North,Handloom Textile,Wool,251.47,401.9,9.0,Large,2,833.04,0.79,0.99,927.74
Odisha,East,Jewelry,Terracotta,372.22,505.41,11.1,Medium,2,866.9,0.31,0.3,813.11
Maharashtra,West,Wooden Toy,Wood,474.74,295.58,5.2,Medium,1,1142.5,0.95,0.98,1266.34
Andhra Pradesh,South,Wooden Toy,Wood,228.42,157.14,2.9,Small,2,533.03,0.92,0.9,616.0
Tamil Nadu,South,Bamboo Craft,Bamboo,84.15,73.64,1.4,Small,5,228.98,0.6,1.0,257.21
Tamil Nadu,South,Jewelry,Terracotta,348.79,883.12,16.2,Medium,3,2021.78,0.94,0.51,2128.22
Kerala,South,Handloom Textile,Cotton,125.9,504.62,9.2,Medium,2,853.35,0.63,0.88,890.2
Odisha,East,Handloom Textile,Silk,611.37,153.76,2.7,Medium,5,1045.15,0.51,0.65,1047.52
Maharashtra,West,Handloom Textile,Silk,280.56,180.58,5.0,Medium,1,579.16,0.43,0.64,598.38
Rajasthan,West,Jewelry,Beads,362.62,405.44,8.0,Small,4,1288.99,0.77,0.61,1322.78
Maharashtra,West,Jewelry,Terracotta,842.28,855.47,22.9,Large,4,2650.25,0.84,0.31,2680.44
Punjab,North,Bamboo Craft,Cane,323.08,506.0,9.3,Small,4,1110.36,0.3,0.65,1075.91
Gujarat,West,Pottery,Terracotta,665.82,163.02,4.6,Large,5,1283.29,0.63,0.76,1322.67
Kerala,South,Bamboo Craft,Cane,194.49,213.42,5.8,Medium,4,591.85,0.58,0.76,645.26
Telangana,South,Painting,Cloth,482.79,119.57,3.8,Medium,5,959.39,0.91,0.36,979.23
Odisha,East,Painting,Canvas,431.87,703.36,11.8,Medium,2,1403.05,0.92,0.59,1506.17
Madhya Pradesh,Central,Painting,Canvas,103.34,84.92,2.5,Small,2,187.65,0.38,0.47,197.76
Karnataka,South,Wooden Toy,Bamboo,403.95,782.31,19.0,Medium,4,1654.82,0.62,0.53,1664.58
Gujarat,West,Jewelry,Terracotta,609.24,595.6,19.0,Medium,4,1659.79,0.41,0.6,1667.03
Maharashtra,West,Metal Craft,Bronze,228.44,553.19,14.5,Large,1,948.3,0.55,0.37,1019.37
Gujarat,West,Wooden Toy,Wood,264.15,940.03,17.0,Medium,5,2253.02,0.97,0.85,2638.63
Kerala,South,Handloom Textile,Silk,122.36,578.87,9.7,Medium,3,1088.14,0.84,0.97,1265.24
West Bengal,East,Painting,Paper,713.48,1028.15,22.5,Large,3,2544.48,0.95,0.88,2922.04
Madhya Pradesh,Central,Wooden Toy,Bamboo,250.56,127.75,2.2,Medium,2,401.01,0.71,0.51,439.33
Andhra Pradesh,South,Painting,Canvas,548.45,784.7,15.9,Medium,1,1422.8,0.56,0.51,1525.4
Madhya Pradesh,Central,Bamboo Craft,Cane,193.44,861.83,19.1,Large,4,1239.99,0.67,0.95,1389.94
Uttar Pradesh,North,Bamboo Craft,Cane,68.22,60.05,1.4,Small,5,179.14,0.34,0.85,174.92
Odisha,East,Bamboo Craft,Bamboo,64.18,417.21,7.7,Small,1,549.74,0.61,0.69,588.38
Uttar Pradesh,North,Jewelry,Beads,308.8,908.58,18.6,Large,5,2100.95,0.81,0.73,2220.52
Tamil Nadu,South,Handloom Textile,Silk,382.88,346.09,6.9,Small,4,1059.23,0.37,0.57,1094.27
Telangana,South,Metal Craft,Bronze,153.72,548.49,16.8,Large,4,1046.9,1.0,0.93,1239.16
Odisha,East,Metal Craft,Bronze,594.88,402.36,7.8,Medium,1,1044.54,0.61,0.76,1089.8
Tamil Nadu,South,Stone Carving,Marble,317.68,230.72,4.2,Medium,2,745.51,0.54,0.58,773.37
Madhya Pradesh,Central,Jewelry,Terracotta,384.78,1041.47,18.4,Medium,1,1506.99,0.42,0.63,1520.88
Kerala,South,Painting,Canvas,180.05,103.63,3.1,Small,1,390.44,0.82,0.84,443.46
Punjab,North,Jewelry,Terracotta,216.28,137.0,2.3,Medium,3,492.31,0.54,0.52,513.1
Madhya Pradesh,Central,Jewelry,Silver,125.2,645.85,10.8,Small,3,834.22,0.36,0.9,866.14
Kerala,South,Bamboo Craft,Bamboo,592.3,708.07,18.7,Medium,2,1621.41,0.45,0.36,1545.87
West Bengal,East,Pottery,Terracotta,465.99,181.27,4.3,Large,2,658.08,0.33,0.88,664.83
Kerala,South,Handloom Textile,Cotton,850.84,808.22,22.1,Large,2,1943.99,0.35,0.8,2051.46
Punjab,North,Handloom Textile,Silk,329.37,335.23,7.7,Medium,4,906.6,0.82,0.93,1009.98
Uttar Pradesh,North,Pottery,Clay,61.49,350.66,6.2,Small,3,547.93,0.55,0.95,613.52
Tamil Nadu,South,Jewelry,Silver,504.01,125.58,3.4,Medium,1,744.77,0.58,0.42,765.25
Rajasthan,West,Wooden Toy,Wood,615.51,492.83,9.2,Medium,4,1781.14,0.96,0.91,2014.79
Uttar Pradesh,North,Pottery,Clay,171.71,220.45,5.4,Small,3,558.49,0.88,0.62,642.52
Punjab,North,Wooden Toy,Wood,70.99,340.62,6.4,Small,2,453.8,0.41,0.73,485.73
West Bengal,East,Wooden Toy,Bamboo,394.76,532.2,11.1,Large,5,1235.98,0.43,0.5,1233.89
Punjab,North,Metal Craft,Copper,373.93,573.4,12.2,Medium,3,1208.93,0.76,0.52,1325.63
Odisha,East,Jewelry,Beads,556.44,257.5,6.1,Medium,3,1062.61,0.65,0.67,1073.3
Rajasthan,West,Handloom Textile,Silk,726.04,176.19,4.0,Large,4,1403.56,0.88,0.62,1615.16
Gujarat,West,Wooden Toy,Bamboo,578.0,643.65,15.2,Medium,1,1460.87,0.43,0.96,1594.28
Karnataka,South,Painting,Paper,271.57,446.75,7.5,Medium,2,891.41,0.67,0.4,927.7
Karnataka,South,Pottery,Terracotta,155.68,621.5,14.6,Large,2,1167.06,0.85,0.55,1220.77
Rajasthan,West,Painting,Paper,616.43,249.68,4.8,Large,4,1504.32,1.0,0.87,1703.84
West Bengal,East,Jewelry,Terracotta,342.26,674.34,11.3,Small,1,1017.72,0.58,0.99,1068.05
Uttar Pradesh,North,Stone Carving,Marble,194.77,509.17,9.6,Large,3,1028.2,0.9,0.85,1150.14
Assam,Northeast,Wooden Toy,Bamboo,715.31,701.54,12.7,Large,4,1890.61,0.77,0.79,2148.43
Andhra Pradesh,South,Painting,Cloth,331.69,666.62,12.5,Large,5,1540.09,0.64,0.92,1642.54
Punjab,North,Pottery,Terracotta,577.69,445.74,9.8,Medium,4,1453.04,0.53,0.49,1433.88
Uttar Pradesh,North,Pottery,Terracotta,572.39,546.55,15.3,Medium,5,1657.36,0.79,0.72,1759.99
Andhra Pradesh,South,Bamboo Craft,Bamboo,193.15,427.71,8.7,Small,4,980.42,0.67,0.84,1071.98
Punjab,North,Pottery,Terracotta,781.07,632.1,11.2,Large,5,2211.05,0.73,0.88,2342.79
Assam,Northeast,Painting,Canvas,383.75,412.49,8.1,Medium,1,847.21,0.63,0.89,931.03
Maharashtra,West,Handloom Textile,Cotton,126.0,651.95,11.8,Small,2,1128.44,0.85,0.53,1172.77
Punjab,North,Pottery,Clay,381.55,195.68,4.2,Medium,1,681.66,0.75,0.57,758.35
Kerala,South,Stone Carving,Soapstone,140.8,544.4,15.5,Medium,2,856.2,0.33,0.43,841.78
Madhya Pradesh,Central,Metal Craft,Bronze,568.61,331.21,10.8,Medium,1,1022.81,0.8,0.38,1046.39
Uttar Pradesh,North,Bamboo Craft,Cane,170.91,551.09,9.4,Small,3,883.88,0.56,0.88,972.97
Assam,Northeast,Handloom Textile,Wool,672.3,293.06,7.5,Large,1,875.4,0.39,0.57,901.14
Uttar Pradesh,North,Stone Carving,Soapstone,955.38,124.81,2.7,Large,4,1562.9,0.7,0.94,1716.12
Uttar Pradesh,North,Jewelry,Silver,215.08,126.72,4.0,Small,3,452.68,0.59,0.34,454.64
Tamil Nadu,South,Metal Craft,Brass,236.76,144.95,2.5,Small,1,481.37,0.93,0.43,528.65
Rajasthan,West,Handloom Textile,Wool,83.49,183.91,4.9,Small,5,489.2,0.94,0.9,552.83
Rajasthan,West,Bamboo Craft,Cane,601.21,1063.44,18.0,Medium,5,2667.96,0.39,0.41,2682.05
Madhya Pradesh,Central,Wooden Toy,Bamboo,56.46,96.29,1.7,Small,5,240.15,0.91,0.55,264.97
West Bengal,East,Handloom Textile,Silk,531.31,303.96,9.1,Medium,3,1053.94,0.6,0.62,1060.16
Punjab,North,Stone Carving,Marble,952.78,316.42,8.8,Large,5,1914.58,0.67,0.68,2101.03
Odisha,East,Handloom Textile,Cotton,369.33,636.06,12.3,Medium,1,1071.96,0.32,0.7,1029.94
West Bengal,East,Painting,Cloth,191.81,454.66,11.2,Small,3,765.84,0.62,0.99,791.7
Assam,Northeast,Handloom Textile,Silk,841.91,1117.31,25.3,Large,4,2635.35,0.66,0.89,2780.47
Kerala,South,Metal Craft,Brass,134.19,842.09,15.1,Large,1,1360.76,0.93,0.97,1553.8
Odisha,East,Stone Carving,Soapstone,493.47,1195.26,22.9,Large,1,2010.63,0.68,0.36,2082.86
Telangana,South,Painting,Paper,177.17,396.7,7.9,Small,4,779.51,0.45,0.89,790.25
Telangana,South,Jewelry,Silver,307.58,854.97,14.5,Medium,2,1497.1,0.87,0.96,1602.02
Assam,Northeast,Handloom Textile,Wool,245.2,230.33,4.2,Small,1,484.51,0.77,0.98,535.76
Assam,Northeast,Bamboo Craft,Cane,541.04,415.01,8.7,Large,4,1181.56,0.61,0.61,1177.53
Telangana,South,Bamboo Craft,Bamboo,558.56,339.45,11.3,Large,4,1270.11,0.52,0.5,1254.18
Rajasthan,West,Jewelry,Terracotta,364.3,674.9,13.8,Medium,3,1618.17,0.86,0.62,1823.77
Punjab,North,Jewelry,Beads,199.7,374.43,8.7,Small,5,803.94,0.59,0.83,842.36
Madhya Pradesh,Central,Metal Craft,Copper,308.3,439.24,11.9,Large,2,895.51,0.71,0.86,959.92
Madhya Pradesh,Central,Jewelry,Silver,396.07,314.87,7.5,Small,3,950.22,0.88,0.81,1020.62
Punjab,North,Wooden Toy,Bamboo,342.26,758.04,16.8,Medium,2,1507.21,0.78,0.71,1598.98
Odisha,East,Bamboo Craft,Cane,603.4,289.03,5.7,Large,4,1303.94,0.81,0.33,1367.03
Telangana,South,Bamboo Craft,Bamboo,93.43,200.63,5.6,Small,2,394.22,0.59,0.57,423.94
Madhya Pradesh,Central,Wooden Toy,Bamboo,629.9,173.79,3.0,Large,5,1205.9,0.78,0.32,1228.58
Tamil Nadu,South,Bamboo Craft,Cane,404.36,417.43,9.8,Medium,2,1057.64,0.92,0.61,1218.24
Karnataka,South,Pottery,Terracotta,595.5,598.9,13.6,Medium,2,1321.55,0.37,0.85,1302.15
Karnataka,South,Pottery,Terracotta,571.4,199.53,6.6,Large,4,1064.65,0.6,0.4,1048.88
Kerala,South,Jewelry,Silver,121.78,482.98,8.9,Small,1,659.63,0.62,0.65,664.36
Andhra Pradesh,South,Jewelry,Beads,224.24,584.49,11.2,Medium,5,1217.98,0.72,0.57,1335.93
Kerala,South,Jewelry,Terracotta,425.58,989.49,21.8,Large,1,1931.27,0.82,0.94,2155.69
Punjab,North,Painting,Paper,366.44,365.87,6.3,Medium,3,956.25,0.62,0.39,949.43
Uttar Pradesh,North,Painting,Cloth,225.89,288.96,7.2,Small,1,571.58,0.35,0.96,615.36
Tamil Nadu,South,Pottery,Clay,285.45,668.42,15.0,Medium,5,1390.31,0.44,0.39,1345.37
Andhra Pradesh,South,Wooden Toy,Bamboo,639.03,108.09,2.5,Medium,1,906.7,0.62,0.51,911.29
Punjab,North,Bamboo Craft,Cane,518.99,358.05,7.5,Medium,4,1385.03,0.8,0.92,1551.21
Telangana,South,Bamboo Craft,Bamboo,297.5,557.15,10.5,Medium,1,1081.02,0.91,0.37,1198.45
Madhya Pradesh,Central,Bamboo Craft,Cane,482.59,474.2,11.2,Large,1,1007.7,0.72,1.0,1074.94
Gujarat,West,Painting,Canvas,256.79,163.68,3.5,Large,5,734.05,0.68,0.44,788.91
West Bengal,East,Pottery,Clay,337.64,686.71,11.5,Large,1,1081.44,0.56,0.83,1184.12
Kerala,South,Bamboo Craft,Bamboo,765.98,1112.87,20.0,Large,4,2898.88,0.96,0.71,3194.6
Punjab,North,Stone Carving,Marble,315.41,289.74,8.2,Small,2,655.01,0.34,0.78,669.93
Odisha,East,Handloom Textile,Wool,311.36,233.99,7.2,Small,1,533.95,0.43,0.45,543.17
West Bengal,East,Metal Craft,Brass,226.39,102.49,3.2,Small,1,334.57,0.42,0.99,365.98
West Bengal,East,Metal Craft,Copper,832.95,814.09,15.9,Large,2,1746.65,0.43,0.78,1875.74
Gujarat,West,Wooden Toy,Wood,126.89,501.57,15.2,Medium,1,878.73,0.92,0.51,956.92
West Bengal,East,Metal Craft,Bronze,427.69,1133.46,19.4,Large,4,1969.14,0.33,0.94,2103.29
Kerala,South,Painting,Paper,294.97,555.05,9.9,Medium,5,1210.53,0.59,0.67,1227.95
Rajasthan,West,Handloom Textile,Wool,274.59,422.55,8.9,Small,1,798.63,0.4,0.61,813.03
Andhra Pradesh,South,Wooden Toy,Wood,354.62,308.94,9.5,Small,3,1044.34,0.92,0.63,1105.31
Assam,Northeast,Handloom Textile,Cotton,683.4,371.1,8.6,Large,5,1204.69,0.31,0.41,1157.71
Andhra Pradesh,South,Stone Carving,Soapstone,85.01,265.49,8.6,Small,5,619.18,0.73,0.4,681.57
Gujarat,West,Pottery,Terracotta,206.28,382.42,12.4,Medium,4,912.19,0.95,0.67,994.58
Uttar Pradesh,North,Bamboo Craft,Cane,123.04,425.83,8.5,Medium,1,582.08,0.63,0.57,594.93
Telangana,South,Jewelry,Terracotta,85.05,337.17,9.9,Small,5,649.94,0.72,0.54,700.71
Andhra Pradesh,South,Pottery,Terracotta,503.88,621.21,13.0,Large,2,1479.35,0.64,0.51,1577.6
Madhya Pradesh,Central,Stone Carving,Marble,94.95,310.96,9.8,Medium,2,456.02,0.43,0.69,488.83
Rajasthan,West,Jewelry,Beads,74.48,265.95,5.6,Small,5,554.03,0.4,0.84,599.45
Andhra Pradesh,South,Pottery,Terracotta,52.97,186.37,3.4,Small,5,360.71,0.77,0.93,402.08
Tamil Nadu,South,Jewelry,Silver,398.67,99.89,2.2,Medium,1,588.52,0.73,0.43,629.9
Rajasthan,West,Stone Carving,Soapstone,213.91,418.82,10.4,Small,2,891.08,0.49,0.99,899.83
Telangana,South,Wooden Toy,Wood,511.61,107.89,3.5,Medium,2,819.28,0.49,0.49,856.77
Gujarat,West,Pottery,Clay,393.56,374.42,8.8,Small,5,1384.56,0.79,1.0,1583.4
Madhya Pradesh,Central,Metal Craft,Bronze,605.48,184.12,3.6,Medium,1,824.96,0.9,0.97,930.41
West Bengal,East,Stone Carving,Soapstone,691.67,427.33,8.9,Large,3,1336.71,0.48,0.53,1373.59
Odisha,East,Pottery,Clay,207.28,249.33,6.4,Small,3,509.2,0.41,0.33,512.35
Punjab,North,Jewelry,Silver,520.22,152.98,4.6,Medium,5,1161.24,0.82,0.51,1277.12
West Bengal,East,Jewelry,Beads,394.48,457.11,10.0,Large,2,867.66,0.36,0.38,887.74
Telangana,South,Wooden Toy,Wood,551.64,135.55,2.7,Large,2,835.58,0.6,0.66,885.34
Kerala,South,Jewelry,Terracotta,942.49,165.63,4.3,Large,3,1441.19,0.47,0.47,1517.13
Karnataka,South,Stone Carving,Marble,886.8,356.42,7.7,Large,5,2009.86,0.75,0.67,2094.81
Gujarat,West,Painting,Canvas,353.4,468.64,8.7,Medium,3,1166.29,0.83,0.39,1298.05
Punjab,North,Painting,Paper,379.88,530.13,16.7,Medium,3,1304.18,0.67,0.68,1330.56
Gujarat,West,Handloom Textile,Silk,321.97,733.28,13.1,Large,1,1574.6,0.96,0.99,1697.9
Telangana,South,Jewelry,Beads,66.7,105.21,2.6,Small,1,207.45,0.88,0.92,235.29
Tamil Nadu,South,Handloom Textile,Cotton,371.08,201.95,6.1,Small,5,919.04,0.62,0.56,957.23
Karnataka,South,Pottery,Terracotta,134.57,1324.36,28.6,Large,4,2029.64,0.63,0.97,2127.3
Punjab,North,Wooden Toy,Bamboo,798.73,501.98,9.3,Large,5,1893.63,0.49,0.32,1847.97
Madhya Pradesh,Central,Bamboo Craft,Cane,504.39,744.43,12.9,Medium,5,1902.1,0.85,0.43,2071.56
Uttar Pradesh,North,Pottery,Terracotta,284.13,481.59,10.2,Small,5,1111.26,0.63,0.75,1144.13
Andhra Pradesh,South,Wooden Toy,Bamboo,637.93,278.62,8.6,Large,5,1285.84,0.3,0.73,1337.22
Madhya Pradesh,Central,Stone Carving,Marble,435.15,641.63,15.2,Large,5,1648.94,0.76,0.55,1845.63
Uttar Pradesh,North,Wooden Toy,Bamboo,346.81,482.56,11.1,Small,5,1316.47,0.68,0.82,1480.88
Andhra Pradesh,South,Bamboo Craft,Bamboo,481.15,776.74,19.2,Medium,2,1806.96,0.88,0.79,1965.68
West Bengal,East,Stone Carving,Marble,519.94,636.08,17.4,Medium,4,1753.93,0.74,0.57,1868.67
Gujarat,West,Bamboo Craft,Cane,129.91,258.0,5.2,Small,3,565.22,0.35,0.72,597.95
Uttar Pradesh,North,Handloom Textile,Wool,73.69,606.45,11.9,Small,3,794.4,0.41,0.31,819.77
Telangana,South,Painting,Cloth,92.12,300.5,5.7,Medium,2,544.71,0.71,0.85,563.49
Karnataka,South,Jewelry,Silver,579.81,260.97,5.6,Medium,5,1501.4,0.75,0.42,1584.41
Assam,Northeast,Wooden Toy,Bamboo,168.42,1289.64,27.1,Large,4,2066.49,0.79,0.67,2128.1
Karnataka,South,Stone Carving,Marble,345.44,478.01,14.8,Large,4,1224.54,0.79,0.58,1247.88
Rajasthan,West,Metal Craft,Copper,301.94,426.88,10.2,Small,1,953.55,0.69,0.46,949.57
Rajasthan,West,Bamboo Craft,Cane,353.64,742.34,12.9,Medium,1,1380.96,0.57,0.84,1536.58
Tamil Nadu,South,Jewelry,Beads,189.43,254.76,4.5,Small,1,450.32,0.33,0.4,462.64
West Bengal,East,Bamboo Craft,Cane,53.71,457.15,10.5,Small,4,588.24,0.3,0.58,596.46
Karnataka,South,Bamboo Craft,Cane,287.78,199.78,6.4,Small,4,783.41,0.76,0.89,890.81
Gujarat,West,Stone Carving,Soapstone,192.29,682.25,17.2,Medium,4,1348.42,0.31,0.89,1407.75
Kerala,South,Metal Craft,Brass,209.6,263.99,6.0,Medium,4,810.73,0.93,0.4,857.87
Kerala,South,Bamboo Craft,Cane,799.21,1143.42,26.7,Large,4,2852.29,0.56,0.86,3094.94
Karnataka,South,Stone Carving,Marble,267.99,149.43,2.7,Small,2,488.56,0.44,0.95,527.04
Telangana,South,Wooden Toy,Wood,239.41,282.96,7.2,Medium,4,878.09,0.82,0.69,937.79
Madhya Pradesh,Central,Stone Carving,Marble,292.2,321.26,9.3,Small,2,653.94,0.58,0.64,672.83
Maharashtra,West,Metal Craft,Brass,464.4,276.92,5.4,Medium,4,1284.84,0.95,0.7,1362.27
West Bengal,East,Painting,Paper,846.16,479.67,9.9,Large,2,1782.87,0.99,0.72,1984.57
Rajasthan,West,Jewelry,Terracotta,170.71,729.67,23.5,Large,4,1567.37,0.79,0.32,1591.59
Kerala,South,Pottery,Clay,230.0,332.32,7.6,Small,2,685.52,0.54,0.63,709.48
Kerala,South,Stone Carving,Marble,421.49,642.48,17.3,Large,2,1428.1,0.99,0.65,1586.33
Karnataka,South,Stone Carving,Soapstone,847.79,151.16,3.0,Large,1,1289.41,0.68,0.42,1329.67
Gujarat,West,Painting,Cloth,244.53,796.32,16.2,Medium,4,1838.16,0.93,0.74,2117.95
Tamil Nadu,South,Jewelry,Silver,165.98,1108.62,22.9,Large,2,1403.95,0.35,0.66,1460.75
Madhya Pradesh,Central,Bamboo Craft,Bamboo,386.04,653.09,18.4,Medium,1,1119.7,0.72,0.45,1209.04
Assam,Northeast,Metal Craft,Bronze,302.81,556.07,10.0,Small,4,1047.52,0.35,0.54,1052.75
Andhra Pradesh,South,Painting,Paper,116.74,299.78,7.1,Small,5,637.77,0.57,0.87,645.57
Odisha,East,Bamboo Craft,Bamboo,168.77,1470.45,25.0,Large,2,2169.87,0.78,0.56,2369.34
Andhra Pradesh,South,Pottery,Clay,552.83,624.75,15.1,Medium,1,1361.56,0.64,0.43,1459.22
Telangana,South,Handloom Textile,Cotton,580.63,632.96,14.4,Medium,1,1316.4,0.36,0.34,1299.0
Odisha,East,Handloom Textile,Cotton,263.19,65.66,1.1,Small,4,436.08,0.55,0.89,445.97
Gujarat,West,Metal Craft,Bronze,789.96,966.87,21.1,Large,2,2477.66,0.66,0.36,2684.91
Andhra Pradesh,South,Stone Carving,Soapstone,132.22,353.83,6.2,Medium,1,566.4,0.5,0.76,598.76
West Bengal,East,Jewelry,Terracotta,195.53,135.26,4.3,Small,3,452.9,0.82,0.82,506.65
Tamil Nadu,South,Metal Craft,Copper,216.48,108.52,2.0,Medium,3,419.47,0.64,0.51,418.72
Madhya Pradesh,Central,Jewelry,Silver,275.37,909.48,15.8,Medium,1,1422.63,0.93,0.94,1611.58
Kerala,South,Wooden Toy,Wood,126.8,356.83,9.8,Small,3,649.43,0.49,0.46,649.87
Andhra Pradesh,South,Metal Craft,Copper,166.33,539.69,9.6,Medium,5,1074.42,0.7,0.91,1129.66
Tamil Nadu,South,Jewelry,Silver,402.32,488.09,9.8,Medium,4,1528.36,0.86,0.83,1676.25
Rajasthan,West,Stone Carving,Soapstone,122.24,236.59,7.1,Small,1,426.6,0.5,0.45,417.34
Uttar Pradesh,North,Wooden Toy,Wood,97.83,637.66,13.2,Medium,3,946.21,0.8,0.76,1011.39
Madhya Pradesh,Central,Stone Carving,Soapstone,95.33,539.79,10.3,Small,3,782.36,0.44,0.54,805.3
Andhra Pradesh,South,Jewelry,Silver,330.4,141.58,3.9,Small,2,671.47,0.85,0.78,744.8
Uttar Pradesh,North,Pottery,Clay,593.41,830.58,21.8,Large,2,1657.16,0.55,0.91,1776.24
Andhra Pradesh,South,Painting,Canvas,295.92,516.7,12.0,Small,5,1351.54,0.6,0.89,1485.94
Odisha,East,Stone Carving,Soapstone,509.11,530.88,11.0,Large,4,1396.38,0.91,0.92,1558.29
Punjab,North,Handloom Textile,Wool,510.37,1419.59,28.2,Large,2,2386.45,0.59,0.32,2337.52
Karnataka,South,Bamboo Craft,Bamboo,547.29,648.47,14.8,Medium,5,1803.68,0.6,0.93,1888.77
Madhya Pradesh,Central,Metal Craft,Bronze,605.95,862.98,15.8,Medium,3,1511.74,0.44,0.4,1480.32
Maharashtra,West,Pottery,Terracotta,320.97,186.74,3.6,Small,4,829.0,0.48,0.58,829.25
Gujarat,West,Wooden Toy,Wood,436.15,342.87,10.3,Large,3,1182.06,0.64,0.57,1286.38
Madhya Pradesh,Central,Bamboo Craft,Cane,240.49,67.99,1.4,Small,5,399.16,0.34,0.73,393.48
Karnataka,South,Handloom Textile,Wool,538.83,957.31,17.6,Medium,4,2323.95,0.51,0.71,2379.02
Uttar Pradesh,North,Pottery,Clay,539.22,54.2,1.8,Medium,5,997.05,0.83,0.83,1151.68
Gujarat,West,Jewelry,Beads,219.04,485.45,8.5,Large,3,974.04,0.42,0.78,963.39
Andhra Pradesh,South,Bamboo Craft,Bamboo,149.84,372.32,6.7,Small,5,865.63,0.8,0.74,924.58
Andhra Pradesh,South,Wooden Toy,Bamboo,220.17,407.29,13.2,Large,5,930.45,0.45,0.6,907.47
Telangana,South,Metal Craft,Brass,409.87,365.48,11.3,Medium,3,1257.63,0.96,0.37,1290.56
West Bengal,East,Pottery,Clay,358.8,63.28,1.2,Small,1,440.0,0.55,0.82,444.56
West Bengal,East,Handloom Textile,Silk,318.63,103.79,1.8,Small,2,475.35,0.34,0.64,475.36
Telangana,South,Bamboo Craft,Cane,126.03,503.17,9.4,Small,2,888.85,0.95,0.56,962.88
Assam,Northeast,Handloom Textile,Wool,139.98,373.76,9.3,Small,1,545.56,0.6,0.58,596.83
Uttar Pradesh,North,Stone Carving,Soapstone,453.38,528.42,9.9,Medium,1,1070.43,0.75,0.34,1068.04
Madhya Pradesh,Central,Metal Craft,Bronze,209.89,397.86,10.1,Small,4,811.67,0.57,0.94,885.7
Odisha,East,Metal Craft,Copper,143.38,70.11,2.3,Small,1,217.42,0.37,0.5,208.29
Assam,Northeast,Stone Carving,Marble,234.43,352.51,7.2,Large,3,685.75,0.73,0.69,727.99
Kerala,South,Metal Craft,Brass,201.22,478.22,8.4,Large,5,1277.55,0.99,0.75,1455.82
Tamil Nadu,South,Jewelry,Terracotta,98.59,629.7,19.1,Medium,5,1177.18,0.78,0.48,1274.93
West Bengal,East,Handloom Textile,Silk,202.77,152.13,3.8,Small,3,460.92,0.54,0.97,490.95
Telangana,South,Handloom Textile,Wool,287.85,826.23,23.8,Large,4,1690.57,0.45,0.56,1659.81
Kerala,South,Painting,Canvas,222.68,589.7,15.4,Large,4,1217.5,0.7,0.62,1243.68
Rajasthan,West,Bamboo Craft,Cane,99.37,565.76,10.0,Small,4,904.69,0.46,0.38,923.5
Kerala,South,Painting,Canvas,300.37,256.99,5.1,Small,2,693.85,0.8,0.95,744.53
Odisha,East,Painting,Paper,73.98,564.66,10.5,Small,3,784.84,0.7,0.36,801.53
Karnataka,South,Metal Craft,Brass,246.26,122.32,3.8,Small,4,570.72,0.81,0.51,588.2
Uttar Pradesh,North,Handloom Textile,Cotton,330.89,410.74,7.2,Small,1,916.34,0.65,0.96,1003.89
Gujarat,West,Handloom Textile,Silk,904.47,446.56,10.9,Large,4,2014.72,0.33,0.71,2106.3
Tamil Nadu,South,Bamboo Craft,Bamboo,245.85,497.81,14.1,Large,1,996.03,0.76,0.41,1022.67
Gujarat,West,Jewelry,Silver,151.99,455.04,10.4,Small,1,643.05,0.32,0.65,682.83
Punjab,North,Wooden Toy,Wood,255.84,178.26,3.8,Small,1,495.2,0.35,0.86,530.96
Telangana,South,Bamboo Craft,Bamboo,169.62,142.84,4.6,Small,1,385.57,0.76,0.67,434.41
West Bengal,East,Stone Carving,Marble,108.76,35.42,1.1,Small,2,161.31,0.46,0.32,158.75
Maharashtra,West,Painting,Canvas,181.07,534.78,14.8,Medium,3,1090.06,0.78,0.54,1222.35
Maharashtra,West,Bamboo Craft,Bamboo,63.07,361.61,6.5,Small,5,706.59,0.71,0.49,760.91
Madhya Pradesh,Central,Metal Craft,Bronze,868.28,112.51,3.5,Large,1,937.58,0.53,0.46,933.47
Karnataka,South,Wooden Toy,Wood,284.49,336.51,5.8,Large,3,770.93,0.4,0.44,810.61
Tamil Nadu,South,Jewelry,Silver,314.5,321.48,9.7,Small,2,843.8,0.89,0.59,929.58
Karnataka,South,Handloom Textile,Silk,540.42,867.51,15.3,Medium,2,1957.75,0.95,0.47,2025.69
Rajasthan,West,Metal Craft,Brass,858.63,362.99,6.5,Large,4,1690.18,0.53,0.56,1716.1
Uttar Pradesh,North,Pottery,Terracotta,360.93,54.85,1.3,Small,1,407.71,0.32,0.56,397.71
Andhra Pradesh,South,Pottery,Terracotta,571.46,355.39,9.3,Medium,1,1085.2,0.71,0.4,1143.84
Odisha,East,Stone Carving,Marble,213.01,608.53,13.6,Medium,1,874.96,0.84,0.96,959.92
Karnataka,South,Bamboo Craft,Bamboo,258.95,233.53,4.3,Medium,5,829.42,0.83,0.64,859.58
Rajasthan,West,Bamboo Craft,Cane,244.43,457.98,9.7,Small,3,959.32,0.49,0.77,1007.87
Odisha,East,Metal Craft,Copper,220.65,268.14,5.2,Small,3,720.06,0.92,0.3,772.96
Maharashtra,West,Stone Carving,Soapstone,708.61,1100.33,25.0,Large,1,2274.09,0.88,0.42,2489.41
Punjab,North,Wooden Toy,Wood,850.92,1282.12,26.0,Large,2,2906.66,0.67,0.53,3003.37
Rajasthan,West,Bamboo Craft,Cane,496.74,530.81,11.0,Medium,4,1602.14,0.58,0.98,1806.79
Assam,Northeast,Pottery,Clay,126.38,901.52,17.5,Large,4,1250.04,0.82,0.93,1314.5
Madhya Pradesh,Central,Metal Craft,Brass,215.29,77.01,1.3,Small,3,304.79,0.46,0.63,314.51
Kerala,South,Bamboo Craft,Cane,292.78,96.13,2.4,Medium,3,503.05,0.57,0.99,544.07
Maharashtra,West,Jewelry,Beads,949.35,1393.36,23.3,Large,4,4155.99,0.98,0.64,4424.7
Odisha,East,Stone Carving,Marble,490.57,1074.81,23.8,Large,2,1827.38,0.79,0.82,2085.4
Gujarat,West,Jewelry,Terracotta,337.5,296.6,5.3,Medium,5,1050.71,0.59,0.83,1106.13
West Bengal,East,Painting,Paper,800.3,742.56,17.8,Large,2,1536.27,0.38,0.93,1661.87
Gujarat,West,Pottery,Terracotta,422.37,1112.95,19.3,Large,5,2515.2,0.41,0.7,2655.4
Punjab,North,Handloom Textile,Wool,233.97,416.53,7.9,Small,2,836.92,0.89,0.83,981.68
Rajasthan,West,Wooden Toy,Wood,202.08,53.14,1.3,Small,3,333.29,0.39,0.39,317.07
West Bengal,East,Painting,Canvas,290.98,64.98,1.8,Small,1,343.1,0.37,0.34,343.03
Rajasthan,West,Stone Carving,Marble,620.22,956.73,17.0,Medium,4,2130.26,0.42,0.49,2220.01
Kerala,South,Jewelry,Silver,74.44,265.8,7.1,Small,2,442.36,0.47,0.99,486.03
Karnataka,South,Bamboo Craft,Bamboo,600.47,1253.86,25.4,Large,2,2670.67,0.96,0.5,2986.03
Gujarat,West,Wooden Toy,Bamboo,300.04,1015.64,17.1,Medium,1,1655.08,0.65,0.57,1810.37
Madhya Pradesh,Central,Pottery,Clay,441.46,111.04,2.4,Medium,5,661.98,0.31,0.84,675.09
Assam,Northeast,Bamboo Craft,Bamboo,329.54,52.13,1.5,Small,3,435.47,0.58,0.46,474.34
Kerala,South,Pottery,Clay,338.9,621.79,10.7,Small,1,1067.85,0.54,0.51,1141.03
Odisha,East,Jewelry,Silver,287.84,148.72,3.6,Small,4,635.06,0.65,0.67,665.99
Madhya Pradesh,Central,Bamboo Craft,Cane,588.77,492.48,9.4,Medium,4,1374.7,0.95,0.94,1507.95
Madhya Pradesh,Central,Stone Carving,Soapstone,520.6,679.33,13.8,Large,1,1334.76,0.96,0.38,1400.68
Telangana,South,Pottery,Clay,362.94,514.59,11.6,Small,1,1014.85,0.37,0.85,1032.14
Odisha,East,Bamboo Craft,Bamboo,360.59,546.81,11.7,Small,4,1265.88,0.7,0.51,1328.86
Assam,Northeast,Jewelry,Terracotta,249.23,105.23,2.8,Medium,5,465.14,0.44,0.68,484.87
Madhya Pradesh,Central,Metal Craft,Bronze,446.07,742.87,13.5,Large,3,1402.99,0.63,0.99,1548.04
Madhya Pradesh,Central,Handloom Textile,Silk,67.63,455.45,8.2,Small,3,652.94,0.96,1.0,750.08
Tamil Nadu,South,Jewelry,Silver,498.6,600.72,17.3,Large,2,1516.8,0.9,0.94,1665.81
Gujarat,West,Wooden Toy,Wood,158.87,535.39,13.6,Medium,2,1052.04,0.94,0.77,1181.83
Assam,Northeast,Pottery,Terracotta,105.63,879.09,18.0,Medium,3,1347.18,1.0,0.68,1434.08
Uttar Pradesh,North,Jewelry,Beads,271.11,501.54,9.4,Small,1,1019.23,0.84,0.46,1152.64
Punjab,North,Stone Carving,Soapstone,76.46,437.12,11.3,Small,3,772.56,0.78,0.54,792.37
Tamil Nadu,South,Pottery,Clay,358.74,362.0,9.1,Medium,5,1228.7,0.75,0.39,1361.95
Punjab,North,Stone Carving,Marble,331.6,428.29,10.5,Small,3,895.34,0.53,0.66,978.28
Kerala,South,Pottery,Clay,100.32,354.33,10.9,Small,5,702.41,0.88,0.41,773.33
Karnataka,South,Metal Craft,Brass,355.42,993.7,21.3,Large,2,1614.09,0.38,0.95,1725.5
Uttar Pradesh,North,Wooden Toy,Wood,360.57,476.82,12.2,Medium,1,897.06,0.44,0.68,913.43
Odisha,East,Wooden Toy,Bamboo,285.4,269.85,8.6,Small,1,543.04,0.54,0.59,548.0
Rajasthan,West,Pottery,Terracotta,68.07,625.16,12.0,Small,3,975.32,0.36,0.31,957.54
Punjab,North,Metal Craft,Copper,780.91,1285.84,26.8,Large,2,2621.05,0.43,0.85,2756.33
Rajasthan,West,Jewelry,Terracotta,461.92,310.84,7.5,Medium,2,1128.85,0.81,0.95,1293.49
Madhya Pradesh,Central,Pottery,Terracotta,176.12,243.59,5.3,Medium,5,515.84,0.42,0.74,549.08
Tamil Nadu,South,Bamboo Craft,Bamboo,798.81,517.2,14.6,Large,4,2071.27,0.75,0.99,2174.97
Maharashtra,West,Wooden Toy,Bamboo,56.05,161.43,4.5,Small,2,300.48,0.87,0.89,328.96
Uttar Pradesh,North,Painting,Canvas,318.45,1190.1,26.4,Large,1,1831.31,0.76,0.59,1940.28
Madhya Pradesh,Central,Handloom Textile,Cotton,405.33,916.45,19.2,Large,2,1384.95,0.51,0.4,1397.49
Punjab,North,Bamboo Craft,Cane,432.06,550.21,17.7,Medium,2,1160.07,0.47,0.44,1169.15
Rajasthan,West,Metal Craft,Copper,732.39,420.95,8.8,Large,4,2112.29,0.92,0.94,2452.38
Karnataka,South,Jewelry,Silver,367.1,129.34,3.6,Small,5,774.84,0.3,0.79,761.77
Odisha,East,Pottery,Clay,655.03,1278.01,22.1,Large,4,2610.27,0.75,0.98,2836.03
Tamil Nadu,South,Wooden Toy,Wood,384.09,249.36,8.3,Medium,5,1103.25,0.81,0.83,1194.45
Assam,Northeast,Pottery,Terracotta,232.8,152.41,5.0,Small,4,459.72,0.69,0.39,493.55
Rajasthan,West,Bamboo Craft,Cane,53.33,522.76,11.5,Small,1,809.14,0.99,0.34,864.72
Telangana,South,Stone Carving,Soapstone,345.22,189.07,5.0,Small,1,625.77,0.9,0.56,675.12
Kerala,South,Painting,Cloth,446.53,262.05,6.1,Medium,3,952.34,0.34,0.71,959.71
Punjab,North,Painting,Paper,197.08,72.12,2.0,Small,1,290.77,0.41,0.64,311.63
Odisha,East,Painting,Canvas,121.01,558.7,12.2,Medium,3,815.13,0.66,0.91,840.08
Gujarat,West,Jewelry,Terracotta,684.71,351.07,11.5,Large,2,1378.9,0.48,0.52,1361.79
Maharashtra,West,Stone Carving,Soapstone,311.31,442.15,10.1,Medium,1,1128.33,0.98,0.33,1233.7
Uttar Pradesh,North,Jewelry,Terracotta,525.61,401.26,9.2,Medium,3,1261.54,0.92,0.93,1375.94
Uttar Pradesh,North,Wooden Toy,Wood,536.84,1039.37,26.2,Large,2,2123.23,0.76,0.8,2331.34
Madhya Pradesh,Central,Wooden Toy,Wood,190.86,560.74,11.6,Small,3,972.21,0.81,0.54,1019.0
Gujarat,West,Bamboo Craft,Cane,135.78,406.21,8.9,Small,2,781.09,0.78,0.49,828.56
Gujarat,West,Painting,Paper,258.94,216.15,4.2,Small,3,709.1,0.86,0.48,778.08
Maharashtra,West,Painting,Paper,704.29,1060.1,21.0,Large,4,2579.98,0.57,0.58,2590.31
Tamil Nadu,South,Pottery,Clay,701.76,284.86,4.9,Large,1,1364.22,0.88,0.9,1510.37
Gujarat,West,Jewelry,Silver,554.15,134.86,4.4,Medium,3,1165.44,0.85,0.35,1265.51
Tamil Nadu,South,Stone Carving,Soapstone,752.9,446.92,8.9,Large,4,1535.52,0.33,0.89,1615.13
Andhra Pradesh,South,Painting,Canvas,205.71,124.45,2.8,Medium,4,439.95,0.42,0.81,448.87
Karnataka,South,Bamboo Craft,Cane,248.6,169.49,4.1,Small,2,531.97,0.87,0.43,561.77
Rajasthan,West,Wooden Toy,Bamboo,198.53,288.21,7.0,Small,3,743.43,0.85,0.33,781.12
Punjab,North,Jewelry,Beads,276.65,525.61,11.6,Small,1,918.22,0.99,0.51,974.88
Andhra Pradesh,South,Wooden Toy,Bamboo,301.27,236.96,7.2,Medium,3,689.97,0.6,0.54,704.37
Uttar Pradesh,North,Bamboo Craft,Bamboo,360.25,221.1,4.3,Small,1,649.1,0.73,0.6,684.04
Telangana,South,Jewelry,Silver,411.58,284.29,7.8,Medium,4,953.68,0.38,0.92,1005.51
Assam,Northeast,Jewelry,Terracotta,221.64,491.93,10.6,Small,3,889.92,0.64,0.95,924.63
Kerala,South,Wooden Toy,Wood,179.51,853.67,15.5,Medium,3,1495.41,0.68,0.69,1587.67
Punjab,North,Metal Craft,Brass,288.07,129.44,2.2,Small,3,563.86,0.83,0.74,595.72
Gujarat,West,Painting,Cloth,463.85,975.32,19.9,Large,2,2037.58,0.57,0.73,2040.02
Madhya Pradesh,Central,Jewelry,Beads,498.52,1039.01,22.4,Large,5,2366.1,0.76,0.66,2430.11
Gujarat,West,Wooden Toy,Wood,221.87,69.59,2.0,Small,5,517.94,0.57,0.41,558.14
Odisha,East,Bamboo Craft,Cane,402.33,888.04,19.3,Large,3,1568.46,0.87,0.74,1778.32
Karnataka,South,Bamboo Craft,Cane,311.4,376.78,6.6,Small,4,1134.91,0.94,0.67,1323.9
Assam,Northeast,Stone Carving,Marble,371.01,390.32,11.0,Large,4,972.81,0.93,0.82,1144.9
Telangana,South,Wooden Toy,Bamboo,305.84,327.02,10.4,Small,4,955.13,0.65,0.79,1042.58
Uttar Pradesh,North,Pottery,Clay,336.26,282.85,5.1,Small,2,655.75,0.41,0.49,652.9
Gujarat,West,Bamboo Craft,Cane,182.97,490.98,9.9,Small,3,894.6,0.61,0.76,918.83
Andhra Pradesh,South,Handloom Textile,Wool,646.64,1027.22,19.3,Large,1,2051.45,0.58,0.81,2289.19
Rajasthan,West,Stone Carving,Marble,200.47,543.0,11.3,Medium,3,1200.61,1.0,0.44,1294.84
West Bengal,East,Pottery,Terracotta,561.75,267.14,8.5,Large,4,1069.09,0.7,0.54,1110.91
Gujarat,West,Jewelry,Beads,107.6,868.05,18.3,Medium,5,1859.63,0.87,0.6,2024.38
Gujarat,West,Stone Carving,Marble,250.88,332.79,6.4,Small,4,865.24,0.7,0.49,923.14
Gujarat,West,Stone Carving,Marble,530.91,205.16,4.9,Large,5,1132.7,0.66,0.88,1205.11
Kerala,South,Jewelry,Beads,540.69,503.08,13.0,Medium,4,1664.71,0.89,0.65,1921.31
Uttar Pradesh,North,Metal Craft,Bronze,915.58,407.19,11.9,Large,1,1336.59,0.53,0.32,1341.15
Tamil Nadu,South,Pottery,Clay,910.46,1151.72,25.4,Large,1,2386.89,0.7,0.3,2353.18
Odisha,East,Jewelry,Silver,502.54,235.5,4.2,Medium,5,1021.97,0.75,0.46,1098.16
West Bengal,East,Pottery,Terracotta,876.7,865.77,21.4,Large,5,2796.35,0.71,0.52,3040.36
Punjab,North,Wooden Toy,Bamboo,424.05,436.9,9.0,Medium,2,1016.13,0.54,0.32,1080.4
Andhra Pradesh,South,Painting,Paper,430.73,175.3,3.1,Medium,1,672.51,0.49,0.47,692.33
Andhra Pradesh,South,Painting,Canvas,385.03,525.57,10.2,Medium,4,1233.3,0.52,0.85,1342.96
Gujarat,West,Jewelry,Silver,451.73,604.47,13.6,Medium,2,1589.88,0.77,0.36,1596.66
West Bengal,East,Metal Craft,Copper,244.94,918.41,17.6,Large,3,1474.88,0.35,0.94,1547.15
Telangana,South,Jewelry,Terracotta,218.44,366.63,9.2,Small,1,767.62,0.65,0.94,871.0
Gujarat,West,Wooden Toy,Wood,141.86,140.15,3.6,Small,2,371.85,0.61,0.52,393.08
Punjab,North,Stone Carving,Soapstone,507.01,789.27,14.5,Medium,2,1544.8,0.32,0.33,1525.11
Odisha,East,Jewelry,Silver,605.64,143.11,3.8,Large,4,1124.65,0.75,0.9,1234.32
Andhra Pradesh,South,Jewelry,Silver,578.2,1125.54,24.4,Large,4,2698.68,0.66,0.93,3058.6
Kerala,South,Jewelry,Terracotta,126.39,375.86,6.8,Small,4,654.2,0.38,0.86,699.85
Rajasthan,West,Bamboo Craft,Cane,264.2,137.02,3.1,Small,1,518.22,0.78,0.74,588.29
Madhya Pradesh,Central,Bamboo Craft,Bamboo,556.18,503.51,15.8,Large,5,1574.86,0.95,0.42,1767.94
Punjab,North,Jewelry,Terracotta,200.65,405.7,10.9,Medium,5,1031.09,0.83,0.7,1174.65
Kerala,South,Stone Carving,Marble,277.06,418.29,9.0,Small,1,884.91,0.57,0.75,926.53
Karnataka,South,Jewelry,Silver,384.1,546.89,12.7,Large,5,1360.17,0.35,0.65,1392.25
Kerala,South,Wooden Toy,Wood,424.77,1048.04,18.6,Large,4,2189.12,0.97,0.71,2565.39
Karnataka,South,Bamboo Craft,Cane,712.92,388.89,11.3,Large,3,1312.88,0.4,0.42,1373.87
Kerala,South,Handloom Textile,Wool,239.27,477.14,8.7,Small,3,1152.41,0.85,0.92,1276.6
Andhra Pradesh,South,Handloom Textile,Wool,612.19,459.32,14.3,Medium,3,1674.11,0.78,0.78,1803.16
Uttar Pradesh,North,Wooden Toy,Bamboo,254.72,43.96,1.1,Small,2,359.9,0.34,0.67,353.44
Uttar Pradesh,North,Wooden Toy,Wood,234.6,107.59,3.2,Small,4,497.33,0.66,0.36,490.19
Odisha,East,Pottery,Clay,87.35,334.2,7.0,Small,3,517.15,0.32,0.7,536.52
Telangana,South,Bamboo Craft,Bamboo,95.91,376.26,7.5,Small,4,694.76,0.33,0.9,743.11
Assam,Northeast,Stone Carving,Marble,541.79,720.34,14.7,Medium,1,1394.4,0.78,0.86,1503.85
Maharashtra,West,Wooden Toy,Bamboo,181.59,332.6,10.9,Small,4,870.2,0.79,0.97,1016.94
Uttar Pradesh,North,Pottery,Clay,697.54,180.87,3.3,Large,4,1157.89,0.5,0.61,1167.54
Gujarat,West,Stone Carving,Soapstone,200.99,254.8,5.2,Small,2,624.1,0.87,0.51,687.85
Telangana,South,Wooden Toy,Wood,683.07,798.53,26.2,Large,5,2581.01,0.9,0.66,2715.61
Uttar Pradesh,North,Wooden Toy,Wood,322.26,210.71,5.6,Medium,3,743.83,0.65,0.87,810.49
Maharashtra,West,Wooden Toy,Wood,573.11,810.78,13.7,Large,3,1947.01,0.69,0.48,2073.77
Tamil Nadu,South,Handloom Textile,Wool,232.99,60.39,1.1,Small,5,445.58,0.79,0.76,479.3
Karnataka,South,Bamboo Craft,Bamboo,603.81,647.91,16.8,Medium,1,1372.99,0.41,0.61,1427.92
Andhra Pradesh,South,Wooden Toy,Bamboo,388.25,159.33,5.0,Small,2,835.01,0.93,0.33,914.57
Tamil Nadu,South,Bamboo Craft,Cane,607.35,159.23,5.1,Medium,4,1107.68,0.64,0.62,1227.82
Andhra Pradesh,South,Pottery,Terracotta,810.97,694.23,19.9,Large,5,2468.03,0.81,0.81,2836.7
Uttar Pradesh,North,Metal Craft,Copper,260.26,303.02,9.5,Large,4,819.33,0.86,0.74,869.61
Gujarat,West,Jewelry,Silver,102.48,196.19,4.5,Medium,2,415.58,0.47,0.48,424.06
Andhra Pradesh,South,Metal Craft,Copper,305.24,57.34,1.4,Small,5,534.52,0.64,0.43,578.36
Punjab,North,Metal Craft,Brass,378.8,76.89,1.9,Small,4,725.96,0.97,0.36,827.56
Gujarat,West,Painting,Cloth,941.71,516.26,14.8,Large,3,2173.97,0.44,0.92,2308.89
Assam,Northeast,Stone Carving,Marble,763.59,1091.82,21.9,Large,4,2547.12,0.88,0.78,2741.78
Gujarat,West,Handloom Textile,Wool,496.58,384.55,9.9,Medium,3,1480.94,0.86,0.79,1578.28
Uttar Pradesh,North,Pottery,Terracotta,277.22,211.3,3.7,Small,1,547.34,0.37,0.76,552.78
West Bengal,East,Metal Craft,Bronze,614.32,644.72,16.6,Medium,3,1386.38,0.31,0.51,1439.47
Odisha,East,Stone Carving,Soapstone,388.49,79.45,1.8,Small,1,503.29,0.68,0.37,514.0
Kerala,South,Stone Carving,Soapstone,237.62,424.17,8.3,Small,3,892.65,0.4,0.87,966.66
Andhra Pradesh,South,Pottery,Clay,497.44,1455.3,26.0,Large,3,2927.61,0.61,0.57,3138.22
Rajasthan,West,Bamboo Craft,Cane,374.89,473.13,9.8,Small,1,1081.87,0.38,0.5,1067.85
Rajasthan,West,Wooden Toy,Bamboo,82.64,457.78,8.8,Small,4,807.87,0.5,0.51,786.2
Odisha,East,Stone Carving,Marble,783.03,600.62,10.8,Large,1,1544.95,0.86,0.76,1706.79
Gujarat,West,Metal Craft,Bronze,205.69,260.59,4.7,Small,5,717.92,0.64,0.88,744.34
Andhra Pradesh,South,Pottery,Terracotta,940.95,810.75,17.9,Large,5,2923.65,0.67,0.45,2924.47
Punjab,North,Pottery,Terracotta,601.59,1004.95,17.5,Large,4,2334.89,0.67,0.4,2327.88
Rajasthan,West,Stone Carving,Marble,121.33,59.02,1.3,Small,1,227.29,0.36,0.63,235.89
Punjab,North,Painting,Cloth,77.09,175.73,3.5,Small,3,384.66,0.93,0.32,416.41
Gujarat,West,Pottery,Clay,385.81,969.94,18.5,Medium,2,1999.15,0.9,0.55,2207.77
Odisha,East,Stone Carving,Soapstone,162.55,270.83,7.3,Small,5,608.57,0.4,0.56,644.95
Karnataka,South,Metal Craft,Brass,504.48,641.97,19.4,Large,5,2072.11,0.93,0.7,2369.66
Karnataka,South,Painting,Cloth,139.77,399.94,6.8,Small,4,809.23,0.36,0.78,812.46
Karnataka,South,Wooden Toy,Bamboo,843.62,1415.14,27.0,Large,1,2356.36,0.46,0.53,2492.14
Tamil Nadu,South,Painting,Canvas,555.78,515.31,12.7,Medium,3,1436.07,0.35,0.83,1542.23
Telangana,South,Stone Carving,Soapstone,489.1,848.53,16.2,Medium,1,1781.39,0.74,0.6,1937.68
West Bengal,East,Stone Carving,Soapstone,454.62,178.12,4.6,Large,1,659.8,0.68,0.49,696.04
Gujarat,West,Metal Craft,Bronze,175.1,699.14,15.7,Medium,4,1343.38,0.7,0.4,1393.35
Assam,Northeast,Pottery,Terracotta,798.9,832.85,22.7,Large,1,1885.97,0.73,0.47,2091.81
Karnataka,South,Handloom Textile,Cotton,247.14,470.17,8.7,Small,2,1058.72,0.8,0.79,1172.34
Tamil Nadu,South,Stone Carving,Soapstone,272.71,516.0,10.3,Small,2,1047.09,0.81,0.46,1077.2
Tamil Nadu,South,Handloom Textile,Wool,363.23,575.18,9.6,Medium,5,1479.87,0.73,0.85,1670.53
Karnataka,South,Wooden Toy,Bamboo,265.28,337.85,8.7,Small,1,746.56,0.68,0.74,836.66
Karnataka,South,Metal Craft,Brass,583.03,935.43,18.7,Medium,3,2217.48,0.98,0.88,2491.09
Madhya Pradesh,Central,Jewelry,Beads,320.25,89.1,2.5,Large,2,407.74,0.3,0.8,406.78
Kerala,South,Painting,Canvas,316.6,604.44,10.2,Small,3,1276.0,0.75,0.62,1329.15
Assam,Northeast,Bamboo Craft,Cane,298.86,788.75,13.2,Large,4,1186.83,0.3,0.44,1201.7
Uttar Pradesh,North,Pottery,Clay,416.09,499.65,14.5,Large,4,1288.58,0.58,0.37,1265.67
Uttar Pradesh,North,Painting,Cloth,522.68,599.94,11.6,Medium,4,1453.72,0.59,0.57,1522.52
Andhra Pradesh,South,Pottery,Terracotta,368.12,511.71,9.8,Medium,1,1052.5,0.88,0.83,1185.74
Rajasthan,West,Handloom Textile,Wool,187.47,858.12,20.7,Large,2,1355.25,0.39,0.9,1387.95
Madhya Pradesh,Central,Pottery,Clay,97.21,640.43,11.1,Medium,1,724.06,0.72,0.98,801.93
Andhra Pradesh,South,Wooden Toy,Wood,526.95,353.51,10.8,Medium,4,1398.05,0.71,0.73,1547.54
Andhra Pradesh,South,Painting,Canvas,511.63,485.11,13.3,Medium,2,1384.73,0.58,0.84,1408.78
Assam,Northeast,Stone Carving,Soapstone,569.85,393.35,10.7,Large,4,1120.5,0.65,0.72,1230.96
Uttar Pradesh,North,Bamboo Craft,Bamboo,336.96,410.86,11.6,Small,2,916.62,0.72,0.6,985.2
Rajasthan,West,Jewelry,Beads,777.2,177.25,3.0,Large,5,1773.23,0.87,0.83,1945.64
Andhra Pradesh,South,Jewelry,Silver,313.07,301.89,5.3,Small,3,814.81,0.42,0.5,809.15
Gujarat,West,Bamboo Craft,Cane,476.36,857.64,15.4,Large,1,1614.88,0.67,0.55,1687.55
Kerala,South,Painting,Canvas,553.22,743.26,22.1,Large,1,1444.23,0.46,0.57,1462.5
Andhra Pradesh,South,Wooden Toy,Bamboo,327.73,207.26,4.6,Small,3,799.65,0.74,0.46,850.71
Karnataka,South,Painting,Paper,495.3,887.86,23.8,Large,4,2269.96,0.92,0.69,2611.95
Rajasthan,West,Metal Craft,Brass,806.77,962.5,18.3,Large,1,2022.89,0.6,0.68,2040.9
Rajasthan,West,Jewelry,Silver,340.3,59.64,1.7,Small,4,635.8,0.86,0.3,681.99
West Bengal,East,Jewelry,Terracotta,413.45,691.22,15.3,Medium,1,1209.58,0.66,0.81,1316.21
Maharashtra,West,Metal Craft,Copper,364.22,224.39,5.4,Small,1,612.76,0.3,0.73,620.72
Uttar Pradesh,North,Jewelry,Terracotta,530.37,430.41,11.3,Medium,2,1314.26,0.85,0.49,1433.47
Telangana,South,Handloom Textile,Silk,109.5,396.21,11.0,Small,5,841.26,0.99,0.31,882.24
Telangana,South,Painting,Paper,87.84,736.64,14.5,Medium,1,1038.75,0.85,0.48,1137.93
Uttar Pradesh,North,Wooden Toy,Wood,203.92,426.47,8.7,Small,2,755.34,0.38,0.85,794.65
Tamil Nadu,South,Wooden Toy,Wood,250.28,397.06,9.5,Large,3,919.84,0.5,0.46,953.76
Andhra Pradesh,South,Pottery,Clay,396.66,322.24,5.6,Medium,2,959.11,0.43,0.86,1025.17
Odisha,East,Jewelry,Beads,636.0,478.46,13.1,Medium,1,1039.54,0.44,0.53,1079.11
Andhra Pradesh,South,Metal Craft,Copper,144.03,407.75,10.0,Small,2,682.21,0.64,0.98,758.97
Punjab,North,Handloom Textile,Silk,754.3,369.25,8.2,Large,3,1491.44,0.55,0.84,1578.01
Madhya Pradesh,Central,Metal Craft,Bronze,322.78,189.39,3.6,Small,1,598.41,0.91,0.92,666.33
Kerala,South,Painting,Paper,629.81,408.02,8.3,Medium,2,1313.28,0.41,0.99,1417.52
Kerala,South,Stone Carving,Marble,73.02,500.47,9.4,Small,2,770.79,0.77,0.5,787.69
Rajasthan,West,Painting,Canvas,215.06,149.75,3.7,Small,4,491.39,0.41,0.46,517.6
Gujarat,West,Stone Carving,Marble,235.64,248.67,5.4,Small,3,683.48,0.74,0.95,735.42
Tamil Nadu,South,Bamboo Craft,Bamboo,939.66,374.26,12.2,Large,3,1873.93,0.4,0.32,1820.47
Maharashtra,West,Wooden Toy,Bamboo,373.24,575.94,12.0,Small,4,1349.23,0.32,0.36,1317.15
Tamil Nadu,South,Wooden Toy,Wood,629.19,812.31,14.0,Large,3,2183.02,0.67,0.79,2258.91
Assam,Northeast,Handloom Textile,Wool,312.98,177.78,5.2,Large,2,541.91,0.66,0.52,599.2
Punjab,North,Bamboo Craft,Bamboo,104.85,227.47,6.9,Small,3,463.8,0.52,0.67,477.66
Punjab,North,Stone Carving,Soapstone,116.35,288.73,8.4,Medium,3,469.94,0.46,0.73,485.76
West Bengal,East,Metal Craft,Bronze,421.3,275.16,9.0,Medium,3,1015.82,0.99,0.56,1102.1
Rajasthan,West,Painting,Canvas,346.01,338.32,8.4,Medium,3,980.95,0.32,0.55,1002.31
Madhya Pradesh,Central,Stone Carving,Soapstone,100.9,425.75,7.5,Small,3,702.4,0.79,0.4,729.4
Uttar Pradesh,North,Wooden Toy,Wood,334.28,605.12,10.9,Medium,2,1144.04,0.95,0.95,1355.58
Uttar Pradesh,North,Bamboo Craft,Cane,110.46,286.33,6.3,Medium,1,453.18,0.64,0.72,505.11
Andhra Pradesh,South,Jewelry,Beads,134.19,230.49,4.0,Small,1,418.06,0.35,0.73,426.83
Andhra Pradesh,South,Jewelry,Terracotta,292.98,161.18,2.9,Small,3,544.51,0.4,0.58,555.95
Uttar Pradesh,North,Painting,Paper,284.41,594.85,11.4,Small,3,1177.46,0.68,0.95,1292.54
Uttar Pradesh,North,Stone Carving,Soapstone,413.82,485.36,8.8,Medium,5,1336.69,0.43,0.69,1436.0
Gujarat,West,Metal Craft,Copper,359.37,325.35,6.6,Small,1,915.1,0.58,0.63,1003.44
Odisha,East,Stone Carving,Marble,581.43,222.01,4.0,Medium,4,1184.8,0.96,0.55,1342.45
Odisha,East,Stone Carving,Soapstone,246.73,519.69,11.9,Small,1,870.56,0.8,0.85,995.31
Maharashtra,West,Bamboo Craft,Cane,578.77,442.02,13.3,Large,2,1477.3,0.58,0.81,1528.56
West Bengal,East,Metal Craft,Bronze,418.4,329.69,6.5,Large,2,981.25,0.97,0.75,1104.53
Telangana,South,Painting,Cloth,80.96,432.55,9.0,Small,3,780.86,0.76,0.93,886.14
Karnataka,South,Painting,Canvas,374.51,564.52,11.9,Small,3,1284.45,0.38,0.62,1239.12
Assam,Northeast,Pottery,Clay,111.86,145.41,2.8,Medium,3,285.61,0.65,0.56,308.27
Karnataka,South,Jewelry,Beads,389.66,465.95,9.4,Large,1,1072.39,0.69,0.55,1107.18
Karnataka,South,Metal Craft,Brass,525.1,194.68,5.6,Medium,3,998.94,0.85,0.8,1058.09
Punjab,North,Bamboo Craft,Bamboo,824.26,911.83,22.9,Large,3,2388.42,0.76,0.39,2391.01
Kerala,South,Handloom Textile,Silk,448.95,194.72,4.4,Large,1,700.04,0.6,0.61,723.8
Telangana,South,Handloom Textile,Cotton,503.63,416.79,8.1,Medium,3,1272.47,0.56,0.6,1390.71
Andhra Pradesh,South,Jewelry,Beads,140.96,106.13,2.2,Medium,1,322.65,0.96,0.99,366.14
Telangana,South,Metal Craft,Bronze,441.18,558.86,11.4,Medium,2,1395.92,0.91,0.82,1551.32
Odisha,East,Jewelry,Terracotta,438.18,419.84,9.6,Medium,5,1119.39,0.31,0.42,1145.89
Kerala,South,Handloom Textile,Silk,147.55,270.34,6.7,Small,4,616.6,0.37,0.97,613.91
West Bengal,East,Handloom Textile,Silk,483.08,460.81,7.7,Medium,1,1004.25,0.51,0.47,1065.41
Telangana,South,Painting,Paper,117.38,280.21,8.8,Small,4,693.16,0.94,0.36,748.16
Punjab,North,Jewelry,Silver,206.83,698.62,11.7,Small,5,1417.25,0.76,0.39,1500.74
Maharashtra,West,Stone Carving,Soapstone,368.09,354.52,11.6,Medium,3,1022.86,0.8,0.8,1130.36
Gujarat,West,Painting,Cloth,398.28,442.84,13.6,Medium,4,1353.42,0.74,0.5,1479.35
Karnataka,South,Wooden Toy,Bamboo,296.98,109.79,2.3,Small,2,617.18,0.98,0.41,687.91
Odisha,East,Metal Craft,Brass,770.16,378.64,9.8,Large,5,1634.94,0.93,0.55,1810.37
Rajasthan,West,Bamboo Craft,Cane,93.69,482.67,9.8,Small,4,896.73,0.91,0.85,990.19
Kerala,South,Jewelry,Terracotta,321.1,331.36,5.6,Small,4,1096.19,0.82,0.31,1109.95
Punjab,North,Painting,Canvas,99.18,509.14,9.1,Small,1,685.19,0.68,0.5,709.12
Telangana,South,Pottery,Terracotta,394.41,424.74,8.8,Large,1,1001.23,0.93,0.51,1133.05
Assam,Northeast,Metal Craft,Bronze,495.4,629.38,18.0,Medium,3,1285.06,0.4,0.68,1313.31
Assam,Northeast,Wooden Toy,Wood,623.13,319.6,7.2,Large,5,1371.82,0.76,0.6,1464.93
Uttar Pradesh,North,Wooden Toy,Wood,400.22,440.2,10.4,Large,2,1011.62,0.32,0.77,1014.63
West Bengal,East,Painting,Canvas,66.11,451.14,11.9,Small,2,592.46,0.39,0.56,586.85
Telangana,South,Metal Craft,Bronze,251.15,187.78,5.6,Small,4,649.02,0.53,0.81,656.87
Odisha,East,Handloom Textile,Cotton,107.16,435.22,8.0,Small,1,538.52,0.54,0.72,553.63
Kerala,South,Pottery,Clay,57.09,399.29,9.5,Small,2,670.41,0.87,0.8,725.63
Tamil Nadu,South,Painting,Canvas,275.49,1447.71,28.1,Large,4,2666.12,0.88,0.31,2918.76
Gujarat,West,Wooden Toy,Wood,123.67,497.32,11.6,Medium,4,846.95,0.31,0.47,806.31
Maharashtra,West,Bamboo Craft,Bamboo,650.49,337.29,8.8,Large,3,1528.26,0.93,0.63,1725.32
Assam,Northeast,Painting,Paper,884.08,134.69,3.1,Large,1,1133.2,0.73,0.52,1264.42
Gujarat,West,Bamboo Craft,Bamboo,380.2,143.48,3.9,Small,2,734.78,0.97,0.62,832.07
Assam,Northeast,Handloom Textile,Cotton,358.91,535.59,9.5,Large,5,1091.28,0.41,0.35,1102.73
Andhra Pradesh,South,Painting,Cloth,148.93,483.32,9.9,Medium,3,1000.66,0.89,0.46,1051.42
Uttar Pradesh,North,Pottery,Terracotta,458.99,307.65,9.2,Medium,3,998.93,0.8,0.45,1049.5
Gujarat,West,Jewelry,Terracotta,278.65,127.84,3.6,Small,4,570.24,0.31,0.63,557.36
Gujarat,West,Jewelry,Silver,68.78,305.78,5.7,Small,3,518.65,0.8,0.9,602.01
Maharashtra,West,Pottery,Terracotta,169.49,447.19,11.9,Small,5,995.74,0.63,0.55,1083.07
Telangana,South,Wooden Toy,Bamboo,311.25,576.02,11.9,Small,3,1348.87,0.62,0.36,1399.41
Kerala,South,Painting,Paper,472.27,408.6,8.8,Medium,3,1285.41,0.96,0.42,1347.19
Karnataka,South,Bamboo Craft,Cane,785.46,129.8,4.0,Large,5,1377.53,0.51,0.66,1362.23
Andhra Pradesh,South,Stone Carving,Soapstone,924.29,1059.31,27.6,Large,1,2374.65,0.81,0.71,2523.89
Kerala,South,Bamboo Craft,Cane,532.57,522.95,13.5,Large,5,1836.01,0.87,0.64,1941.62
Rajasthan,West,Painting,Paper,236.73,206.07,4.5,Small,3,666.19,0.85,0.84,753.63
Punjab,North,Metal Craft,Copper,379.45,272.17,7.9,Small,4,1030.29,0.78,0.37,1090.9
Gujarat,West,Painting,Paper,443.52,161.55,3.9,Large,2,885.57,0.93,0.31,995.6
Odisha,East,Metal Craft,Brass,451.67,648.79,13.7,Large,3,1256.04,0.62,0.42,1317.57
Odisha,East,Stone Carving,Soapstone,372.28,79.92,2.2,Small,1,460.57,0.56,0.87,510.54
Karnataka,South,Bamboo Craft,Bamboo,69.24,533.78,11.4,Small,1,790.21,0.76,0.56,815.34
Maharashtra,West,Painting,Cloth,67.12,300.3,5.4,Small,2,533.85,0.83,0.66,558.53
Tamil Nadu,South,Bamboo Craft,Cane,550.78,770.26,15.5,Medium,1,1700.58,0.63,0.98,1873.93
Karnataka,South,Metal Craft,Brass,180.13,368.65,7.8,Small,1,638.29,0.58,0.51,667.88
Maharashtra,West,Stone Carving,Marble,199.85,206.03,3.9,Small,3,583.7,0.67,0.35,631.23
Tamil Nadu,South,Painting,Cloth,314.33,267.47,4.6,Small,5,809.71,0.35,0.97,797.44
West Bengal,East,Handloom Textile,Cotton,322.93,364.76,7.9,Medium,4,966.47,0.86,0.89,1068.6
Maharashtra,West,Metal Craft,Brass,101.86,73.85,1.5,Small,2,221.92,0.35,0.81,220.49
Gujarat,West,Handloom Textile,Cotton,573.2,310.77,7.2,Large,1,1103.19,0.86,0.62,1232.18
Uttar Pradesh,North,Pottery,Clay,115.37,403.86,9.1,Small,2,664.85,0.62,0.9,680.05
Karnataka,South,Stone Carving,Soapstone,368.79,775.96,25.4,Large,5,1881.9,0.68,0.81,2086.92
Assam,Northeast,Pottery,Terracotta,303.99,469.96,8.6,Small,5,1080.29,0.75,0.58,1183.06
Maharashtra,West,Handloom Textile,Cotton,856.1,386.52,9.6,Large,4,1979.96,0.95,0.7,2239.78
West Bengal,East,Stone Carving,Soapstone,952.24,1262.17,24.1,Large,5,3032.59,0.45,0.91,3319.4
Assam,Northeast,Bamboo Craft,Bamboo,264.7,119.55,2.7,Medium,4,512.47,0.49,0.8,548.09
Uttar Pradesh,North,Jewelry,Silver,865.02,765.35,14.4,Large,1,2000.73,0.89,0.8,2252.84
Kerala,South,Metal Craft,Brass,295.18,206.29,3.8,Small,4,847.77,0.97,0.63,963.81
Andhra Pradesh,South,Wooden Toy,Bamboo,281.79,395.15,7.0,Small,2,930.22,0.61,0.34,974.67
Assam,Northeast,Metal Craft,Copper,555.58,123.69,4.0,Medium,3,934.41,0.95,0.4,1049.42
Tamil Nadu,South,Bamboo Craft,Cane,298.05,120.05,2.4,Small,5,703.76,0.92,0.6,768.19
Odisha,East,Handloom Textile,Wool,189.11,1452.36,25.9,Large,5,2717.68,1.0,0.71,2947.7
Telangana,South,Jewelry,Terracotta,283.64,461.99,8.1,Small,5,1351.81,0.88,0.96,1578.56
Madhya Pradesh,Central,Pottery,Terracotta,115.69,795.7,16.5,Medium,1,953.63,0.57,0.34,957.11
Karnataka,South,Stone Carving,Soapstone,341.95,780.0,13.6,Medium,2,1521.76,0.88,0.62,1618.06
Rajasthan,West,Wooden Toy,Wood,180.35,130.09,2.2,Small,5,510.63,0.7,0.39,537.05
Assam,Northeast,Stone Carving,Marble,236.51,81.94,1.4,Small,4,359.18,0.49,0.31,365.14
Tamil Nadu,South,Wooden Toy,Bamboo,98.22,62.08,1.5,Small,4,237.14,0.74,0.38,247.2
Odisha,East,Pottery,Terracotta,105.81,214.87,6.6,Small,3,352.89,0.33,0.66,341.5
Madhya Pradesh,Central,Wooden Toy,Wood,198.37,574.16,11.1,Small,4,1145.61,0.87,0.91,1316.24
West Bengal,East,Handloom Textile,Wool,420.71,283.59,8.0,Medium,4,981.74,0.78,1.0,1116.67
Maharashtra,West,Metal Craft,Brass,223.28,245.39,5.8,Small,1,620.83,0.65,0.56,680.05
Karnataka,South,Handloom Textile,Wool,861.62,477.77,8.4,Large,4,2028.6,0.54,0.52,2051.22
Uttar Pradesh,North,Wooden Toy,Bamboo,68.54,263.38,5.1,Small,4,471.62,0.53,0.74,507.32
Punjab,North,Jewelry,Terracotta,364.0,202.96,5.8,Small,4,811.28,0.52,0.6,796.8
Madhya Pradesh,Central,Jewelry,Terracotta,160.52,481.21,9.6,Small,1,730.55,0.81,0.87,822.6
Maharashtra,West,Pottery,Terracotta,326.21,889.66,18.9,Medium,2,1622.92,0.44,0.5,1723.66
Rajasthan,West,Jewelry,Silver,112.55,107.25,1.9,Small,2,316.5,0.94,0.49,351.49
Tamil Nadu,South,Wooden Toy,Wood,264.76,564.87,17.0,Medium,5,1157.01,0.33,0.45,1103.26
Odisha,East,Wooden Toy,Wood,175.18,778.9,22.3,Large,2,1254.38,0.94,0.56,1336.59
Assam,Northeast,Wooden Toy,Wood,134.11,341.78,7.3,Small,2,577.71,0.84,0.83,635.3
Maharashtra,West,Bamboo Craft,Cane,361.72,465.71,7.8,Small,3,1243.09,0.87,0.33,1336.83
Rajasthan,West,Handloom Textile,Silk,302.51,380.45,7.1,Small,5,1000.41,0.5,0.43,1027.7
Gujarat,West,Painting,Paper,291.01,222.67,4.6,Small,1,617.33,0.34,0.37,602.5
Tamil Nadu,South,Metal Craft,Bronze,284.97,561.34,10.1,Small,4,1239.97,0.42,0.64,1307.12
Madhya Pradesh,Central,Stone Carving,Marble,519.42,200.35,5.6,Medium,3,847.92,0.71,0.82,880.44
Rajasthan,West,Metal Craft,Bronze,300.86,150.46,4.3,Small,5,714.23,0.4,0.52,711.28
Telangana,South,Stone Carving,Marble,57.23,81.3,2.1,Small,3,202.15,0.76,0.37,204.36
Gujarat,West,Painting,Cloth,124.07,92.85,2.9,Small,2,325.33,0.77,0.62,335.22
Kerala,South,Handloom Textile,Silk,241.58,556.25,10.5,Large,5,1176.42,0.51,0.59,1161.54
Andhra Pradesh,South,Pottery,Terracotta,909.12,906.43,16.9,Large,2,2247.9,0.76,0.66,2461.74
Karnataka,South,Handloom Textile,Wool,167.01,434.97,8.9,Medium,4,981.58,0.85,0.78,1041.88
Tamil Nadu,South,Wooden Toy,Bamboo,171.14,77.38,1.5,Small,3,348.81,0.97,0.48,381.12
Telangana,South,Jewelry,Beads,349.84,222.96,7.1,Small,1,701.11,0.98,0.88,829.73
Telangana,South,Jewelry,Beads,207.74,223.54,5.1,Small,4,628.68,0.88,0.76,729.44
Gujarat,West,Painting,Canvas,101.72,451.57,9.2,Small,2,760.28,0.43,0.42,759.57
Gujarat,West,Bamboo Craft,Cane,669.84,813.58,15.7,Large,1,1822.29,0.64,0.5,1980.56
Uttar Pradesh,North,Metal Craft,Brass,513.15,464.31,8.0,Large,3,1509.68,0.86,0.34,1643.79
Karnataka,South,Stone Carving,Soapstone,254.62,441.73,8.7,Large,2,913.33,0.85,0.47,962.6
Punjab,North,Wooden Toy,Bamboo,622.34,228.58,6.9,Large,5,1337.65,0.78,0.85,1447.22
Gujarat,West,Jewelry,Terracotta,482.92,746.75,12.7,Large,1,1600.06,0.84,0.45,1724.92
Punjab,North,Pottery,Terracotta,634.91,803.7,14.8,Large,3,2154.84,0.84,0.65,2412.51
Assam,Northeast,Painting,Cloth,774.01,1048.63,27.6,Large,5,2503.85,0.49,0.92,2769.95
Punjab,North,Metal Craft,Brass,115.35,432.67,12.6,Medium,4,725.96,0.65,0.41,715.83
Madhya Pradesh,Central,Handloom Textile,Cotton,270.58,162.46,4.9,Small,3,545.0,0.53,0.42,546.78
Punjab,North,Metal Craft,Brass,166.88,504.21,10.2,Small,5,1150.47,0.8,0.75,1217.42
Telangana,South,Stone Carving,Soapstone,396.16,481.46,10.1,Small,5,1319.5,0.76,0.75,1389.96
Telangana,South,Stone Carving,Soapstone,927.64,682.29,16.5,Large,3,2146.35,0.83,0.67,2399.64
Punjab,North,Wooden Toy,Wood,490.04,264.15,4.5,Medium,5,1005.41,0.46,0.62,1045.66
Uttar Pradesh,North,Stone Carving,Soapstone,181.41,268.57,4.9,Small,4,589.69,0.31,0.86,635.63
Maharashtra,West,Wooden Toy,Bamboo,256.31,50.43,1.6,Small,4,501.47,0.92,0.89,570.57
Karnataka,South,Stone Carving,Soapstone,531.26,1632.12,27.9,Large,5,4062.58,0.99,0.91,4476.75
Andhra Pradesh,South,Jewelry,Silver,818.05,1242.44,21.1,Large,1,2568.36,0.7,0.36,2734.86
Telangana,South,Stone Carving,Marble,203.38,407.62,8.5,Medium,2,722.69,0.56,0.56,786.53
Telangana,South,Metal Craft,Copper,500.28,84.75,1.6,Medium,2,778.47,0.82,0.31,832.96
Andhra Pradesh,South,Bamboo Craft,Bamboo,500.31,979.29,22.9,Large,1,1586.78,0.41,0.98,1705.03
Andhra Pradesh,South,Pottery,Clay,100.1,199.0,4.6,Small,5,418.65,0.43,0.61,431.06
Assam,Northeast,Painting,Paper,451.68,151.56,2.7,Medium,1,604.62,0.43,0.46,609.22
West Bengal,East,Handloom Textile,Cotton,539.49,314.2,5.8,Large,3,1078.82,0.73,0.39,1171.65
Telangana,South,Wooden Toy,Bamboo,597.42,218.27,5.3,Large,1,997.4,0.47,0.66,1023.71
Odisha,East,Handloom Textile,Silk,201.67,520.14,11.0,Small,1,815.6,0.7,0.48,866.7
West Bengal,East,Painting,Canvas,453.36,1614.66,28.6,Large,1,2346.94,0.82,0.68,2470.91
Andhra Pradesh,South,Handloom Textile,Silk,376.82,994.36,22.8,Large,3,2065.51,0.92,0.4,2267.74
Assam,Northeast,Jewelry,Silver,554.15,1545.89,25.9,Large,4,2319.57,0.38,0.39,2359.21
Telangana,South,Bamboo Craft,Bamboo,288.7,611.38,14.5,Medium,5,1483.19,0.74,0.84,1624.7
Punjab,North,Stone Carving,Soapstone,129.41,408.09,8.8,Medium,3,766.03,0.62,0.93,855.37
Maharashtra,West,Metal Craft,Bronze,181.35,372.54,8.9,Small,2,658.57,0.46,0.54,660.98
Rajasthan,West,Wooden Toy,Bamboo,211.26,453.13,11.5,Small,5,1123.95,0.93,0.46,1224.92
Karnataka,South,Pottery,Clay,456.61,87.92,2.4,Medium,5,895.46,0.62,0.53,937.73
Madhya Pradesh,Central,Stone Carving,Marble,169.8,671.02,17.3,Medium,5,1304.58,0.81,0.85,1438.33
Karnataka,South,Bamboo Craft,Cane,637.3,563.87,11.2,Large,1,1535.56,0.62,0.61,1538.35
Tamil Nadu,South,Handloom Textile,Wool,860.85,1125.26,24.9,Large,5,3453.4,0.64,0.55,3477.11
Uttar Pradesh,North,Jewelry,Terracotta,615.78,1183.81,20.4,Large,1,2023.16,0.85,0.75,2196.1
Assam,Northeast,Wooden Toy,Bamboo,236.63,1348.96,25.7,Large,5,2275.62,0.83,0.76,2405.02
West Bengal,East,Painting,Cloth,264.63,206.99,4.0,Medium,2,538.8,0.41,0.79,555.02
Assam,Northeast,Metal Craft,Brass,155.73,281.18,7.1,Medium,2,538.78,0.79,0.38,586.73
Punjab,North,Stone Carving,Marble,184.33,715.79,14.3,Medium,3,1174.47,0.82,0.43,1219.07
Madhya Pradesh,Central,Pottery,Clay,284.89,813.35,15.6,Medium,4,1383.12,0.95,0.34,1525.95
Rajasthan,West,Pottery,Terracotta,354.6,519.73,11.2,Large,5,1302.78,0.37,0.75,1354.52
Tamil Nadu,South,Stone Carving,Soapstone,820.57,399.69,6.9,Large,2,1510.66,0.67,0.95,1663.54
Maharashtra,West,Jewelry,Silver,459.27,1098.44,22.8,Large,2,2077.88,0.65,0.94,2186.66
West Bengal,East,Handloom Textile,Silk,630.8,815.97,18.9,Large,5,2172.42,0.64,0.97,2260.4
Uttar Pradesh,North,Bamboo Craft,Cane,198.79,973.73,18.8,Medium,3,1765.82,0.94,0.51,1975.31
Rajasthan,West,Pottery,Clay,245.03,551.69,11.3,Medium,4,1325.04,0.64,0.88,1482.6
West Bengal,East,Bamboo Craft,Cane,794.88,634.08,15.3,Large,2,1705.32,0.88,0.64,1869.75
Kerala,South,Painting,Canvas,99.65,344.67,8.6,Small,1,538.39,0.48,0.97,588.47
Gujarat,West,Metal Craft,Bronze,643.93,1298.26,24.6,Large,4,2921.91,0.72,0.97,3362.86
Madhya Pradesh,Central,Pottery,Clay,190.5,229.04,6.8,Small,4,594.2,0.68,0.73,669.49
Karnataka,South,Bamboo Craft,Bamboo,388.24,286.74,4.8,Small,5,1009.13,0.62,0.9,1087.35
Assam,Northeast,Jewelry,Beads,620.97,924.37,18.3,Medium,2,1903.48,0.86,0.42,2069.15
Gujarat,West,Handloom Textile,Wool,131.27,119.71,3.6,Medium,1,329.3,0.81,0.4,345.02
Rajasthan,West,Stone Carving,Marble,582.42,1066.43,21.1,Large,1,2050.36,0.66,0.63,2258.89
Tamil Nadu,South,Stone Carving,Soapstone,265.28,324.26,6.2,Medium,4,830.21,0.55,0.89,903.26
Madhya Pradesh,Central,Jewelry,Beads,105.26,338.49,8.4,Medium,2,521.89,0.87,0.98,606.75
Madhya Pradesh,Central,Bamboo Craft,Bamboo,294.89,630.27,11.6,Small,1,884.59,0.35,0.8,860.48
Odisha,East,Stone Carving,Soapstone,220.74,1028.52,17.8,Medium,3,1771.65,0.86,0.99,1884.48
Maharashtra,West,Bamboo Craft,Cane,150.74,42.67,1.3,Small,2,266.23,0.45,0.65,284.74
Telangana,South,Painting,Cloth,265.67,504.02,11.2,Small,5,1261.38,0.92,0.62,1449.57
West Bengal,East,Jewelry,Beads,297.24,418.59,10.5,Medium,4,908.48,0.76,1.0,1049.39
Rajasthan,West,Bamboo Craft,Bamboo,51.37,175.29,5.0,Small,2,328.17,0.83,0.34,340.84
Gujarat,West,Metal Craft,Bronze,232.28,832.71,22.8,Large,3,1505.57,0.46,0.49,1558.99
Tamil Nadu,South,Stone Carving,Soapstone,56.16,158.84,3.7,Small,1,264.78,0.53,0.92,285.59
Telangana,South,Metal Craft,Copper,269.3,768.8,13.9,Medium,2,1444.9,0.72,0.85,1584.84
Kerala,South,Metal Craft,Copper,382.23,800.11,22.1,Large,1,1597.96,0.85,0.86,1768.39
Andhra Pradesh,South,Metal Craft,Brass,117.37,109.83,2.1,Small,2,296.58,0.92,0.76,345.26
West Bengal,East,Bamboo Craft,Bamboo,950.85,660.26,13.8,Large,1,2016.32,0.84,0.82,2135.67
West Bengal,East,Handloom Textile,Cotton,405.21,782.5,13.8,Medium,1,1392.9,0.91,0.98,1629.59
Rajasthan,West,Handloom Textile,Silk,478.92,507.61,13.5,Large,4,1564.25,0.87,0.99,1674.91
Madhya Pradesh,Central,Painting,Paper,335.44,458.57,7.8,Small,4,969.96,0.48,0.35,935.76
Telangana,South,Pottery,Clay,226.6,139.55,3.8,Medium,4,484.72,0.37,0.97,502.42
Maharashtra,West,Metal Craft,Brass,364.51,412.6,8.5,Small,3,1268.97,0.79,0.88,1419.94
Madhya Pradesh,Central,Pottery,Terracotta,361.5,264.4,6.9,Small,2,809.34,0.92,0.68,850.39
Madhya Pradesh,Central,Pottery,Terracotta,189.13,427.38,11.4,Small,5,980.11,0.96,0.97,1121.92
Rajasthan,West,Metal Craft,Copper,663.43,1353.23,25.4,Large,5,3571.71,0.74,0.99,4142.6
Uttar Pradesh,North,Pottery,Terracotta,70.09,108.86,2.5,Small,4,233.4,0.57,0.85,261.21
Tamil Nadu,South,Stone Carving,Marble,384.66,523.92,13.7,Large,1,1040.51,0.71,0.34,1114.68
Uttar Pradesh,North,Wooden Toy,Wood,115.28,193.64,3.6,Small,5,393.55,0.37,0.61,392.44
Gujarat,West,Handloom Textile,Wool,294.64,113.3,2.0,Small,3,706.42,0.94,0.37,747.25
Maharashtra,West,Bamboo Craft,Cane,79.44,46.48,1.1,Small,4,215.32,0.74,0.53,234.52
Telangana,South,Bamboo Craft,Bamboo,414.14,1269.08,21.8,Large,1,1863.06,0.37,0.51,1873.49
West Bengal,East,Handloom Textile,Cotton,383.63,345.12,6.9,Medium,1,757.63,0.75,0.7,816.56
Maharashtra,West,Handloom Textile,Wool,174.68,369.0,6.4,Small,1,677.73,0.64,0.31,722.52
Gujarat,West,Metal Craft,Bronze,516.83,397.43,10.6,Medium,5,1662.46,0.63,0.69,1790.94
Andhra Pradesh,South,Stone Carving,Soapstone,703.18,625.77,15.4,Large,2,2010.25,0.87,0.65,2190.83
Telangana,South,Handloom Textile,Silk,177.12,640.54,20.4,Large,4,1220.24,0.48,0.55,1251.21
Maharashtra,West,Jewelry,Terracotta,96.04,529.29,12.5,Medium,5,1174.72,0.95,0.65,1261.54
Maharashtra,West,Metal Craft,Brass,316.34,508.39,8.9,Small,1,981.13,0.32,0.61,944.23
Punjab,North,Metal Craft,Copper,309.94,784.02,18.2,Medium,3,1661.11,0.99,0.34,1820.07
Andhra Pradesh,South,Jewelry,Silver,225.19,396.51,11.7,Small,4,956.06,0.93,0.78,1112.51
Rajasthan,West,Pottery,Terracotta,480.61,995.8,23.9,Large,4,2304.83,0.9,0.75,2595.31
Madhya Pradesh,Central,Bamboo Craft,Cane,187.15,308.96,8.8,Medium,5,620.64,0.32,0.45,615.28
Gujarat,West,Handloom Textile,Cotton,360.84,303.33,6.0,Medium,3,1085.22,0.79,0.55,1183.39
West Bengal,East,Handloom Textile,Silk,299.56,123.08,4.1,Small,5,605.91,0.91,0.88,670.12
Punjab,North,Stone Carving,Soapstone,675.53,1093.89,19.6,Large,3,2029.61,0.4,0.6,2041.07
Gujarat,West,Jewelry,Beads,88.46,797.12,17.4,Medium,4,1403.3,0.89,0.34,1464.23
Telangana,South,Wooden Toy,Bamboo,296.55,653.07,15.7,Medium,2,1073.43,0.44,0.35,1107.34
Rajasthan,West,Wooden Toy,Bamboo,329.09,726.75,14.4,Medium,4,1612.68,0.39,0.4,1651.01
Andhra Pradesh,South,Bamboo Craft,Bamboo,437.55,133.6,4.4,Large,1,627.18,0.5,0.31,627.62
Odisha,East,Stone Carving,Marble,221.99,295.84,5.2,Large,5,736.59,0.71,0.95,822.16
Karnataka,South,Wooden Toy,Bamboo,121.64,264.32,7.8,Small,3,493.78,0.3,0.95,531.92
Rajasthan,West,Pottery,Clay,400.42,466.42,11.1,Large,2,1329.04,0.79,0.7,1370.71
Rajasthan,West,Handloom Textile,Cotton,714.88,393.02,11.1,Large,4,1621.77,0.66,0.65,1667.53
Assam,Northeast,Handloom Textile,Silk,192.86,217.4,5.5,Small,3,499.81,0.4,0.3,520.18
Rajasthan,West,Jewelry,Silver,526.27,1441.02,28.7,Large,2,2661.74,0.35,0.38,2678.16
Karnataka,South,Wooden Toy,Wood,828.27,1133.74,26.1,Large,1,1982.55,0.33,0.43,1903.43
West Bengal,East,Jewelry,Beads,193.69,80.5,2.3,Small,2,317.93,0.61,0.54,329.79
Telangana,South,Metal Craft,Brass,275.57,375.57,11.3,Small,2,784.8,0.37,0.9,837.24
Karnataka,South,Metal Craft,Bronze,125.4,582.93,10.1,Small,4,1168.3,0.74,0.37,1266.25
Uttar Pradesh,North,Jewelry,Silver,750.74,183.49,3.4,Large,3,1177.7,0.4,0.46,1155.34
Assam,Northeast,Pottery,Clay,281.47,255.98,7.7,Small,5,707.41,0.76,0.95,788.63
Madhya Pradesh,Central,Jewelry,Silver,169.65,235.52,6.1,Small,5,587.63,0.55,0.32,606.11
Odisha,East,Bamboo Craft,Bamboo,540.59,577.27,12.5,Large,5,1565.56,0.57,0.55,1588.9
Punjab,North,Jewelry,Silver,271.24,945.34,17.1,Large,3,1442.77,0.41,0.32,1511.89
Punjab,North,Stone Carving,Soapstone,816.16,1047.58,18.1,Large,1,2037.12,0.61,0.99,2144.23
Telangana,South,Metal Craft,Copper,273.32,253.71,5.2,Small,1,585.71,0.51,0.73,582.81
Telangana,South,Painting,Cloth,590.8,1011.02,17.1,Medium,4,2524.48,0.8,0.78,2653.63
Tamil Nadu,South,Handloom Textile,Silk,278.96,567.05,10.0,Large,3,1114.91,0.42,0.95,1196.78
Maharashtra,West,Metal Craft,Bronze,212.61,558.18,9.5,Large,5,1159.51,0.49,0.51,1140.39
Andhra Pradesh,South,Jewelry,Silver,210.62,563.23,12.9,Medium,4,1238.52,0.69,0.39,1333.63
Rajasthan,West,Pottery,Terracotta,57.56,166.73,5.2,Small,5,425.2,0.85,0.82,457.15
Karnataka,South,Jewelry,Silver,335.53,197.46,4.8,Medium,3,781.2,0.67,0.34,814.4
Maharashtra,West,Pottery,Terracotta,544.22,365.44,6.4,Medium,2,1433.73,1.0,0.94,1690.22
Punjab,North,Pottery,Clay,601.95,372.3,7.4,Large,2,1269.38,0.8,0.99,1378.3
Andhra Pradesh,South,Painting,Paper,289.29,416.73,11.8,Small,1,772.53,0.53,0.68,765.49
Kerala,South,Jewelry,Terracotta,268.71,525.91,16.8,Medium,5,1356.73,0.6,0.83,1524.25
Madhya Pradesh,Central,Handloom Textile,Cotton,316.3,568.45,18.3,Medium,3,1058.43,0.82,0.75,1160.62
Gujarat,West,Metal Craft,Bronze,152.55,688.45,16.9,Medium,2,1111.17,0.74,0.41,1233.3
Karnataka,South,Stone Carving,Soapstone,313.58,450.96,11.6,Small,3,1002.17,0.42,0.65,991.25
Madhya Pradesh,Central,Handloom Textile,Wool,490.6,284.73,8.0,Medium,5,1068.39,0.53,0.69,1114.58
Maharashtra,West,Stone Carving,Marble,374.33,229.76,4.0,Medium,4,931.04,0.95,0.78,1045.7
Madhya Pradesh,Central,Painting,Paper,648.54,1718.61,28.7,Large,1,2843.21,0.9,0.34,3086.48
Tamil Nadu,South,Jewelry,Terracotta,330.31,217.75,5.5,Small,4,791.54,0.62,0.4,850.77
Kerala,South,Wooden Toy,Wood,151.88,216.02,6.4,Large,1,408.52,0.58,1.0,423.94
Kerala,South,Handloom Textile,Silk,370.27,331.35,10.7,Small,1,934.12,0.83,0.76,1025.16
Gujarat,West,Painting,Canvas,952.76,133.31,3.6,Large,5,1921.08,0.58,0.61,2023.22
Maharashtra,West,Bamboo Craft,Cane,105.26,373.95,8.8,Medium,1,677.94,0.98,0.72,775.38
Telangana,South,Pottery,Terracotta,511.22,475.08,12.8,Medium,3,1547.76,0.91,0.81,1817.75
West Bengal,East,Stone Carving,Soapstone,794.12,1422.57,24.3,Large,2,2480.46,0.41,0.65,2491.74
Kerala,South,Metal Craft,Bronze,825.1,1161.6,22.5,Large,2,2965.99,1.0,0.48,3280.92
Punjab,North,Stone Carving,Soapstone,255.27,250.26,4.4,Medium,4,740.9,0.72,0.88,784.04
Andhra Pradesh,South,Stone Carving,Marble,168.14,307.78,5.2,Small,5,748.43,0.3,0.99,814.47
Madhya Pradesh,Central,Painting,Canvas,346.89,778.74,18.6,Medium,4,1425.17,0.32,0.46,1342.88
Kerala,South,Bamboo Craft,Cane,241.1,69.47,1.8,Small,1,351.13,0.36,0.9,379.32
Telangana,South,Handloom Textile,Cotton,698.22,1268.3,28.0,Large,1,2431.79,0.75,0.7,2724.98
West Bengal,East,Painting,Cloth,275.58,525.19,9.8,Small,1,774.91,0.43,0.76,809.46
Odisha,East,Painting,Paper,287.1,371.0,12.0,Small,1,648.9,0.36,0.35,665.54
Rajasthan,West,Handloom Textile,Silk,829.01,1246.25,21.9,Large,1,2324.71,0.53,0.36,2456.18
Andhra Pradesh,South,Metal Craft,Copper,489.04,558.65,13.9,Medium,5,1497.28,0.57,0.97,1656.41
Madhya Pradesh,Central,Metal Craft,Copper,380.09,177.74,3.4,Large,4,719.61,0.53,0.81,762.13
Telangana,South,Handloom Textile,Cotton,772.99,683.2,17.7,Large,2,1797.89,0.81,0.71,2045.45
Tamil Nadu,South,Handloom Textile,Silk,240.98,598.71,10.6,Small,3,1144.35,0.61,0.66,1201.02
Odisha,East,Pottery,Clay,871.92,784.06,23.2,Large,5,2484.31,0.73,1.0,2823.69
Uttar Pradesh,North,Jewelry,Beads,766.01,477.4,11.6,Large,5,1996.29,0.81,0.65,2216.56
Odisha,East,Metal Craft,Bronze,773.16,330.28,9.6,Large,4,1390.0,0.5,0.66,1453.57
Andhra Pradesh,South,Bamboo Craft,Bamboo,68.71,270.86,6.6,Small,2,426.87,0.67,0.6,471.9
Tamil Nadu,South,Bamboo Craft,Bamboo,114.67,490.78,8.5,Small,4,848.5,0.68,0.91,921.88
Assam,Northeast,Wooden Toy,Bamboo,209.96,47.63,1.1,Small,1,281.68,0.56,0.77,284.38
Kerala,South,Painting,Cloth,395.08,615.54,14.1,Large,4,1448.28,0.84,0.61,1609.41
Rajasthan,West,Metal Craft,Bronze,359.69,317.8,6.7,Small,2,820.93,0.41,0.45,820.63
West Bengal,East,Jewelry,Beads,599.76,386.24,10.8,Medium,4,1306.88,0.49,0.57,1336.38
Rajasthan,West,Metal Craft,Bronze,299.77,428.43,11.5,Medium,5,1066.07,0.36,0.32,1008.16
Tamil Nadu,South,Handloom Textile,Cotton,402.53,1173.95,22.8,Large,3,2162.43,0.73,0.9,2464.12
Madhya Pradesh,Central,Bamboo Craft,Cane,455.36,548.09,13.0,Large,4,1106.92,0.37,0.98,1135.46
Maharashtra,West,Metal Craft,Bronze,161.76,62.22,1.8,Small,5,364.96,0.33,0.5,358.26
Gujarat,West,Stone Carving,Marble,93.29,485.17,8.1,Small,3,876.77,0.46,0.5,862.5
Assam,Northeast,Painting,Paper,366.28,336.23,5.8,Medium,4,950.61,0.99,0.87,1065.8
Andhra Pradesh,South,Handloom Textile,Silk,215.69,993.66,17.3,Medium,2,1452.06,0.59,0.76,1529.08
Madhya Pradesh,Central,Wooden Toy,Wood,433.64,342.12,8.4,Medium,3,904.32,0.3,0.86,971.62
West Bengal,East,Handloom Textile,Cotton,724.19,643.53,16.9,Large,3,1964.64,1.0,0.71,2244.24
Rajasthan,West,Pottery,Terracotta,553.34,65.89,1.8,Medium,5,1105.45,0.77,0.93,1208.21
Karnataka,South,Metal Craft,Brass,423.71,1143.99,21.9,Large,3,2418.7,0.72,0.5,2575.24
Uttar Pradesh,North,Painting,Cloth,326.67,137.09,3.4,Small,3,664.13,0.91,0.34,711.95
Telangana,South,Wooden Toy,Wood,751.03,358.41,9.8,Large,4,1661.98,0.95,0.7,1786.75
Odisha,East,Painting,Cloth,399.59,154.61,3.2,Small,4,774.16,0.59,0.92,839.9
Madhya Pradesh,Central,Pottery,Clay,86.01,741.11,17.1,Medium,1,960.5,0.95,0.65,1014.42
Odisha,East,Bamboo Craft,Bamboo,310.8,190.54,4.7,Small,1,476.74,0.38,0.4,467.25
Gujarat,West,Pottery,Clay,579.5,419.02,8.1,Medium,1,1158.51,0.36,0.71,1242.7
Rajasthan,West,Pottery,Terracotta,346.17,319.53,6.0,Small,5,962.54,0.44,0.69,976.4
Madhya Pradesh,Central,Wooden Toy,Bamboo,309.72,956.64,21.4,Large,3,1469.39,0.83,0.66,1641.35
Madhya Pradesh,Central,Bamboo Craft,Cane,819.91,1240.3,26.3,Large,1,2090.3,0.83,0.83,2224.81
Uttar Pradesh,North,Jewelry,Beads,179.54,477.42,10.8,Large,1,863.44,1.0,0.6,978.92
Tamil Nadu,South,Handloom Textile,Wool,121.57,74.21,1.6,Small,3,277.02,0.79,1.0,321.26
Tamil Nadu,South,Bamboo Craft,Cane,183.68,412.35,8.6,Small,3,694.07,0.34,0.35,676.51
Odisha,East,Handloom Textile,Wool,746.47,337.23,7.0,Large,4,1487.45,0.5,0.86,1614.91
Kerala,South,Wooden Toy,Bamboo,373.91,358.27,6.6,Medium,5,1030.44,0.43,0.5,1064.65
Rajasthan,West,Pottery,Terracotta,464.29,556.33,13.1,Medium,5,1575.47,0.37,0.94,1622.74
Assam,Northeast,Pottery,Terracotta,256.09,105.33,3.1,Small,1,348.95,0.58,0.46,376.01
Tamil Nadu,South,Bamboo Craft,Bamboo,235.77,319.31,6.3,Small,3,899.19,0.97,0.38,985.99
Odisha,East,Wooden Toy,Wood,101.16,191.22,4.3,Small,2,359.56,0.78,0.47,390.7
Uttar Pradesh,North,Stone Carving,Soapstone,207.06,588.88,10.5,Small,2,903.47,0.63,0.98,928.12
Telangana,South,Handloom Textile,Wool,439.76,894.43,18.3,Large,2,1621.43,0.63,0.39,1742.93
Telangana,South,Wooden Toy,Bamboo,849.05,1008.52,20.2,Large,3,2614.99,0.72,0.44,2813.46
Kerala,South,Metal Craft,Brass,571.29,169.96,2.9,Large,3,1130.84,0.89,0.48,1280.59
Gujarat,West,Handloom Textile,Cotton,133.77,458.72,10.5,Medium,2,777.88,0.59,0.88,793.67
Kerala,South,Metal Craft,Copper,175.3,147.96,3.5,Large,4,517.85,0.8,0.44,563.1
Telangana,South,Pottery,Terracotta,222.91,616.66,12.2,Medium,5,1360.77,0.63,0.54,1499.69
Rajasthan,West,Stone Carving,Soapstone,478.55,557.89,12.7,Large,2,1256.92,0.35,0.69,1226.55
Karnataka,South,Jewelry,Silver,511.66,105.13,2.5,Large,5,963.58,0.37,0.32,997.1
Andhra Pradesh,South,Jewelry,Beads,294.45,636.42,16.6,Large,3,1246.24,0.65,0.61,1345.97
Andhra Pradesh,South,Stone Carving,Soapstone,94.27,84.85,1.6,Small,5,293.01,0.77,0.65,316.16
Punjab,North,Handloom Textile,Silk,202.96,238.45,5.3,Small,4,658.22,0.67,0.78,698.09
Telangana,South,Wooden Toy,Wood,467.37,566.98,12.3,Large,2,1387.54,0.62,0.92,1560.5
Maharashtra,West,Bamboo Craft,Cane,715.68,1374.02,28.0,Large,3,3050.29,0.97,0.41,3351.09
Rajasthan,West,Jewelry,Terracotta,946.13,487.24,13.4,Large,1,1758.58,0.67,0.75,1928.94
Rajasthan,West,Pottery,Terracotta,391.29,422.35,10.9,Small,2,1053.23,0.53,0.56,1042.89
Gujarat,West,Painting,Cloth,506.7,451.16,8.0,Medium,1,1432.99,0.95,0.32,1580.21
Kerala,South,Stone Carving,Soapstone,232.14,241.44,5.3,Small,4,632.47,0.53,0.74,672.33
West Bengal,East,Bamboo Craft,Bamboo,234.19,88.5,1.9,Medium,5,433.2,0.7,0.6,480.47
Maharashtra,West,Jewelry,Terracotta,422.4,163.18,3.6,Medium,4,937.03,0.65,0.34,1001.57
Assam,Northeast,Handloom Textile,Silk,749.17,435.78,7.8,Large,3,1266.95,0.54,0.96,1352.49
Odisha,East,Stone Carving,Soapstone,621.58,472.96,8.9,Large,4,1550.36,0.74,0.31,1619.82
Telangana,South,Wooden Toy,Wood,284.66,1633.46,28.7,Large,1,2142.85,0.5,0.68,2293.92
Gujarat,West,Jewelry,Beads,901.48,644.59,11.9,Large,4,2627.12,0.65,0.58,2774.1
Odisha,East,Wooden Toy,Wood,512.62,764.31,20.2,Large,2,1506.34,0.53,0.95,1663.1
Telangana,South,Handloom Textile,Wool,144.89,413.99,7.0,Small,2,704.18,0.52,0.41,710.08
Uttar Pradesh,North,Stone Carving,Marble,105.85,644.99,10.8,Small,3,1084.54,0.7,0.84,1201.52
Punjab,North,Bamboo Craft,Cane,104.73,141.37,4.4,Medium,4,311.66,0.31,0.51,301.96
Kerala,South,Painting,Canvas,174.27,626.47,16.4,Large,2,1176.12,0.86,0.31,1312.38
Andhra Pradesh,South,Bamboo Craft,Cane,481.04,841.1,14.5,Medium,1,1587.27,0.45,1.0,1720.17
Kerala,South,Handloom Textile,Cotton,282.21,555.72,11.2,Medium,1,951.52,0.73,0.79,1016.37
Madhya Pradesh,Central,Handloom Textile,Cotton,484.56,327.16,9.3,Large,5,1031.5,0.4,0.56,997.35
Assam,Northeast,Stone Carving,Marble,610.02,784.08,15.1,Medium,2,1468.08,0.42,0.72,1591.22
Rajasthan,West,Pottery,Terracotta,748.04,977.23,17.6,Large,4,2619.36,0.41,0.31,2495.9
Madhya Pradesh,Central,Handloom Textile,Silk,216.96,842.36,22.1,Large,4,1344.06,0.74,0.94,1432.65
Assam,Northeast,Painting,Paper,87.3,76.48,2.4,Small,1,150.69,0.36,0.6,155.8
Gujarat,West,Bamboo Craft,Cane,354.58,440.82,9.6,Small,4,1121.61,0.37,0.8,1102.96
Punjab,North,Stone Carving,Soapstone,827.67,412.99,11.3,Large,4,1836.68,0.91,0.93,2034.91
Odisha,East,Jewelry,Terracotta,252.87,290.24,9.1,Small,3,669.55,0.72,0.97,767.87
Maharashtra,West,Wooden Toy,Wood,918.14,499.95,9.5,Large,2,1945.77,0.47,0.82,1981.02
Punjab,North,Handloom Textile,Silk,480.89,648.04,15.9,Medium,3,1431.04,0.42,0.36,1506.51
West Bengal,East,Wooden Toy,Bamboo,338.03,267.37,5.8,Small,2,682.47,0.5,0.41,691.77
Kerala,South,Painting,Canvas,232.68,553.34,11.5,Small,2,1143.26,0.72,0.39,1234.99
Telangana,South,Jewelry,Silver,571.23,401.07,8.9,Medium,4,1516.31,0.67,0.44,1654.8
Uttar Pradesh,North,Bamboo Craft,Cane,107.3,99.08,1.9,Small,3,273.0,0.49,0.74,279.33
Telangana,South,Jewelry,Terracotta,536.48,633.59,11.3,Medium,1,1346.74,0.83,0.91,1455.07
Telangana,South,Jewelry,Silver,81.5,334.52,5.9,Small,4,598.97,0.63,0.89,634.33
Uttar Pradesh,North,Pottery,Terracotta,363.45,306.05,5.7,Small,3,860.94,0.47,0.96,936.17
Uttar Pradesh,North,Pottery,Terracotta,81.33,365.0,6.4,Small,2,571.5,0.91,0.33,609.63
Rajasthan,West,Bamboo Craft,Cane,264.7,771.12,21.7,Large,4,1570.1,0.54,0.76,1695.0
Karnataka,South,Painting,Paper,927.41,282.08,5.5,Large,4,1563.61,0.46,0.59,1541.86
Gujarat,West,Wooden Toy,Bamboo,259.08,433.11,7.6,Medium,3,1082.85,0.82,0.98,1174.38
Madhya Pradesh,Central,Pottery,Terracotta,395.23,429.78,10.8,Large,3,1000.53,0.77,0.67,1040.86
Punjab,North,Painting,Paper,92.4,182.73,5.5,Medium,5,459.25,0.85,0.38,484.67
Rajasthan,West,Pottery,Clay,121.09,753.48,15.9,Medium,5,1267.81,0.47,0.93,1295.34
Punjab,North,Jewelry,Terracotta,313.22,340.37,8.8,Small,2,716.3,0.34,0.9,715.37
Karnataka,South,Stone Carving,Soapstone,230.62,344.37,11.0,Small,5,950.29,0.84,0.7,1067.35
Assam,Northeast,Painting,Cloth,388.04,120.08,3.5,Small,4,695.47,0.94,0.77,782.42
Telangana,South,Wooden Toy,Wood,497.54,875.47,15.2,Medium,4,2081.13,0.6,0.51,2147.29
Rajasthan,West,Wooden Toy,Bamboo,412.98,311.31,9.0,Medium,4,1194.05,0.63,0.78,1274.8
Rajasthan,West,Metal Craft,Brass,258.8,712.73,13.3,Large,3,1403.81,0.59,0.79,1450.72
Kerala,South,Metal Craft,Copper,525.84,141.81,3.1,Medium,1,762.27,0.45,0.35,766.13
Maharashtra,West,Stone Carving,Soapstone,713.8,1145.53,22.1,Large,1,2346.78,0.59,0.74,2463.82
Odisha,East,Pottery,Terracotta,621.66,980.56,27.4,Large,1,1815.52,0.93,0.34,1911.12
West Bengal,East,Jewelry,Silver,269.23,135.53,2.4,Small,1,466.24,0.88,0.76,539.6
West Bengal,East,Pottery,Clay,817.83,796.48,15.6,Large,2,1868.25,0.7,0.71,1997.38
Uttar Pradesh,North,Painting,Cloth,123.75,401.91,7.9,Medium,3,770.64,0.97,0.97,887.43
Maharashtra,West,Handloom Textile,Wool,276.01,668.09,20.8,Large,5,1456.74,0.5,0.77,1451.72
Maharashtra,West,Wooden Toy,Wood,545.85,226.44,7.1,Medium,3,976.11,0.35,0.48,1005.18
Karnataka,South,Bamboo Craft,Bamboo,260.14,556.4,15.8,Medium,5,1338.87,0.65,0.78,1450.22
Madhya Pradesh,Central,Pottery,Terracotta,896.85,376.42,8.4,Large,3,1502.56,0.92,0.35,1571.21
Gujarat,West,Jewelry,Silver,271.56,139.26,3.9,Small,3,569.12,0.62,0.73,591.84
Madhya Pradesh,Central,Pottery,Terracotta,264.75,572.76,11.4,Small,2,944.42,0.85,0.56,1018.72
Odisha,East,Metal Craft,Copper,797.99,797.79,14.4,Large,5,2297.31,0.99,0.35,2403.56
West Bengal,East,Handloom Textile,Wool,184.53,134.69,2.4,Small,3,345.8,0.32,0.52,361.42
Odisha,East,Painting,Canvas,454.91,1047.31,17.7,Medium,3,1792.31,0.65,0.46,1816.76
Madhya Pradesh,Central,Bamboo Craft,Cane,715.22,110.39,3.5,Large,1,900.53,0.73,0.75,960.59
Odisha,East,Jewelry,Silver,796.99,547.21,16.5,Large,3,1650.18,0.86,0.97,1828.24
Telangana,South,Wooden Toy,Bamboo,220.63,145.68,2.6,Small,1,437.86,0.5,0.85,466.23
Punjab,North,Jewelry,Terracotta,117.25,106.83,3.4,Small,3,302.15,0.47,0.54,304.86
Telangana,South,Painting,Paper,753.88,749.64,14.0,Large,3,2454.34,0.98,0.47,2725.53
Tamil Nadu,South,Handloom Textile,Cotton,336.05,350.29,8.2,Small,3,917.28,0.46,0.35,971.94
Andhra Pradesh,South,Pottery,Terracotta,739.96,602.98,11.0,Large,5,2043.16,0.84,0.5,2110.85
Assam,Northeast,Painting,Paper,571.29,633.36,16.3,Medium,5,1709.37,0.5,0.86,1856.56
Rajasthan,West,Jewelry,Beads,628.69,402.8,8.8,Large,1,1210.02,0.46,0.87,1314.78
Rajasthan,West,Stone Carving,Soapstone,293.7,643.99,16.1,Medium,4,1335.38,0.61,0.73,1485.11
Kerala,South,Painting,Paper,401.22,579.41,10.5,Medium,2,1481.1,0.91,0.67,1557.11
West Bengal,East,Bamboo Craft,Cane,143.41,491.53,12.1,Medium,4,837.42,0.62,0.53,906.23
Karnataka,South,Pottery,Terracotta,618.52,1538.5,28.7,Large,3,2797.99,0.49,0.49,2966.75
Tamil Nadu,South,Handloom Textile,Wool,142.92,485.75,8.5,Large,3,856.12,0.75,0.46,942.83
Telangana,South,Metal Craft,Copper,580.5,259.95,6.1,Medium,4,1417.38,0.88,0.84,1580.51
Karnataka,South,Bamboo Craft,Bamboo,885.7,381.7,11.0,Large,3,1972.6,0.8,0.68,2046.99
Odisha,East,Jewelry,Beads,345.29,208.51,4.2,Small,3,666.65,0.33,0.73,668.59
West Bengal,East,Painting,Canvas,200.63,610.45,11.1,Medium,5,1083.34,0.53,0.48,1167.31
Kerala,South,Jewelry,Terracotta,175.75,53.45,1.0,Small,1,313.85,0.79,0.39,336.59
Gujarat,West,Handloom Textile,Cotton,225.27,296.19,5.2,Small,5,768.09,0.47,0.5,805.54
Telangana,South,Bamboo Craft,Bamboo,620.26,676.25,18.5,Large,4,1945.21,0.76,0.84,2196.76
West Bengal,East,Jewelry,Beads,172.08,288.41,9.3,Small,4,688.32,0.69,0.98,735.85
Odisha,East,Metal Craft,Copper,327.18,151.74,2.7,Medium,1,491.16,0.7,0.57,546.45
Uttar Pradesh,North,Stone Carving,Soapstone,235.58,166.08,4.1,Small,4,592.38,0.49,0.72,640.57
Maharashtra,West,Painting,Cloth,337.81,687.36,16.1,Medium,2,1285.19,0.48,0.99,1339.03
Assam,Northeast,Bamboo Craft,Cane,634.23,211.26,4.0,Medium,1,859.25,0.96,0.66,940.77
West Bengal,East,Stone Carving,Soapstone,213.72,719.59,13.4,Large,2,1100.69,0.61,0.6,1166.13
Uttar Pradesh,North,Pottery,Terracotta,839.29,573.83,10.5,Large,4,1962.57,0.7,0.51,2042.74
Gujarat,West,Jewelry,Silver,643.06,489.69,8.5,Large,1,1326.77,0.7,0.94,1425.55
Odisha,East,Handloom Textile,Cotton,139.16,536.26,9.6,Large,5,823.72,0.33,0.61,822.62
West Bengal,East,Pottery,Terracotta,343.6,411.61,7.9,Small,3,965.02,0.54,0.96,1023.04
Odisha,East,Handloom Textile,Cotton,478.23,1262.7,26.7,Large,4,2319.51,0.79,0.59,2558.73
Uttar Pradesh,North,Pottery,Terracotta,262.74,316.68,6.5,Small,5,902.14,0.45,0.86,983.82
Punjab,North,Jewelry,Terracotta,390.01,710.7,13.1,Large,2,1506.2,0.72,0.68,1624.02
Assam,Northeast,Bamboo Craft,Cane,368.37,73.79,2.3,Medium,2,440.29,0.31,0.94,452.34
Kerala,South,Painting,Paper,345.89,371.79,7.7,Small,3,904.97,0.51,0.88,911.32
Kerala,South,Metal Craft,Brass,117.06,150.03,3.9,Small,2,371.79,0.77,0.45,377.6
Odisha,East,Painting,Cloth,101.52,380.54,6.6,Small,5,763.92,0.9,0.98,878.13
Maharashtra,West,Handloom Textile,Cotton,430.01,433.61,12.6,Medium,5,1437.7,0.68,0.57,1525.76
Uttar Pradesh,North,Pottery,Terracotta,94.94,159.52,5.0,Small,2,329.52,0.99,0.38,374.18
Maharashtra,West,Pottery,Clay,525.48,249.16,6.0,Large,1,829.82,0.38,0.44,825.74
Uttar Pradesh,North,Jewelry,Terracotta,531.72,573.47,11.9,Medium,4,1582.66,0.44,0.54,1541.44
Tamil Nadu,South,Jewelry,Beads,840.66,837.74,15.2,Large,5,2702.97,0.52,0.54,2873.01
Tamil Nadu,South,Wooden Toy,Bamboo,208.6,608.4,18.7,Medium,1,943.65,0.35,0.72,1009.71
Telangana,South,Jewelry,Terracotta,191.73,62.51,1.3,Small,3,340.66,0.5,0.6,335.52
Gujarat,West,Painting,Cloth,220.09,292.85,5.7,Small,1,629.19,0.75,0.43,647.58
Kerala,South,Metal Craft,Bronze,112.63,490.63,8.2,Small,2,796.34,0.76,0.72,845.65
Rajasthan,West,Jewelry,Terracotta,590.2,839.69,18.7,Medium,2,1741.71,0.5,0.84,1886.08
Andhra Pradesh,South,Painting,Canvas,538.61,225.36,3.8,Medium,1,1007.44,0.99,0.96,1118.0
Rajasthan,West,Pottery,Terracotta,608.89,488.41,13.5,Large,4,1558.56,0.6,0.76,1625.62
Punjab,North,Handloom Textile,Silk,89.97,728.47,14.8,Medium,3,908.03,0.34,0.98,952.38
Madhya Pradesh,Central,Painting,Cloth,514.77,480.94,15.5,Medium,3,1301.92,0.93,0.94,1467.72
Odisha,East,Metal Craft,Bronze,65.7,304.43,7.2,Small,2,475.41,0.84,0.58,493.38
Kerala,South,Metal Craft,Brass,96.53,78.41,2.5,Small,3,252.19,0.68,0.86,275.32
Odisha,East,Stone Carving,Soapstone,461.15,310.53,7.6,Medium,2,821.31,0.52,0.8,819.45
Odisha,East,Metal Craft,Copper,620.81,1318.11,27.3,Large,4,2768.63,0.85,0.77,3122.86
Uttar Pradesh,North,Metal Craft,Brass,812.25,332.7,8.3,Large,2,1446.56,0.46,0.62,1463.26
Kerala,South,Metal Craft,Copper,289.7,759.2,16.7,Medium,2,1372.59,0.67,0.9,1517.96
Karnataka,South,Handloom Textile,Wool,127.96,198.02,4.7,Medium,2,463.12,0.65,0.98,523.01
Odisha,East,Wooden Toy,Bamboo,256.74,942.65,18.6,Medium,5,1539.9,0.58,0.79,1572.33
Madhya Pradesh,Central,Jewelry,Beads,816.94,793.96,19.4,Large,2,1845.39,0.65,0.93,1978.75
Rajasthan,West,Bamboo Craft,Cane,221.07,605.37,10.2,Large,3,1198.85,0.61,0.63,1314.11
Gujarat,West,Painting,Paper,261.37,358.47,8.6,Small,5,1021.75,0.32,0.95,1106.59
Maharashtra,West,Bamboo Craft,Cane,608.46,803.55,15.9,Medium,1,1770.68,0.89,0.72,1932.11
Uttar Pradesh,North,Pottery,Terracotta,389.95,274.57,4.9,Small,3,795.06,0.37,0.53,762.42
Andhra Pradesh,South,Handloom Textile,Cotton,146.69,275.67,5.0,Medium,5,558.43,0.34,0.51,570.84
Punjab,North,Pottery,Clay,427.37,536.01,13.0,Medium,4,1375.16,0.45,0.8,1376.98
Maharashtra,West,Wooden Toy,Wood,528.94,315.39,9.0,Large,2,1138.75,0.81,0.68,1213.82
Rajasthan,West,Wooden Toy,Bamboo,931.99,1398.68,24.8,Large,1,2854.81,0.62,0.74,2898.46
Rajasthan,West,Pottery,Terracotta,456.9,698.92,18.1,Large,5,2004.4,0.89,0.41,2072.13
Assam,Northeast,Pottery,Clay,306.71,87.81,2.3,Medium,5,532.94,0.58,0.63,545.08
West Bengal,East,Handloom Textile,Cotton,372.9,418.54,10.6,Medium,2,960.74,0.88,0.68,1106.57
Madhya Pradesh,Central,Handloom Textile,Cotton,829.89,1436.71,28.3,Large,4,2924.85,0.56,0.5,3181.04
Kerala,South,Wooden Toy,Bamboo,646.44,1024.74,25.7,Large,3,2407.74,0.58,0.93,2716.94
Tamil Nadu,South,Handloom Textile,Wool,321.17,271.0,5.9,Small,2,792.58,0.93,0.69,871.87
West Bengal,East,Metal Craft,Brass,230.71,109.86,2.1,Small,2,393.62,0.38,0.58,397.35
Andhra Pradesh,South,Painting,Cloth,344.71,281.9,4.8,Small,5,1010.78,0.45,0.33,1041.75
Punjab,North,Wooden Toy,Bamboo,314.87,1279.94,28.4,Large,1,1983.71,0.97,0.65,2190.75
Andhra Pradesh,South,Painting,Canvas,267.53,479.34,11.0,Medium,1,777.65,0.33,0.48,806.1
Maharashtra,West,Handloom Textile,Cotton,623.05,1326.73,22.6,Large,5,3224.31,0.75,0.99,3443.29
Andhra Pradesh,South,Painting,Cloth,458.78,841.54,14.8,Large,1,1660.34,0.69,0.5,1751.45
Odisha,East,Jewelry,Silver,256.19,1009.22,17.6,Large,4,1783.81,0.89,0.71,1880.66
Punjab,North,Handloom Textile,Wool,514.51,910.02,22.3,Large,5,2174.95,0.46,0.95,2329.79
Punjab,North,Painting,Canvas,156.6,139.01,4.2,Medium,4,458.79,0.73,0.38,507.3
Odisha,East,Metal Craft,Copper,427.73,739.44,14.4,Large,2,1367.9,0.96,0.93,1495.34
Rajasthan,West,Painting,Paper,502.57,465.75,13.7,Medium,3,1344.51,0.65,0.85,1506.31
Telangana,South,Handloom Textile,Silk,109.66,746.51,15.4,Medium,5,1386.53,0.52,0.8,1527.64
West Bengal,East,Metal Craft,Bronze,285.95,658.68,13.7,Medium,1,939.26,0.67,0.92,996.6
Punjab,North,Bamboo Craft,Cane,238.4,171.71,3.0,Small,3,595.64,0.75,0.63,636.64
West Bengal,East,Painting,Cloth,245.53,40.97,1.0,Small,2,313.56,0.4,0.78,316.78
Tamil Nadu,South,Jewelry,Terracotta,341.99,306.09,5.3,Medium,1,717.49,0.34,0.91,750.78
Assam,Northeast,Painting,Cloth,374.19,1072.91,27.9,Large,5,2154.93,0.71,1.0,2378.75
Assam,Northeast,Bamboo Craft,Bamboo,396.63,315.47,8.7,Small,2,757.36,0.58,0.53,809.51
Andhra Pradesh,South,Metal Craft,Bronze,407.19,129.54,2.3,Medium,3,785.34,0.51,1.0,878.07
Punjab,North,Painting,Canvas,801.35,377.03,8.2,Large,3,1521.29,0.46,0.48,1471.23
Odisha,East,Handloom Textile,Wool,934.35,1105.99,26.7,Large,2,2589.17,0.66,0.63,2801.43
Rajasthan,West,Bamboo Craft,Bamboo,235.74,407.26,9.5,Medium,2,880.6,0.97,0.42,999.28
Assam,Northeast,Bamboo Craft,Bamboo,582.14,766.07,16.9,Medium,5,1741.45,0.76,0.69,1902.15
Maharashtra,West,Jewelry,Terracotta,87.62,423.17,7.3,Medium,2,639.0,0.51,0.96,666.56
Telangana,South,Painting,Cloth,431.91,675.62,15.0,Medium,2,1675.55,0.92,0.33,1742.12
Telangana,South,Stone Carving,Soapstone,862.76,714.78,13.0,Large,3,2463.51,0.77,0.42,2539.25
Maharashtra,West,Metal Craft,Copper,325.08,792.91,23.9,Large,4,1766.65,0.46,0.65,1752.64
Punjab,North,Jewelry,Silver,386.69,787.03,14.1,Medium,1,1502.91,0.95,0.85,1678.47
Gujarat,West,Stone Carving,Marble,142.78,842.93,14.1,Medium,3,1512.39,0.82,0.31,1619.6
Karnataka,South,Handloom Textile,Cotton,699.33,1000.31,21.4,Large,3,2340.79,0.46,0.96,2402.85
Telangana,South,Stone Carving,Marble,260.5,1007.92,17.8,Medium,4,1702.21,0.58,0.33,1701.3
Punjab,North,Jewelry,Beads,648.46,872.46,17.8,Large,5,2222.35,0.8,0.31,2308.88
Madhya Pradesh,Central,Handloom Textile,Cotton,250.08,216.61,4.4,Large,5,716.69,0.87,0.83,810.01
Maharashtra,West,Metal Craft,Brass,307.37,239.16,4.0,Small,2,673.31,0.43,0.45,714.86
Kerala,South,Stone Carving,Soapstone,950.16,1143.6,23.4,Large,5,3470.32,0.66,0.98,3962.84
Maharashtra,West,Wooden Toy,Bamboo,385.9,623.19,11.2,Large,4,1476.22,0.4,0.96,1615.99
Andhra Pradesh,South,Metal Craft,Bronze,402.91,947.56,21.3,Large,4,2255.77,0.74,0.65,2474.12
Karnataka,South,Pottery,Clay,331.11,1024.87,26.4,Large,3,1993.19,0.56,0.37,1993.14
Telangana,South,Stone Carving,Soapstone,224.99,964.15,17.8,Medium,1,1442.45,0.4,0.84,1428.28
Maharashtra,West,Bamboo Craft,Bamboo,542.12,560.85,11.2,Medium,4,1571.92,0.64,0.79,1730.67
Assam,Northeast,Bamboo Craft,Bamboo,148.01,497.22,14.4,Large,3,816.1,0.88,0.52,878.83
Odisha,East,Handloom Textile,Wool,320.38,338.11,6.3,Small,4,826.59,0.35,0.43,863.07
Andhra Pradesh,South,Stone Carving,Soapstone,182.8,121.44,3.5,Large,5,528.99,0.75,0.58,540.14
Assam,Northeast,Metal Craft,Bronze,118.74,209.85,4.3,Small,2,412.45,0.78,0.39,429.19
Punjab,North,Pottery,Terracotta,479.37,396.17,10.8,Medium,4,1303.99,0.89,0.87,1470.51
Madhya Pradesh,Central,Handloom Textile,Cotton,224.38,538.01,13.7,Medium,4,946.21,0.89,0.45,997.09
Andhra Pradesh,South,Painting,Cloth,186.99,379.17,10.5,Medium,2,805.11,0.83,0.47,871.28
Uttar Pradesh,North,Metal Craft,Copper,948.45,1615.27,28.8,Large,1,3242.22,0.83,0.57,3679.2
Kerala,South,Pottery,Terracotta,93.09,405.59,11.1,Medium,4,765.58,0.69,0.63,819.94
Punjab,North,Painting,Canvas,926.49,941.58,17.0,Large,1,2059.64,0.52,0.61,2085.37
West Bengal,East,Stone Carving,Marble,439.02,862.78,18.2,Large,4,1747.93,0.75,0.55,1888.6
Karnataka,South,Stone Carving,Soapstone,154.4,190.71,6.1,Medium,5,458.56,0.35,0.47,445.82
Rajasthan,West,Pottery,Clay,670.18,172.41,4.0,Large,1,1107.68,0.94,0.85,1300.92
West Bengal,East,Pottery,Clay,396.9,257.23,4.3,Large,1,789.63,0.91,0.63,884.03
Odisha,East,Painting,Paper,283.37,339.47,7.7,Large,2,835.78,0.94,0.31,856.63
Punjab,North,Pottery,Terracotta,347.8,647.72,12.8,Medium,4,1319.5,0.34,0.59,1267.61
Maharashtra,West,Bamboo Craft,Cane,97.28,378.89,8.3,Small,2,655.4,0.41,0.67,636.81
Uttar Pradesh,North,Stone Carving,Soapstone,659.81,129.83,4.3,Large,4,1112.33,0.41,0.6,1107.19
Karnataka,South,Jewelry,Terracotta,430.38,325.86,8.8,Medium,1,973.44,0.66,0.86,1090.24
Odisha,East,Jewelry,Silver,168.5,352.74,9.7,Small,2,583.91,0.82,0.96,646.16
Rajasthan,West,Jewelry,Silver,442.75,493.96,14.0,Medium,2,1305.93,0.98,0.73,1386.16
Odisha,East,Stone Carving,Soapstone,777.94,154.04,4.5,Large,2,1154.14,0.7,0.72,1225.76
Punjab,North,Stone Carving,Marble,320.86,446.15,11.7,Small,2,1024.04,0.79,0.95,1156.79
Andhra Pradesh,South,Metal Craft,Brass,128.32,323.44,6.9,Small,1,516.0,0.79,1.0,547.2
West Bengal,East,Wooden Toy,Wood,185.48,749.99,22.0,Large,3,1204.62,0.74,0.53,1243.13
Tamil Nadu,South,Stone Carving,Soapstone,353.14,431.69,7.4,Small,2,972.26,0.7,0.39,1070.83
Andhra Pradesh,South,Metal Craft,Brass,486.32,127.78,2.5,Medium,3,790.11,0.59,0.52,852.1
Andhra Pradesh,South,Handloom Textile,Silk,72.34,164.6,4.2,Small,2,261.77,0.41,0.66,262.35
Maharashtra,West,Pottery,Terracotta,376.77,179.58,4.4,Small,4,918.74,0.63,0.69,942.27
Assam,Northeast,Handloom Textile,Silk,355.11,480.62,9.3,Small,4,1004.82,0.36,0.32,1032.52
Maharashtra,West,Jewelry,Silver,254.55,107.96,3.3,Small,4,553.49,0.79,0.81,575.97
Odisha,East,Pottery,Clay,192.9,378.73,7.4,Small,5,809.08,0.87,0.73,908.91
Odisha,East,Pottery,Clay,394.46,617.65,11.0,Small,1,1134.18,0.51,0.83,1217.88
Maharashtra,West,Stone Carving,Soapstone,220.31,800.85,18.4,Medium,2,1331.85,0.39,0.38,1320.84
Andhra Pradesh,South,Pottery,Terracotta,132.91,788.1,14.6,Medium,3,1394.98,0.81,0.44,1410.97
West Bengal,East,Pottery,Terracotta,156.79,297.31,5.4,Small,1,471.48,0.57,0.31,480.86
Gujarat,West,Jewelry,Beads,382.15,403.86,11.4,Small,3,1143.27,0.43,0.41,1090.17
Rajasthan,West,Metal Craft,Brass,151.22,415.44,11.1,Medium,3,732.37,0.36,0.55,738.73
Andhra Pradesh,South,Pottery,Terracotta,628.37,156.49,3.8,Medium,1,1004.74,0.95,0.91,1159.68
Telangana,South,Stone Carving,Marble,80.75,520.83,8.8,Small,2,743.7,0.68,0.65,803.64
Kerala,South,Wooden Toy,Wood,615.97,603.34,19.6,Large,2,1513.53,0.68,0.72,1570.55
Kerala,South,Painting,Canvas,146.68,424.05,8.8,Small,5,1045.37,0.89,0.51,1164.78
Punjab,North,Handloom Textile,Wool,451.81,184.78,4.9,Large,3,893.54,0.97,0.52,949.3
Rajasthan,West,Jewelry,Silver,531.84,259.4,6.5,Medium,2,1045.04,0.59,0.6,1094.75
Kerala,South,Bamboo Craft,Bamboo,536.13,863.19,16.0,Medium,1,1446.9,0.37,0.86,1435.78
Punjab,North,Bamboo Craft,Bamboo,610.8,745.16,16.0,Medium,2,1841.69,0.91,0.99,2107.61
Telangana,South,Jewelry,Terracotta,502.48,199.58,5.7,Medium,3,959.94,0.83,0.54,1015.37
Odisha,East,Stone Carving,Marble,175.52,590.89,11.6,Small,3,1051.36,0.67,0.98,1149.04
Karnataka,South,Painting,Canvas,880.77,483.56,13.1,Large,2,1686.58,0.46,0.76,1784.04
Gujarat,West,Wooden Toy,Bamboo,696.3,94.86,3.0,Large,5,1361.55,0.67,0.43,1431.13
Kerala,South,Bamboo Craft,Bamboo,255.02,211.54,4.3,Small,3,739.31,0.88,1.0,838.17
Andhra Pradesh,South,Pottery,Terracotta,117.7,494.1,8.5,Small,1,651.44,0.45,0.48,678.47
Maharashtra,West,Painting,Cloth,461.51,230.62,4.1,Large,4,1064.72,0.69,0.53,1099.81
Kerala,South,Wooden Toy,Bamboo,335.07,348.29,7.5,Medium,4,1034.09,0.84,0.77,1141.57
Telangana,South,Bamboo Craft,Cane,825.71,135.87,4.2,Large,5,1463.97,0.69,0.75,1615.63
Rajasthan,West,Pottery,Terracotta,441.91,624.22,17.8,Medium,5,1890.84,0.83,0.36,2022.47
Andhra Pradesh,South,Bamboo Craft,Bamboo,446.24,744.24,24.7,Large,2,1628.61,0.66,0.45,1619.06
Punjab,North,Bamboo Craft,Bamboo,818.51,1347.16,24.5,Large,1,2111.07,0.41,0.74,2256.86
Madhya Pradesh,Central,Pottery,Terracotta,484.87,565.9,10.9,Medium,5,1272.46,0.37,0.67,1361.98
Tamil Nadu,South,Handloom Textile,Cotton,559.99,841.18,14.5,Medium,2,1712.83,0.54,0.93,1872.58
Madhya Pradesh,Central,Metal Craft,Copper,738.59,118.41,2.9,Large,4,925.44,0.31,1.0,962.81
Uttar Pradesh,North,Metal Craft,Brass,522.71,227.21,5.1,Medium,4,1150.56,0.73,0.41,1185.14
Rajasthan,West,Bamboo Craft,Bamboo,297.26,723.49,17.1,Large,4,1722.51,0.94,0.92,1915.96
Uttar Pradesh,North,Wooden Toy,Wood,163.93,180.71,3.9,Small,1,394.31,0.86,0.52,425.55
Kerala,South,Wooden Toy,Wood,74.16,396.29,8.7,Small,4,758.54,0.65,0.51,760.67
Rajasthan,West,Wooden Toy,Bamboo,567.1,462.63,8.2,Medium,3,1676.5,0.81,0.37,1814.41
Andhra Pradesh,South,Jewelry,Beads,61.31,122.67,2.5,Small,4,295.62,0.76,0.82,328.42
Odisha,East,Metal Craft,Bronze,509.09,442.54,11.7,Medium,1,1093.5,0.94,0.31,1205.55
Madhya Pradesh,Central,Metal Craft,Bronze,478.81,99.14,3.1,Large,3,719.78,0.75,0.98,795.41
Rajasthan,West,Bamboo Craft,Cane,258.26,186.84,6.1,Medium,4,629.03,0.49,0.61,620.69
Punjab,North,Painting,Paper,301.2,627.51,10.8,Small,3,1323.85,0.73,0.34,1327.81
Punjab,North,Metal Craft,Brass,455.06,792.17,15.3,Medium,4,2005.23,0.97,0.82,2198.89
Uttar Pradesh,North,Wooden Toy,Wood,373.67,171.44,3.0,Small,2,693.39,0.52,0.39,668.86
Maharashtra,West,Pottery,Clay,818.95,525.84,9.3,Large,3,1990.77,0.78,0.77,2069.46
Kerala,South,Stone Carving,Soapstone,544.84,189.37,4.6,Medium,4,1055.88,0.72,0.64,1086.91
West Bengal,East,Pottery,Clay,149.02,519.91,16.8,Medium,5,973.59,0.98,0.44,1073.44
Andhra Pradesh,South,Bamboo Craft,Bamboo,78.0,421.94,7.6,Small,2,582.73,0.33,0.86,576.95
Madhya Pradesh,Central,Stone Carving,Marble,267.92,889.6,26.7,Large,5,1544.98,0.91,0.68,1698.7
West Bengal,East,Wooden Toy,Bamboo,806.66,964.73,21.6,Large,2,2407.07,0.9,0.38,2686.48
Madhya Pradesh,Central,Bamboo Craft,Cane,297.9,463.14,10.0,Small,1,791.0,0.77,0.69,862.76
Uttar Pradesh,North,Bamboo Craft,Bamboo,336.27,537.93,14.0,Large,2,1075.79,0.39,0.53,1073.22
West Bengal,East,Jewelry,Silver,498.88,200.84,4.7,Medium,1,723.57,0.38,0.4,730.82
Gujarat,West,Metal Craft,Copper,299.23,832.9,14.9,Large,4,1711.76,0.42,0.31,1625.35
Maharashtra,West,Painting,Cloth,392.98,339.66,7.7,Small,3,977.45,0.6,0.7,1080.87
Karnataka,South,Pottery,Terracotta,645.54,342.21,7.3,Large,5,1498.25,0.39,0.31,1511.11
Uttar Pradesh,North,Metal Craft,Brass,610.31,346.34,7.2,Large,5,1342.24,0.34,0.73,1390.27
Odisha,East,Pottery,Clay,581.47,986.37,16.6,Medium,2,2192.03,0.98,0.84,2571.64
Kerala,South,Painting,Canvas,304.65,56.65,1.8,Small,4,610.96,0.89,0.64,656.84
Punjab,North,Bamboo Craft,Cane,302.68,798.69,13.9,Medium,5,1624.59,0.36,0.9,1649.1
Andhra Pradesh,South,Handloom Textile,Silk,174.33,45.71,1.5,Small,2,268.69,0.63,0.37,288.2
Telangana,South,Bamboo Craft,Cane,249.86,285.0,8.0,Small,5,910.06,0.88,0.91,1063.41
Uttar Pradesh,North,Bamboo Craft,Bamboo,553.1,754.32,14.5,Medium,2,1375.25,0.37,0.49,1308.22
Uttar Pradesh,North,Metal Craft,Copper,105.41,398.0,10.7,Small,1,599.54,0.98,0.72,670.16
West Bengal,East,Metal Craft,Bronze,126.68,653.93,11.8,Small,5,1066.82,0.32,0.96,1053.68
Maharashtra,West,Handloom Textile,Wool,455.56,475.33,13.0,Medium,3,1430.16,0.83,0.36,1441.24
Assam,Northeast,Pottery,Terracotta,389.06,323.32,9.3,Small,1,751.25,0.54,0.41,732.67
Punjab,North,Stone Carving,Soapstone,344.14,573.41,11.4,Small,4,1231.1,0.45,0.55,1271.54
Assam,Northeast,Metal Craft,Brass,681.68,689.17,17.0,Large,4,1876.94,0.92,0.36,2081.96
Gujarat,West,Bamboo Craft,Cane,114.09,764.28,14.0,Medium,2,1160.63,0.76,0.31,1196.63
West Bengal,East,Pottery,Clay,316.3,1377.43,27.8,Large,5,2455.95,0.51,0.95,2551.51
Odisha,East,Stone Carving,Marble,438.26,455.32,7.7,Large,4,1178.1,0.66,0.93,1328.6
Assam,Northeast,Jewelry,Beads,68.86,676.86,11.8,Small,1,786.57,0.55,0.84,870.3
Assam,Northeast,Metal Craft,Bronze,378.09,822.46,14.7,Large,3,1620.13,0.85,0.58,1673.48
Telangana,South,Stone Carving,Soapstone,776.92,304.81,7.9,Large,3,1520.79,0.65,0.61,1615.64
Rajasthan,West,Pottery,Clay,166.03,153.86,2.9,Small,4,505.61,0.58,0.65,554.1
Andhra Pradesh,South,Painting,Canvas,714.34,198.56,3.6,Large,4,1627.51,0.99,0.63,1818.63
Uttar Pradesh,North,Metal Craft,Brass,506.08,551.97,11.1,Large,4,1301.16,0.46,0.37,1282.67
West Bengal,East,Jewelry,Terracotta,452.45,659.3,17.0,Large,4,1627.52,0.99,0.5,1714.58
Karnataka,South,Pottery,Clay,338.93,173.11,3.7,Large,1,632.32,0.83,0.44,641.83
Tamil Nadu,South,Handloom Textile,Silk,825.2,733.65,23.0,Large,5,2373.03,0.56,0.97,2553.69
Gujarat,West,Jewelry,Terracotta,418.4,1074.14,18.1,Large,1,2030.96,1.0,0.84,2297.36
Rajasthan,West,Painting,Cloth,419.65,1455.01,28.4,Large,5,3107.41,0.61,0.31,3354.02
Karnataka,South,Jewelry,Terracotta,559.37,220.77,7.2,Large,4,1243.28,0.55,0.94,1392.64
Uttar Pradesh,North,Wooden Toy,Wood,732.71,816.02,17.1,Large,2,1908.95,0.68,0.79,2093.46
Karnataka,South,Stone Carving,Marble,148.1,347.0,6.3,Medium,4,726.82,0.93,0.68,841.32
Punjab,North,Wooden Toy,Bamboo,473.16,426.77,8.9,Medium,3,1271.02,0.6,0.63,1287.49
Assam,Northeast,Stone Carving,Soapstone,86.28,39.42,1.0,Small,3,127.46,0.4,0.45,124.42
Maharashtra,West,Wooden Toy,Bamboo,266.32,106.12,2.2,Medium,3,563.91,0.7,0.37,620.68
Punjab,North,Bamboo Craft,Bamboo,913.35,134.65,2.5,Large,5,1486.83,0.55,0.34,1486.78
Uttar Pradesh,North,Stone Carving,Soapstone,373.02,692.63,13.2,Medium,2,1212.08,0.47,0.53,1221.5
Assam,Northeast,Painting,Canvas,639.81,906.52,15.3,Medium,3,1886.84,0.79,0.58,2028.57
Odisha,East,Handloom Textile,Silk,313.45,711.99,16.2,Medium,1,1149.8,0.51,0.84,1202.06
Madhya Pradesh,Central,Pottery,Terracotta,453.97,119.3,2.6,Medium,5,729.75,0.33,0.32,703.26
Maharashtra,West,Bamboo Craft,Cane,309.89,372.58,10.9,Small,3,967.91,0.81,0.66,1068.64
Assam,Northeast,Painting,Cloth,421.3,618.4,10.7,Medium,4,1340.07,0.66,0.99,1401.42
Rajasthan,West,Bamboo Craft,Bamboo,343.46,229.99,4.8,Medium,1,695.37,0.79,0.63,748.97
Tamil Nadu,South,Handloom Textile,Wool,125.61,730.47,13.6,Medium,5,1492.97,0.97,0.4,1636.85
Madhya Pradesh,Central,Metal Craft,Bronze,894.88,652.94,19.0,Large,2,1776.09,0.61,0.76,1962.63
Gujarat,West,Pottery,Clay,113.18,365.4,11.5,Small,1,681.85,0.99,0.9,793.8
Madhya Pradesh,Central,Jewelry,Beads,75.44,49.58,1.5,Small,3,130.66,0.36,0.68,138.14
West Bengal,East,Stone Carving,Soapstone,206.01,431.4,8.7,Small,4,807.58,0.52,0.47,854.63
Tamil Nadu,South,Metal Craft,Bronze,612.47,496.27,9.1,Large,1,1210.62,0.34,0.79,1269.96
Rajasthan,West,Handloom Textile,Silk,374.61,402.31,9.3,Small,2,984.0,0.41,0.86,976.99
West Bengal,East,Bamboo Craft,Cane,301.67,132.16,4.2,Small,4,606.26,0.93,0.64,684.44
Andhra Pradesh,South,Handloom Textile,Cotton,360.07,50.64,1.0,Small,4,645.55,0.84,0.45,662.12
Uttar Pradesh,North,Handloom Textile,Cotton,311.36,342.43,10.3,Small,3,897.56,0.87,0.84,1017.84
Andhra Pradesh,South,Wooden Toy,Bamboo,80.03,837.21,18.0,Medium,4,1419.58,0.73,0.77,1596.66
West Bengal,East,Handloom Textile,Silk,263.4,522.17,11.0,Small,5,1097.97,0.42,0.94,1175.67
Odisha,East,Jewelry,Terracotta,947.8,188.57,4.4,Large,4,1548.71,0.47,0.74,1691.23
Madhya Pradesh,Central,Metal Craft,Bronze,334.57,885.68,15.4,Medium,3,1548.04,0.78,0.47,1732.6
Gujarat,West,Stone Carving,Soapstone,395.64,458.54,8.1,Small,3,1282.93,0.44,0.47,1249.15
West Bengal,East,Stone Carving,Marble,280.53,643.78,13.5,Large,2,1200.3,0.72,0.5,1327.52
Rajasthan,West,Handloom Textile,Wool,449.34,709.94,13.9,Large,2,1604.54,0.76,0.57,1690.34
Tamil Nadu,South,Painting,Paper,211.82,490.75,9.7,Medium,1,866.49,0.82,0.85,984.02
Punjab,North,Handloom Textile,Wool,83.65,538.17,10.0,Medium,5,993.63,0.74,0.63,1112.67
Assam,Northeast,Handloom Textile,Silk,397.17,932.93,15.7,Medium,5,1720.28,0.79,0.7,1844.25
Assam,Northeast,Wooden Toy,Bamboo,594.97,1009.55,23.4,Large,4,2343.61,0.97,0.49,2547.17
Maharashtra,West,Jewelry,Silver,220.1,381.09,9.8,Small,1,705.86,0.37,0.66,741.39
West Bengal,East,Painting,Paper,933.39,186.23,3.9,Large,1,1373.24,0.78,0.99,1558.93
Rajasthan,West,Painting,Paper,232.63,116.27,2.8,Small,1,460.08,0.71,0.81,509.96
Uttar Pradesh,North,Stone Carving,Marble,480.49,741.14,21.6,Large,3,1635.49,0.41,0.41,1567.14
Odisha,East,Metal Craft,Bronze,330.53,158.59,3.6,Small,5,719.2,0.94,0.71,780.52
Maharashtra,West,Jewelry,Terracotta,372.16,271.37,5.7,Small,4,948.17,0.62,0.56,1013.98
Andhra Pradesh,South,Painting,Cloth,723.32,520.6,9.7,Large,3,1741.18,0.9,0.94,1917.17
Rajasthan,West,Handloom Textile,Wool,842.7,228.79,7.6,Large,4,1770.76,0.91,0.53,1920.15
Kerala,South,Stone Carving,Marble,832.55,641.48,11.3,Large,1,1758.1,0.73,0.67,1837.61
Madhya Pradesh,Central,Stone Carving,Marble,268.42,338.16,5.9,Small,5,813.15,0.64,0.66,888.63
Tamil Nadu,South,Jewelry,Terracotta,198.69,223.44,4.0,Small,2,572.78,0.72,0.71,631.15
Andhra Pradesh,South,Bamboo Craft,Bamboo,159.57,76.04,1.4,Small,4,301.52,0.39,0.81,307.33
Madhya Pradesh,Central,Pottery,Terracotta,72.06,332.28,6.7,Small,1,424.16,0.42,0.56,428.94
Gujarat,West,Jewelry,Beads,529.42,1060.22,17.9,Medium,4,2920.71,0.93,0.52,3298.93
Kerala,South,Stone Carving,Marble,343.01,70.35,1.2,Small,3,560.46,0.84,0.84,602.39
Rajasthan,West,Bamboo Craft,Cane,618.87,436.13,10.4,Medium,4,1735.41,0.89,0.36,1836.93
Tamil Nadu,South,Bamboo Craft,Cane,275.92,254.12,7.0,Medium,2,699.26,0.42,0.75,722.99
Andhra Pradesh,South,Stone Carving,Marble,246.87,241.58,4.4,Medium,4,765.56,0.98,0.54,853.08
Punjab,North,Pottery,Terracotta,321.37,293.41,6.0,Small,5,909.4,0.8,0.97,1064.66
Karnataka,South,Wooden Toy,Bamboo,187.25,424.55,9.0,Small,2,779.69,0.64,0.79,801.4
Karnataka,South,Wooden Toy,Wood,353.78,389.42,10.8,Medium,4,1183.18,0.95,0.46,1242.69
Telangana,South,Wooden Toy,Bamboo,237.53,196.58,4.4,Small,2,565.07,0.46,0.34,576.96
Andhra Pradesh,South,Painting,Canvas,406.22,207.08,3.7,Large,2,746.19,0.42,0.95,769.46
Rajasthan,West,Pottery,Clay,743.08,1048.6,25.5,Large,3,2793.3,0.59,0.6,2985.45
Odisha,East,Bamboo Craft,Cane,328.02,269.45,7.3,Large,2,692.26,0.48,0.46,676.11
West Bengal,East,Bamboo Craft,Cane,185.58,305.93,7.9,Small,5,604.07,0.35,0.36,620.03
Karnataka,South,Pottery,Terracotta,448.4,112.68,2.7,Medium,1,652.34,0.5,0.7,677.97
Rajasthan,West,Bamboo Craft,Bamboo,160.08,130.68,2.5,Small,4,448.55,0.92,0.96,519.76
Andhra Pradesh,South,Bamboo Craft,Cane,486.84,687.85,18.3,Medium,5,2008.09,0.82,0.34,2095.39
Assam,Northeast,Jewelry,Beads,319.12,429.92,10.5,Small,5,1012.44,0.67,0.38,1038.25
Tamil Nadu,South,Stone Carving,Marble,182.55,595.86,17.3,Medium,2,1124.53,0.75,0.92,1274.95
Andhra Pradesh,South,Painting,Canvas,178.64,612.75,16.0,Medium,1,1090.1,0.95,0.8,1167.01
Rajasthan,West,Wooden Toy,Bamboo,609.52,1345.93,24.1,Large,5,2711.07,0.32,0.96,2837.77
Tamil Nadu,South,Pottery,Terracotta,702.45,163.49,5.2,Large,5,1346.61,0.85,0.57,1502.06
Odisha,East,Jewelry,Terracotta,833.3,623.58,17.9,Large,2,1573.39,0.31,0.79,1629.05
Telangana,South,Stone Carving,Marble,535.38,310.37,9.2,Medium,2,1222.63,0.96,0.68,1422.17
Telangana,South,Jewelry,Beads,601.69,455.46,11.7,Medium,4,1704.03,1.0,0.78,1932.01
Tamil Nadu,South,Painting,Canvas,312.87,764.97,17.2,Medium,1,1468.65,0.88,0.89,1679.94
Rajasthan,West,Painting,Paper,558.73,280.9,8.4,Medium,3,1219.62,0.89,0.65,1283.84
Maharashtra,West,Metal Craft,Bronze,253.76,1139.43,22.2,Large,1,1591.45,0.44,0.89,1719.41
West Bengal,East,Wooden Toy,Wood,221.08,372.97,9.0,Small,3,665.38,0.54,0.89,743.56
Odisha,East,Bamboo Craft,Cane,664.47,674.01,13.8,Large,1,1483.29,0.39,0.66,1471.4
West Bengal,East,Wooden Toy,Wood,484.48,461.04,9.3,Medium,4,1317.31,0.44,0.63,1307.79
Andhra Pradesh,South,Stone Carving,Marble,654.61,826.35,17.6,Large,4,2057.09,0.73,0.65,2302.22
Madhya Pradesh,Central,Bamboo Craft,Cane,814.66,296.79,7.0,Large,1,1313.94,0.84,0.99,1534.0
Andhra Pradesh,South,Pottery,Terracotta,105.43,625.52,11.1,Small,2,922.43,0.56,0.58,976.2
Madhya Pradesh,Central,Stone Carving,Marble,339.1,102.71,3.0,Large,2,512.94,0.61,0.5,511.88
Maharashtra,West,Handloom Textile,Wool,890.67,1488.83,26.0,Large,5,4108.45,0.82,0.37,4194.64
Karnataka,South,Wooden Toy,Bamboo,395.69,223.53,4.7,Small,1,826.89,0.85,0.94,940.75
Telangana,South,Wooden Toy,Wood,511.42,603.98,18.4,Large,3,1530.6,0.92,0.68,1767.95
Kerala,South,Jewelry,Silver,354.01,941.44,16.9,Medium,4,1957.08,0.87,0.34,2174.48
Karnataka,South,Bamboo Craft,Bamboo,875.15,626.42,14.5,Large,2,1734.17,0.42,0.98,1763.15
Odisha,East,Metal Craft,Copper,675.01,511.84,8.8,Large,5,1553.23,0.31,0.3,1519.99
Madhya Pradesh,Central,Metal Craft,Brass,257.23,656.42,15.5,Large,3,1284.66,0.92,0.31,1396.86
Gujarat,West,Wooden Toy,Bamboo,165.03,110.74,2.4,Medium,4,390.06,0.46,0.51,404.14
Telangana,South,Handloom Textile,Silk,389.98,137.39,3.0,Medium,5,952.25,0.85,0.36,1024.33
Karnataka,South,Jewelry,Silver,918.52,376.78,6.3,Large,4,1997.95,0.75,0.7,2048.34
Kerala,South,Handloom Textile,Cotton,909.3,635.33,19.4,Large,1,1726.27,0.31,0.34,1717.76
Tamil Nadu,South,Bamboo Craft,Cane,224.88,202.19,4.4,Small,2,535.21,0.66,0.31,526.69
West Bengal,East,Stone Carving,Marble,876.13,1287.49,21.5,Large,3,2687.96,0.51,0.91,2835.46
Uttar Pradesh,North,Jewelry,Beads,306.96,1251.02,21.9,Large,3,2043.35,0.46,0.42,2174.43
Telangana,South,Metal Craft,Brass,312.48,174.65,4.1,Small,4,750.11,0.57,0.9,809.45
Assam,Northeast,Handloom Textile,Cotton,350.97,1349.11,27.2,Large,4,2524.16,0.98,0.71,2914.9
Andhra Pradesh,South,Bamboo Craft,Bamboo,268.9,570.24,18.6,Medium,4,1281.01,0.84,0.98,1455.77
Tamil Nadu,South,Pottery,Clay,246.78,526.26,9.4,Small,4,1137.24,0.72,0.87,1203.67
Kerala,South,Pottery,Clay,200.73,302.75,8.5,Small,4,824.49,0.78,0.58,842.18
Odisha,East,Stone Carving,Soapstone,681.11,1141.27,19.6,Large,2,2410.58,0.8,0.86,2706.3
Maharashtra,West,Wooden Toy,Wood,151.55,555.73,10.6,Small,3,1095.1,0.6,0.8,1226.21
Karnataka,South,Wooden Toy,Wood,613.32,311.35,7.3,Medium,3,1286.46,0.38,0.47,1272.49
Kerala,South,Stone Carving,Soapstone,267.19,443.68,8.3,Small,1,798.53,0.43,0.51,798.79
Gujarat,West,Jewelry,Silver,630.43,723.57,16.3,Medium,5,2559.8,0.92,0.54,2715.05
Tamil Nadu,South,Handloom Textile,Cotton,768.75,481.76,14.5,Large,2,1632.99,0.49,0.58,1604.92
Rajasthan,West,Painting,Canvas,449.35,704.57,14.2,Medium,1,1556.77,0.83,0.42,1742.73
Assam,Northeast,Handloom Textile,Wool,633.06,963.72,18.5,Large,3,2000.63,0.53,0.79,1997.03
West Bengal,East,Bamboo Craft,Bamboo,850.89,358.16,8.2,Large,3,1759.01,0.9,0.88,2062.34
Karnataka,South,Pottery,Clay,330.41,550.63,13.2,Medium,5,1428.74,0.55,0.6,1487.48
West Bengal,East,Wooden Toy,Wood,803.81,676.58,22.1,Large,3,1906.06,0.74,0.61,2111.62
Rajasthan,West,Wooden Toy,Wood,241.66,549.81,10.7,Small,2,996.81,0.69,0.83,1023.85
Karnataka,South,Jewelry,Silver,190.01,518.89,14.0,Large,1,964.47,0.99,0.68,1050.97
Assam,Northeast,Jewelry,Terracotta,162.63,239.52,4.7,Small,2,454.8,0.63,0.66,495.23
Punjab,North,Wooden Toy,Wood,81.63,445.52,9.5,Small,4,762.86,0.77,0.53,792.02
Odisha,East,Jewelry,Beads,942.61,928.18,15.5,Large,5,2693.71,0.64,0.45,2669.03
Gujarat,West,Painting,Paper,366.67,517.75,10.0,Small,4,1551.51,0.73,0.71,1632.95
Odisha,East,Metal Craft,Copper,774.93,1049.19,17.7,Large,4,2670.46,0.88,1.0,2913.57
Maharashtra,West,Bamboo Craft,Cane,543.1,1128.49,21.2,Large,3,2105.38,0.3,0.65,2203.63
Andhra Pradesh,South,Bamboo Craft,Cane,248.44,759.64,20.0,Large,2,1215.14,0.55,0.96,1244.49
Gujarat,West,Metal Craft,Brass,118.8,517.14,10.5,Medium,1,712.81,0.53,0.78,779.13
Gujarat,West,Metal Craft,Brass,335.8,685.52,11.8,Small,4,1630.8,0.55,0.58,1628.33
Gujarat,West,Handloom Textile,Silk,159.91,100.39,2.3,Small,3,351.26,0.69,0.45,377.5
Andhra Pradesh,South,Jewelry,Beads,91.2,685.32,18.7,Medium,4,1097.03,0.76,0.6,1174.14
Madhya Pradesh,Central,Painting,Cloth,369.39,862.71,16.6,Medium,4,1403.18,0.36,0.45,1344.69
Rajasthan,West,Stone Carving,Soapstone,503.8,1290.45,28.4,Large,4,3141.18,0.82,0.78,3344.59
Kerala,South,Handloom Textile,Cotton,313.84,376.05,10.7,Small,2,919.04,0.54,0.98,961.1
Odisha,East,Handloom Textile,Wool,593.71,585.56,13.1,Large,5,1708.72,0.55,0.5,1817.32
Rajasthan,West,Painting,Paper,569.42,235.15,4.3,Medium,3,1211.45,0.48,0.6,1241.82
Uttar Pradesh,North,Metal Craft,Brass,190.36,194.43,4.4,Medium,2,528.82,0.83,1.0,615.56
Maharashtra,West,Pottery,Terracotta,498.79,561.83,17.4,Medium,5,2070.05,0.95,0.58,2175.73
Gujarat,West,Wooden Toy,Wood,300.34,545.16,9.1,Small,3,1319.22,0.84,0.57,1408.65
West Bengal,East,Bamboo Craft,Cane,284.66,329.94,9.0,Large,4,905.24,0.68,0.93,938.61
Kerala,South,Painting,Canvas,187.12,335.1,8.9,Large,2,639.15,0.37,0.57,651.37
Gujarat,West,Bamboo Craft,Cane,576.48,578.49,11.3,Large,5,1887.84,0.88,0.54,2007.03
Punjab,North,Bamboo Craft,Cane,235.39,509.77,14.7,Large,2,959.41,0.62,0.45,946.54
Kerala,South,Jewelry,Beads,390.66,138.14,4.6,Medium,2,682.15,0.91,0.77,771.59
Assam,Northeast,Bamboo Craft,Cane,422.52,421.52,9.9,Medium,5,1214.18,0.92,0.47,1295.56
Punjab,North,Wooden Toy,Wood,319.92,615.98,11.1,Small,1,1180.69,0.86,0.99,1361.27
Karnataka,South,Wooden Toy,Wood,630.37,83.34,1.7,Medium,1,967.68,0.82,0.94,1115.56
Rajasthan,West,Stone Carving,Marble,914.46,501.45,16.6,Large,2,1732.22,0.31,0.68,1740.61
Andhra Pradesh,South,Metal Craft,Brass,304.23,725.8,17.8,Medium,5,1753.67,0.9,0.93,1959.68
Rajasthan,West,Painting,Cloth,506.17,561.97,14.1,Medium,2,1252.38,0.37,0.49,1229.95
Telangana,South,Metal Craft,Brass,339.93,1125.79,19.2,Large,2,2086.2,0.78,0.95,2364.83
Kerala,South,Bamboo Craft,Cane,194.92,254.79,4.6,Small,5,699.46,0.93,0.62,794.71
Odisha,East,Jewelry,Silver,359.46,146.2,2.7,Large,5,788.8,0.66,0.78,850.21
Uttar Pradesh,North,Painting,Paper,361.79,262.34,6.7,Medium,2,767.06,0.86,0.61,799.61
Tamil Nadu,South,Bamboo Craft,Cane,215.52,302.58,6.1,Small,1,622.97,0.63,0.4,673.98
Kerala,South,Jewelry,Beads,169.29,655.08,13.7,Medium,4,1400.18,0.82,0.41,1512.63
Kerala,South,Wooden Toy,Bamboo,554.36,307.88,5.9,Medium,5,1417.28,0.85,0.58,1564.82
Odisha,East,Bamboo Craft,Cane,82.69,284.71,9.1,Small,4,431.84,0.43,0.76,469.74
Uttar Pradesh,North,Stone Carving,Soapstone,353.94,431.12,7.9,Small,3,1199.34,0.92,0.48,1261.95
Tamil Nadu,South,Bamboo Craft,Bamboo,467.21,879.23,17.1,Large,3,1750.53,0.32,0.5,1719.12
Uttar Pradesh,North,Jewelry,Silver,321.26,303.66,8.2,Small,2,716.01,0.4,0.74,710.61
Uttar Pradesh,North,Stone Carving,Soapstone,394.15,345.74,10.4,Large,1,870.01,0.68,0.83,972.93
Rajasthan,West,Painting,Canvas,227.16,671.13,13.9,Large,5,1616.49,0.77,0.79,1792.67
Gujarat,West,Bamboo Craft,Cane,132.77,714.06,13.8,Medium,2,1312.71,1.0,0.79,1482.35
West Bengal,East,Metal Craft,Bronze,353.77,640.46,12.0,Small,4,1435.54,0.73,0.36,1538.83
Rajasthan,West,Bamboo Craft,Bamboo,771.48,282.79,5.7,Large,2,1316.31,0.51,0.83,1414.3
Madhya Pradesh,Central,Metal Craft,Copper,245.2,88.2,1.8,Medium,4,428.26,0.38,0.76,462.19
Rajasthan,West,Wooden Toy,Bamboo,318.18,966.44,23.8,Large,4,1993.12,0.93,0.85,2213.33
Uttar Pradesh,North,Pottery,Terracotta,403.35,977.33,23.1,Large,1,1792.92,0.78,0.72,2040.18
Kerala,South,Wooden Toy,Wood,319.51,784.84,14.3,Medium,4,1712.9,0.93,0.35,1810.91
Andhra Pradesh,South,Painting,Cloth,323.29,206.48,4.6,Medium,1,679.64,0.76,0.65,698.4
Madhya Pradesh,Central,Metal Craft,Bronze,570.55,878.52,18.1,Medium,3,1973.88,0.92,0.39,2044.63
Rajasthan,West,Jewelry,Beads,462.73,518.49,10.9,Large,3,1349.35,0.51,0.75,1467.57
Kerala,South,Stone Carving,Soapstone,652.46,324.68,8.1,Large,2,1367.04,0.89,0.57,1515.33
Maharashtra,West,Metal Craft,Copper,171.73,185.88,4.2,Small,4,485.88,0.45,0.5,483.89
Uttar Pradesh,North,Pottery,Terracotta,389.39,1325.83,27.8,Large,1,1924.24,0.85,0.33,2116.78
Karnataka,South,Bamboo Craft,Bamboo,268.24,130.65,3.1,Small,1,444.86,0.68,0.89,487.92
Kerala,South,Stone Carving,Marble,300.96,639.73,11.8,Small,5,1505.21,0.49,0.8,1616.39
Punjab,North,Handloom Textile,Cotton,337.05,359.19,10.9,Small,1,704.23,0.37,0.86,693.65
Madhya Pradesh,Central,Wooden Toy,Bamboo,457.03,811.13,24.0,Large,1,1254.65,0.77,0.3,1295.61
Kerala,South,Painting,Paper,126.82,922.71,16.5,Medium,1,1335.4,0.83,0.47,1384.52
Odisha,East,Pottery,Clay,356.27,832.81,16.0,Large,2,1400.33,0.37,0.51,1397.76
Andhra Pradesh,South,Pottery,Clay,378.6,545.02,11.9,Small,1,999.82,0.5,0.85,1025.48
Karnataka,South,Jewelry,Terracotta,324.71,209.07,5.8,Small,2,665.73,0.76,0.81,709.18
Karnataka,South,Pottery,Terracotta,203.91,439.1,8.3,Medium,5,966.46,0.8,0.76,1016.15
Andhra Pradesh,South,Painting,Canvas,307.57,330.17,9.6,Large,4,983.7,0.59,0.35,1040.82
Odisha,East,Bamboo Craft,Cane,401.59,181.45,3.2,Medium,5,952.35,0.98,0.44,1079.64
Assam,Northeast,Wooden Toy,Bamboo,238.95,204.04,4.6,Small,5,656.42,0.66,0.58,711.54
Karnataka,South,Pottery,Clay,134.46,374.89,7.4,Small,3,715.76,0.4,0.55,730.77
Kerala,South,Handloom Textile,Wool,125.95,109.31,2.4,Small,1,293.46,0.68,0.53,295.33
Andhra Pradesh,South,Bamboo Craft,Cane,100.8,222.98,7.0,Small,2,468.4,0.92,0.4,500.36
Gujarat,West,Metal Craft,Bronze,303.88,679.26,15.1,Medium,5,1743.56,0.81,0.65,1945.65
Uttar Pradesh,North,Metal Craft,Brass,420.09,665.59,12.4,Medium,3,1594.04,0.96,0.56,1677.09
Assam,Northeast,Stone Carving,Marble,421.4,732.26,13.3,Large,1,1087.38,0.66,0.81,1165.16
Uttar Pradesh,North,Metal Craft,Copper,365.46,108.31,3.5,Small,1,532.6,0.6,0.79,564.52
Karnataka,South,Pottery,Terracotta,455.09,320.6,6.1,Medium,1,900.87,0.41,0.58,949.06
Odisha,East,Jewelry,Silver,784.89,876.62,21.5,Large,4,2235.3,0.39,0.45,2330.43
Karnataka,South,Pottery,Terracotta,919.31,202.86,4.4,Large,3,1658.78,0.75,0.8,1858.69
Madhya Pradesh,Central,Pottery,Terracotta,421.96,256.58,7.1,Large,3,681.17,0.31,0.55,667.97
Maharashtra,West,Stone Carving,Soapstone,431.8,954.76,17.3,Medium,4,1952.0,0.48,0.39,2077.18
Telangana,South,Painting,Cloth,581.56,397.6,7.2,Large,2,1195.08,0.58,0.93,1267.61
Andhra Pradesh,South,Bamboo Craft,Bamboo,544.16,1457.63,26.0,Large,3,2789.39,0.7,0.46,3085.31
Gujarat,West,Painting,Cloth,420.35,665.49,15.3,Medium,4,1778.39,0.67,0.6,1955.36
Maharashtra,West,Painting,Cloth,227.58,253.31,6.3,Small,2,593.9,0.42,0.96,643.7
Madhya Pradesh,Central,Jewelry,Beads,300.37,563.6,9.7,Small,2,926.72,0.74,0.93,1031.78
Punjab,North,Stone Carving,Soapstone,768.71,501.34,9.6,Large,2,1600.02,0.84,0.88,1810.68
Gujarat,West,Stone Carving,Marble,250.38,640.78,14.6,Medium,2,1160.71,0.72,0.59,1195.07
Kerala,South,Bamboo Craft,Bamboo,77.15,432.58,7.8,Small,1,553.52,0.31,0.35,558.47
Gujarat,West,Painting,Canvas,168.32,236.55,6.4,Medium,3,566.23,0.58,0.46,599.83
Andhra Pradesh,South,Wooden Toy,Bamboo,422.17,147.4,3.0,Medium,2,708.91,0.63,0.95,786.1
Telangana,South,Metal Craft,Brass,305.8,194.13,3.4,Small,4,695.99,0.64,0.78,725.33
Odisha,East,Painting,Cloth,408.22,323.93,7.2,Medium,2,840.32,0.56,0.75,839.33
Maharashtra,West,Wooden Toy,Bamboo,277.39,225.41,5.6,Small,1,556.23,0.37,0.45,582.8
Rajasthan,West,Painting,Paper,322.21,78.58,2.3,Medium,2,473.86,0.36,0.71,483.42
Andhra Pradesh,South,Painting,Canvas,287.23,621.95,15.7,Medium,4,1332.7,0.62,0.8,1468.79
Karnataka,South,Metal Craft,Bronze,281.59,248.16,5.5,Small,3,871.33,0.98,0.76,943.64
Uttar Pradesh,North,Metal Craft,Bronze,525.92,1047.51,26.4,Large,4,2633.64,0.98,0.37,2846.91
Odisha,East,Pottery,Clay,181.95,961.49,25.6,Large,3,1357.72,0.32,0.4,1412.13
Rajasthan,West,Stone Carving,Marble,142.42,343.57,9.7,Medium,5,807.04,0.82,0.38,830.63
Maharashtra,West,Pottery,Clay,389.41,770.66,17.0,Medium,3,1645.63,0.34,0.69,1605.34
Gujarat,West,Handloom Textile,Cotton,120.72,256.67,4.9,Medium,2,498.95,0.71,0.68,525.5
Assam,Northeast,Stone Carving,Soapstone,620.9,330.89,5.8,Medium,5,1313.2,0.71,0.39,1442.46
Rajasthan,West,Stone Carving,Marble,196.5,395.78,10.5,Small,3,951.41,0.7,0.89,1034.21
Punjab,North,Handloom Textile,Wool,657.34,93.99,2.5,Large,5,1047.53,0.5,0.37,1042.15
Andhra Pradesh,South,Handloom Textile,Silk,933.76,859.88,20.1,Large,4,2921.76,0.99,0.41,3242.15
Karnataka,South,Stone Carving,Marble,111.13,468.54,14.2,Medium,2,761.53,0.4,0.41,778.33
Odisha,East,Stone Carving,Marble,670.56,663.21,17.1,Large,4,1721.38,0.73,0.59,1875.84
Maharashtra,West,Metal Craft,Brass,152.57,272.65,5.0,Medium,4,676.25,0.76,0.74,725.85
Punjab,North,Handloom Textile,Silk,699.82,992.21,21.9,Large,2,2252.79,0.98,0.97,2656.81
Rajasthan,West,Wooden Toy,Bamboo,240.14,208.88,6.6,Small,2,654.89,0.7,0.93,737.16
Uttar Pradesh,North,Wooden Toy,Bamboo,169.56,292.27,7.9,Medium,5,658.53,0.52,0.71,692.88
Maharashtra,West,Bamboo Craft,Cane,325.56,216.89,6.6,Medium,4,826.91,0.92,0.31,918.4
Rajasthan,West,Handloom Textile,Wool,398.88,274.12,9.0,Small,5,1127.65,0.46,0.98,1201.58
Odisha,East,Pottery,Terracotta,318.96,85.75,2.8,Large,1,494.21,0.73,0.32,498.95
Madhya Pradesh,Central,Handloom Textile,Wool,716.99,300.32,6.5,Large,3,1142.28,0.36,0.84,1125.14
Andhra Pradesh,South,Jewelry,Beads,832.81,968.48,16.8,Large,1,2158.58,0.94,0.94,2342.28
Telangana,South,Metal Craft,Brass,395.7,237.74,6.4,Small,3,973.63,0.84,0.48,1085.09
Karnataka,South,Wooden Toy,Bamboo,324.49,168.19,4.0,Small,3,635.61,0.59,0.64,664.29
Maharashtra,West,Bamboo Craft,Cane,549.06,895.39,16.4,Large,4,2342.06,0.66,0.46,2528.54
West Bengal,East,Bamboo Craft,Cane,258.85,447.31,13.0,Medium,1,806.67,0.54,0.94,868.04
Telangana,South,Painting,Cloth,295.82,611.07,10.4,Small,5,1418.06,0.64,0.69,1437.39
Maharashtra,West,Metal Craft,Brass,475.15,1261.61,23.3,Large,2,2560.9,0.92,0.34,2638.53
Rajasthan,West,Wooden Toy,Wood,120.26,489.45,10.9,Small,3,923.74,0.83,0.35,1000.14
West Bengal,East,Painting,Cloth,96.69,146.91,4.6,Small,3,337.76,0.76,0.98,392.54
Assam,Northeast,Jewelry,Terracotta,345.96,492.08,10.4,Small,4,1143.58,0.66,0.58,1166.77
Uttar Pradesh,North,Stone Carving,Soapstone,69.68,343.29,11.4,Small,3,580.96,0.98,0.81,668.08
Odisha,East,Wooden Toy,Bamboo,538.01,313.45,5.9,Medium,5,1184.98,0.86,0.47,1236.57
Punjab,North,Wooden Toy,Wood,288.54,212.3,4.1,Large,2,579.56,0.57,0.92,617.34
Maharashtra,West,Pottery,Clay,273.66,489.4,10.7,Small,2,979.82,0.56,0.91,999.35
Tamil Nadu,South,Bamboo Craft,Bamboo,205.76,296.86,9.6,Small,3,773.84,0.71,0.72,813.49
Rajasthan,West,Stone Carving,Marble,236.15,382.65,9.4,Medium,3,996.97,0.82,0.75,1129.88
Punjab,North,Pottery,Terracotta,596.87,547.78,9.2,Medium,5,1652.65,0.45,0.8,1780.16
Karnataka,South,Jewelry,Terracotta,346.99,891.74,15.4,Medium,2,1546.89,0.81,0.84,1650.46
West Bengal,East,Pottery,Clay,625.61,646.44,13.8,Medium,2,1427.08,0.56,0.33,1455.68
Tamil Nadu,South,Metal Craft,Brass,124.01,131.23,2.9,Small,1,318.41,0.71,0.47,350.27
Uttar Pradesh,North,Wooden Toy,Wood,517.47,1445.45,25.0,Large,2,2233.52,0.36,0.37,2238.94
Maharashtra,West,Wooden Toy,Wood,199.06,226.46,4.6,Small,2,498.67,0.3,0.98,537.89
Kerala,South,Bamboo Craft,Cane,141.05,214.87,5.8,Medium,4,599.42,1.0,0.3,675.7
Punjab,North,Jewelry,Silver,684.71,704.99,12.0,Large,3,2023.51,0.93,0.6,2337.2
Maharashtra,West,Wooden Toy,Bamboo,945.35,792.51,14.3,Large,1,1978.67,0.51,0.56,1977.23
Karnataka,South,Handloom Textile,Wool,279.91,243.76,6.6,Small,2,731.84,0.58,0.56,791.72
Andhra Pradesh,South,Painting,Canvas,297.26,712.94,17.7,Medium,1,1233.32,0.77,0.98,1392.23
Odisha,East,Stone Carving,Marble,245.72,297.52,6.3,Medium,2,758.92,0.99,0.62,880.58
Kerala,South,Wooden Toy,Bamboo,222.11,428.9,8.7,Medium,5,1138.09,0.66,0.37,1214.17
Rajasthan,West,Jewelry,Silver,203.19,254.49,7.8,Small,5,821.79,0.65,0.95,876.72
Telangana,South,Stone Carving,Marble,377.57,558.78,13.9,Medium,3,1226.78,0.35,0.65,1177.94
Gujarat,West,Pottery,Terracotta,133.52,210.3,5.2,Medium,1,419.72,0.68,0.51,459.71
Maharashtra,West,Jewelry,Silver,100.77,380.8,6.5,Small,1,615.9,0.74,0.8,635.22
Karnataka,South,Jewelry,Silver,662.75,636.28,19.1,Large,2,1585.42,0.62,0.94,1705.39
Andhra Pradesh,South,Metal Craft,Bronze,507.33,1302.75,23.8,Large,2,2274.53,0.83,0.56,2418.83
Odisha,East,Metal Craft,Copper,460.68,825.3,14.0,Medium,1,1403.48,0.62,0.74,1436.62
Uttar Pradesh,North,Handloom Textile,Wool,338.27,655.45,11.2,Medium,2,1213.2,0.56,0.99,1267.87
West Bengal,East,Wooden Toy,Bamboo,117.08,113.33,2.6,Small,2,270.23,0.32,0.61,276.84
Assam,Northeast,Bamboo Craft,Cane,315.93,101.64,2.3,Small,4,482.58,0.5,0.93,509.39
Madhya Pradesh,Central,Jewelry,Terracotta,409.31,582.02,10.6,Medium,4,1272.87,0.46,0.56,1307.01
Gujarat,West,Bamboo Craft,Cane,305.19,110.46,2.1,Medium,5,808.02,0.98,0.73,905.83
Odisha,East,Metal Craft,Bronze,131.09,59.52,1.2,Small,1,215.92,0.65,0.85,244.82
Odisha,East,Pottery,Clay,228.61,220.03,5.7,Small,5,587.23,0.63,0.91,666.28
Karnataka,South,Wooden Toy,Bamboo,397.66,303.59,7.6,Small,3,851.13,0.46,0.49,864.17
Maharashtra,West,Jewelry,Terracotta,168.15,880.78,21.4,Large,2,1472.16,0.44,0.68,1548.68
Tamil Nadu,South,Wooden Toy,Bamboo,222.11,495.18,9.5,Small,2,1073.05,0.92,0.44,1138.71
Gujarat,West,Stone Carving,Marble,606.96,375.74,6.5,Medium,4,1827.74,0.97,0.4,1901.02
Uttar Pradesh,North,Wooden Toy,Bamboo,126.5,352.87,5.9,Small,1,570.0,0.64,0.69,636.02
Telangana,South,Bamboo Craft,Cane,518.68,214.99,5.5,Medium,2,829.48,0.37,0.75,828.17
Tamil Nadu,South,Wooden Toy,Bamboo,360.84,216.2,4.6,Small,1,665.42,0.58,0.35,675.23
Tamil Nadu,South,Pottery,Clay,581.59,302.05,7.3,Medium,5,1569.67,0.85,0.83,1822.72
Madhya Pradesh,Central,Metal Craft,Copper,328.45,300.55,5.5,Small,5,829.17,0.66,0.49,843.83
Maharashtra,West,Pottery,Clay,100.75,95.69,3.0,Small,1,271.23,0.92,0.95,317.35
Gujarat,West,Jewelry,Silver,114.25,492.58,10.9,Small,4,841.67,0.35,0.4,795.58
Gujarat,West,Painting,Cloth,158.25,63.04,1.7,Small,1,254.12,0.49,1.0,262.91
Odisha,East,Wooden Toy,Wood,464.6,694.91,16.7,Medium,3,1482.95,0.91,0.54,1589.07
Madhya Pradesh,Central,Painting,Canvas,421.24,406.51,8.1,Medium,1,790.63,0.47,0.79,821.56
Uttar Pradesh,North,Metal Craft,Brass,245.21,315.87,8.5,Small,4,809.35,0.89,0.81,945.76
Punjab,North,Wooden Toy,Wood,678.43,496.58,14.3,Large,4,1661.76,0.67,0.42,1718.56
West Bengal,East,Painting,Canvas,724.75,409.92,7.5,Large,1,1260.79,0.53,0.61,1327.17
Telangana,South,Stone Carving,Marble,378.74,493.59,12.6,Large,3,1298.56,0.72,0.53,1390.05
Maharashtra,West,Painting,Paper,101.0,161.23,4.4,Small,3,376.77,0.57,0.66,406.04
Uttar Pradesh,North,Stone Carving,Marble,185.94,737.22,18.3,Medium,3,1252.9,0.51,0.78,1297.81
Gujarat,West,Bamboo Craft,Cane,498.23,911.67,17.2,Medium,4,2116.33,0.32,0.88,2214.34
Rajasthan,West,Metal Craft,Brass,758.42,1215.01,28.3,Large,4,2595.08,0.35,0.62,2567.11
Uttar Pradesh,North,Jewelry,Beads,408.65,353.93,7.0,Medium,1,1003.06,0.88,0.59,1045.21
Odisha,East,Metal Craft,Brass,550.46,642.49,16.2,Medium,3,1539.73,0.51,0.51,1638.16
Uttar Pradesh,North,Painting,Cloth,396.97,615.02,18.0,Large,2,1168.52,0.63,1.0,1330.93
Karnataka,South,Stone Carving,Marble,812.37,994.38,28.1,Large,3,2493.88,0.45,0.31,2537.13
West Bengal,East,Bamboo Craft,Bamboo,112.32,378.07,9.7,Small,4,568.81,0.39,0.6,563.31
Tamil Nadu,South,Jewelry,Silver,431.92,1339.03,24.9,Large,5,2827.67,0.61,0.81,2967.68
Karnataka,South,Pottery,Clay,486.49,660.59,13.6,Medium,5,1826.92,0.73,0.78,2059.04
Uttar Pradesh,North,Bamboo Craft,Bamboo,256.34,1034.9,25.7,Large,3,1561.68,0.39,0.72,1656.26
Maharashtra,West,Pottery,Terracotta,481.86,788.88,20.1,Large,3,1797.98,0.45,0.57,1870.33
West Bengal,East,Jewelry,Terracotta,605.69,1445.88,28.5,Large,4,2755.81,0.95,0.38,2925.85
Andhra Pradesh,South,Stone Carving,Soapstone,234.73,742.78,16.3,Large,1,1303.65,0.7,0.82,1468.86
Andhra Pradesh,South,Painting,Canvas,219.43,425.72,11.3,Large,2,796.15,0.42,0.68,793.93
Madhya Pradesh,Central,Wooden Toy,Wood,478.66,444.13,14.5,Medium,2,1015.41,0.58,0.92,1070.87
Tamil Nadu,South,Metal Craft,Brass,222.06,194.66,5.9,Medium,3,594.27,0.87,0.36,604.74
Assam,Northeast,Handloom Textile,Wool,776.36,133.45,3.4,Large,1,914.77,0.7,0.59,949.25
Assam,Northeast,Handloom Textile,Cotton,329.23,473.16,11.7,Small,1,794.9,0.33,0.33,787.6
Telangana,South,Pottery,Clay,324.26,497.86,8.7,Small,1,1060.87,0.92,0.85,1163.79
Tamil Nadu,South,Metal Craft,Copper,227.46,314.0,6.5,Small,4,755.4,0.43,0.76,792.18
Rajasthan,West,Jewelry,Silver,321.27,504.65,13.9,Large,5,1399.66,0.91,0.64,1464.12
Telangana,South,Stone Carving,Soapstone,458.41,322.31,5.4,Medium,2,1054.23,0.67,0.5,1081.41
Telangana,South,Jewelry,Terracotta,809.03,626.3,10.5,Large,4,2011.67,0.72,0.89,2160.7
Uttar Pradesh,North,Wooden Toy,Bamboo,308.12,293.78,8.2,Small,4,852.64,0.55,0.48,864.44
Rajasthan,West,Stone Carving,Marble,253.07,219.81,5.2,Medium,4,652.93,0.44,0.97,718.69
Assam,Northeast,Jewelry,Terracotta,199.97,192.09,5.2,Small,4,513.65,0.75,0.78,531.84
Madhya Pradesh,Central,Stone Carving,Soapstone,371.48,506.59,11.8,Small,4,1112.3,0.73,0.62,1136.75
Karnataka,South,Painting,Canvas,335.4,488.18,16.0,Medium,3,1109.23,0.71,0.92,1170.98
West Bengal,East,Pottery,Clay,320.3,135.89,3.8,Small,1,520.62,0.56,0.57,548.34
Maharashtra,West,Jewelry,Terracotta,307.34,644.81,11.0,Medium,2,1310.44,0.38,0.45,1378.22
Odisha,East,Painting,Canvas,179.21,179.06,4.2,Medium,3,380.81,0.33,0.76,369.87
West Bengal,East,Painting,Canvas,527.56,1185.67,27.7,Large,4,2270.58,0.55,1.0,2405.94
Tamil Nadu,South,Wooden Toy,Wood,444.12,340.25,7.5,Large,1,875.99,0.61,0.49,893.5
West Bengal,East,Painting,Canvas,547.29,134.99,3.9,Large,2,800.59,0.96,0.68,908.3
Maharashtra,West,Metal Craft,Bronze,171.91,1149.73,21.9,Large,4,1967.57,0.76,0.81,2199.64
Punjab,North,Wooden Toy,Bamboo,234.82,664.42,11.4,Large,1,952.95,0.65,0.98,1034.61
Madhya Pradesh,Central,Painting,Canvas,114.95,410.99,12.7,Medium,3,619.55,0.42,0.48,603.82
Assam,Northeast,Bamboo Craft,Bamboo,554.11,121.12,3.9,Medium,5,837.47,0.58,0.99,864.17
Rajasthan,West,Jewelry,Silver,750.98,546.1,10.6,Large,2,1595.1,0.44,0.62,1627.31
Assam,Northeast,Pottery,Clay,510.69,682.1,15.0,Medium,4,1574.36,0.95,0.48,1740.89
Andhra Pradesh,South,Wooden Toy,Bamboo,641.89,173.64,3.6,Large,2,1097.95,0.56,0.82,1171.12
Punjab,North,Jewelry,Silver,80.95,671.57,12.8,Medium,2,967.15,0.47,0.63,975.53
Andhra Pradesh,South,Stone Carving,Soapstone,128.1,154.32,3.3,Small,4,441.5,0.96,0.73,499.99
Punjab,North,Pottery,Clay,268.69,264.35,7.6,Small,2,616.02,0.74,0.6,662.2
Kerala,South,Wooden Toy,Bamboo,633.99,459.94,7.8,Medium,3,1310.51,0.37,0.81,1316.94
Punjab,North,Jewelry,Silver,599.51,958.61,18.0,Large,5,2606.34,0.73,0.72,2797.87
Madhya Pradesh,Central,Stone Carving,Marble,206.15,184.8,4.4,Medium,4,485.35,0.8,0.33,491.12
Karnataka,South,Metal Craft,Copper,611.61,307.89,8.8,Large,4,1354.37,0.71,0.83,1482.1
Tamil Nadu,South,Pottery,Clay,134.95,725.93,18.1,Medium,3,1391.34,1.0,0.99,1511.12
Maharashtra,West,Jewelry,Terracotta,240.22,113.71,2.0,Small,2,520.45,0.85,0.98,584.42
Tamil Nadu,South,Wooden Toy,Wood,231.64,233.52,5.3,Small,5,773.41,0.74,0.95,883.46
Kerala,South,Handloom Textile,Silk,844.74,650.83,16.1,Large,5,2253.35,0.75,0.61,2385.68
Rajasthan,West,Metal Craft,Copper,397.93,76.35,1.5,Small,2,699.59,0.89,0.75,791.45
Odisha,East,Jewelry,Silver,480.65,282.58,4.8,Large,1,827.13,0.6,0.77,837.1
Andhra Pradesh,South,Handloom Textile,Cotton,613.54,534.33,15.5,Medium,2,1627.4,0.99,0.82,1858.48
Madhya Pradesh,Central,Jewelry,Silver,139.77,370.41,11.5,Medium,1,570.22,0.68,0.69,624.1
West Bengal,East,Wooden Toy,Wood,329.62,1222.41,25.9,Large,3,2140.75,0.72,0.42,2356.34
Odisha,East,Wooden Toy,Bamboo,321.25,441.48,11.3,Small,3,966.49,0.9,0.64,1081.09
Andhra Pradesh,South,Painting,Canvas,289.44,129.46,4.2,Small,4,553.58,0.44,0.58,547.33
Maharashtra,West,Painting,Canvas,186.99,613.96,11.6,Small,2,1084.32,0.52,0.97,1151.15
Gujarat,West,Pottery,Clay,513.37,488.26,13.2,Large,2,1345.29,0.57,0.67,1452.02
Assam,Northeast,Bamboo Craft,Bamboo,280.93,672.27,14.2,Medium,5,1524.35,0.97,0.57,1739.86
Tamil Nadu,South,Bamboo Craft,Bamboo,655.64,641.03,19.7,Large,4,2136.69,0.97,0.37,2277.82
Assam,Northeast,Stone Carving,Marble,320.72,704.37,12.3,Medium,4,1327.57,0.62,0.99,1387.11
Karnataka,South,Jewelry,Silver,186.41,447.47,14.2,Medium,4,934.27,0.64,0.4,995.93
Karnataka,South,Handloom Textile,Wool,505.4,251.64,6.7,Large,3,1050.63,0.56,0.35,1085.94
Gujarat,West,Painting,Paper,71.75,229.07,5.4,Small,2,385.72,0.53,0.69,399.56
Maharashtra,West,Jewelry,Terracotta,789.92,325.44,6.7,Large,2,1589.5,0.65,0.51,1676.39
Andhra Pradesh,South,Metal Craft,Copper,217.08,448.77,8.3,Small,4,1164.4,0.98,0.74,1234.19
Odisha,East,Wooden Toy,Bamboo,235.58,111.61,3.4,Small,5,494.91,0.67,0.82,543.28
Tamil Nadu,South,Bamboo Craft,Bamboo,354.24,359.98,9.3,Medium,3,1005.51,0.57,0.54,1001.75
Gujarat,West,Metal Craft,Copper,197.81,918.5,19.8,Large,3,1587.91,0.6,0.41,1691.12
Telangana,South,Stone Carving,Soapstone,578.19,445.16,14.0,Medium,5,1625.1,0.77,0.47,1672.6
Maharashtra,West,Jewelry,Terracotta,771.63,942.92,19.5,Large,5,2925.26,0.77,0.47,3156.85
Uttar Pradesh,North,Bamboo Craft,Cane,436.49,598.5,15.5,Medium,1,1292.5,0.84,0.61,1397.96
Madhya Pradesh,Central,Painting,Cloth,916.83,356.78,7.1,Large,5,1617.68,0.7,0.42,1751.41
Odisha,East,Pottery,Terracotta,252.26,433.28,7.3,Large,3,919.96,0.8,0.48,987.42
Telangana,South,Metal Craft,Bronze,829.36,1192.45,21.7,Large,2,2273.43,0.45,0.75,2249.92
Rajasthan,West,Stone Carving,Marble,719.36,142.18,3.0,Large,2,1145.43,0.89,0.57,1278.39
Rajasthan,West,Metal Craft,Brass,600.62,672.42,14.2,Medium,5,2089.33,0.46,0.31,2035.85
Uttar Pradesh,North,Jewelry,Beads,560.57,450.01,9.8,Medium,5,1653.09,0.83,0.85,1914.1
Gujarat,West,Handloom Textile,Wool,393.8,623.87,11.4,Small,3,1433.26,0.79,0.76,1526.51
Andhra Pradesh,South,Stone Carving,Soapstone,51.99,107.94,2.5,Small,4,236.0,0.4,0.93,235.14
Odisha,East,Bamboo Craft,Bamboo,329.09,1298.19,24.0,Large,3,2439.84,0.96,1.0,2753.52
Uttar Pradesh,North,Handloom Textile,Cotton,330.28,873.11,22.4,Large,3,1792.34,0.86,0.67,1915.48
Kerala,South,Painting,Cloth,227.81,419.71,7.2,Small,4,980.65,0.49,0.96,1066.38
Maharashtra,West,Metal Craft,Bronze,520.65,459.07,12.3,Medium,5,1602.91,0.43,0.91,1627.38
Rajasthan,West,Bamboo Craft,Cane,636.68,493.59,14.2,Large,1,1326.78,0.67,0.5,1389.68
Telangana,South,Pottery,Terracotta,615.69,151.43,3.6,Large,4,1016.81,0.48,0.32,984.47
Karnataka,South,Pottery,Clay,182.41,678.0,15.7,Medium,4,1153.61,0.4,0.37,1189.46
Maharashtra,West,Metal Craft,Bronze,426.15,278.02,6.6,Large,4,1143.57,0.69,0.32,1174.83
Andhra Pradesh,South,Metal Craft,Brass,85.45,693.52,13.5,Medium,4,1201.59,0.74,0.54,1264.55
Odisha,East,Pottery,Terracotta,472.35,386.2,11.9,Medium,4,1165.26,0.75,0.78,1318.03
Rajasthan,West,Pottery,Clay,345.06,165.67,2.9,Small,1,677.08,0.61,0.81,723.35
Rajasthan,West,Wooden Toy,Wood,189.69,409.87,11.1,Small,3,896.06,0.48,0.55,962.66
Tamil Nadu,South,Metal Craft,Brass,127.02,396.33,10.5,Small,4,774.07,0.98,0.72,822.25
Andhra Pradesh,South,Wooden Toy,Wood,101.62,164.39,3.1,Small,1,312.31,0.46,0.98,337.24
Rajasthan,West,Metal Craft,Copper,201.98,865.6,17.3,Medium,2,1450.7,0.91,0.97,1566.86
Andhra Pradesh,South,Handloom Textile,Wool,794.86,1202.07,25.3,Large,5,2988.86,0.56,0.76,3066.86
Punjab,North,Metal Craft,Bronze,353.36,240.36,5.4,Medium,2,869.33,0.97,0.89,1015.98
Kerala,South,Wooden Toy,Bamboo,174.16,571.11,9.9,Small,2,996.26,0.96,0.78,1060.95
Punjab,North,Jewelry,Silver,243.65,1223.78,27.9,Large,5,2452.51,0.9,0.63,2554.87
Karnataka,South,Bamboo Craft,Bamboo,329.89,679.97,13.9,Large,5,1468.92,0.42,0.84,1580.09
Telangana,South,Painting,Canvas,84.29,329.8,8.5,Small,2,588.94,0.86,0.58,670.18
Assam,Northeast,Jewelry,Silver,57.22,58.42,1.1,Small,4,152.28,0.75,0.51,154.1
Odisha,East,Bamboo Craft,Bamboo,117.36,313.62,5.7,Small,3,583.33,0.64,0.71,607.99
Tamil Nadu,South,Wooden Toy,Wood,708.59,905.57,25.1,Large,3,2400.89,0.55,0.99,2500.03
Gujarat,West,Jewelry,Beads,73.26,167.73,4.0,Small,2,350.34,0.61,0.73,364.97
Tamil Nadu,South,Pottery,Terracotta,833.99,153.16,4.9,Large,4,1447.48,0.65,0.34,1561.4
Maharashtra,West,Bamboo Craft,Cane,322.85,820.49,21.0,Large,4,1740.19,0.33,0.69,1747.49
Karnataka,South,Metal Craft,Brass,638.53,1406.7,26.2,Large,4,2886.55,0.44,0.81,3084.12
Gujarat,West,Stone Carving,Soapstone,223.08,113.03,2.4,Small,4,563.6,0.64,0.66,622.68
West Bengal,East,Jewelry,Beads,500.97,654.56,14.4,Large,2,1405.74,0.66,0.97,1494.38
Rajasthan,West,Bamboo Craft,Bamboo,566.49,934.67,19.0,Large,4,2180.32,0.71,0.42,2250.61
Kerala,South,Jewelry,Silver,199.63,92.56,1.7,Small,3,370.73,0.54,0.94,376.92
Rajasthan,West,Jewelry,Beads,218.81,180.18,3.1,Small,3,573.97,0.31,0.59,568.53
Andhra Pradesh,South,Jewelry,Terracotta,132.14,310.09,6.9,Medium,1,533.84,0.43,0.63,568.95
Uttar Pradesh,North,Handloom Textile,Wool,161.38,252.51,6.6,Large,1,516.78,0.72,0.55,562.14
Maharashtra,West,Wooden Toy,Bamboo,204.38,631.08,18.9,Large,3,1095.83,0.48,0.42,1126.59
Rajasthan,West,Jewelry,Silver,395.62,280.61,4.7,Medium,4,970.38,0.6,0.37,1008.05
Madhya Pradesh,Central,Painting,Cloth,392.67,426.84,7.3,Small,4,1040.01,0.61,0.61,1116.3
Telangana,South,Stone Carving,Marble,285.86,518.76,16.8,Medium,3,1137.16,0.61,0.66,1171.15
Telangana,South,Painting,Canvas,199.62,318.83,6.3,Small,2,689.69,0.84,0.82,802.85
Assam,Northeast,Handloom Textile,Cotton,555.25,222.29,6.2,Medium,3,960.21,0.52,0.62,1026.42
Karnataka,South,Handloom Textile,Cotton,835.05,458.92,9.6,Large,2,1674.53,0.5,0.38,1634.79
Tamil Nadu,South,Wooden Toy,Bamboo,283.69,439.89,8.1,Small,5,1176.23,0.4,0.85,1266.79
Telangana,South,Painting,Canvas,501.01,567.29,13.3,Medium,2,1490.34,0.81,0.81,1690.37
Assam,Northeast,Jewelry,Beads,207.07,107.58,2.3,Small,2,305.32,0.49,0.57,310.28
Gujarat,West,Metal Craft,Brass,799.39,505.91,16.7,Large,1,1634.78,0.63,0.5,1690.85
Andhra Pradesh,South,Pottery,Clay,902.86,176.78,3.5,Large,2,1411.71,0.9,0.97,1596.84
Telangana,South,Painting,Cloth,65.26,219.46,6.5,Small,2,396.63,0.89,0.38,427.16
Karnataka,South,Handloom Textile,Wool,936.19,761.11,19.7,Large,1,2043.17,0.47,0.39,2108.78
Tamil Nadu,South,Pottery,Terracotta,263.46,74.04,1.4,Small,5,561.74,0.75,0.97,606.8
Tamil Nadu,South,Painting,Paper,293.65,242.93,4.7,Medium,2,680.97,0.8,0.44,692.95
Kerala,South,Bamboo Craft,Bamboo,369.19,145.17,3.6,Small,3,718.87,0.5,0.59,771.66
Assam,Northeast,Bamboo Craft,Cane,273.38,831.83,20.5,Large,1,1132.82,0.99,0.51,1249.58
West Bengal,East,Wooden Toy,Bamboo,102.76,76.42,1.5,Small,2,228.07,0.81,0.62,248.0
Karnataka,South,Painting,Canvas,270.43,379.81,7.6,Small,2,789.88,0.44,0.49,797.06
Assam,Northeast,Stone Carving,Soapstone,513.67,282.49,8.1,Medium,2,885.75,0.48,0.45,898.68
Maharashtra,West,Bamboo Craft,Bamboo,715.25,759.67,13.4,Large,2,2354.87,0.99,0.77,2649.37
Kerala,South,Wooden Toy,Wood,603.39,968.0,16.2,Medium,2,2116.46,0.74,0.85,2250.67
Karnataka,South,Metal Craft,Copper,417.99,823.64,26.0,Large,4,1848.47,0.71,0.56,2044.79
Uttar Pradesh,North,Jewelry,Terracotta,837.21,695.01,18.2,Large,4,2111.93,0.63,0.59,2128.08
West Bengal,East,Painting,Paper,576.22,518.17,10.4,Large,3,1223.21,0.52,0.6,1334.62
Punjab,North,Jewelry,Beads,546.39,138.71,3.0,Large,4,1086.36,0.91,0.84,1167.17
Kerala,South,Painting,Canvas,280.21,443.42,9.4,Small,2,963.51,0.92,0.49,1090.58
Tamil Nadu,South,Stone Carving,Soapstone,268.89,40.59,1.0,Small,5,477.09,0.9,0.32,498.9
Gujarat,West,Jewelry,Beads,591.84,797.35,17.5,Medium,3,1959.82,0.69,0.53,2141.09
Karnataka,South,Stone Carving,Soapstone,87.2,313.8,6.4,Small,1,453.57,0.37,0.66,473.69
Andhra Pradesh,South,Jewelry,Terracotta,132.19,197.76,4.2,Small,4,589.91,0.99,0.45,661.37
Assam,Northeast,Bamboo Craft,Cane,542.61,124.84,3.2,Medium,2,745.14,0.34,0.56,717.29
Kerala,South,Wooden Toy,Wood,394.93,87.35,1.7,Medium,3,616.76,0.44,0.39,639.04
Maharashtra,West,Jewelry,Beads,209.55,257.16,8.5,Large,4,831.52,0.98,0.71,944.12
Rajasthan,West,Handloom Textile,Silk,100.53,254.57,7.5,Small,4,552.33,0.58,0.7,558.3
Karnataka,South,Handloom Textile,Cotton,148.93,1216.78,23.5,Large,1,1631.23,0.36,0.39,1669.35
Telangana,South,Stone Carving,Marble,637.85,272.27,6.1,Medium,4,1200.36,0.47,0.74,1198.41
Gujarat,West,Jewelry,Silver,180.39,927.82,20.7,Large,3,1737.53,0.73,0.92,1896.49
Rajasthan,West,Painting,Canvas,631.24,320.39,9.6,Medium,1,1328.16,0.99,0.32,1410.87
Rajasthan,West,Stone Carving,Marble,361.99,424.11,11.4,Medium,5,1267.72,0.69,0.83,1354.57
Kerala,South,Wooden Toy,Wood,143.88,517.49,10.0,Small,5,1037.3,0.91,0.42,1075.59
Telangana,South,Wooden Toy,Wood,255.26,975.6,16.5,Large,2,1423.55,0.55,0.97,1595.24
Uttar Pradesh,North,Stone Carving,Marble,181.45,560.86,17.7,Medium,4,1105.04,0.96,0.44,1203.84
Rajasthan,West,Painting,Cloth,439.81,1184.88,20.0,Large,3,2238.63,0.72,0.81,2462.42
Telangana,South,Stone Carving,Marble,501.23,1074.48,25.8,Large,5,2481.22,0.78,0.46,2606.47
Tamil Nadu,South,Painting,Cloth,250.28,192.09,6.1,Medium,5,806.73,0.89,0.35,830.01
Karnataka,South,Pottery,Clay,116.55,518.34,11.5,Medium,3,850.7,0.64,0.7,920.34
Uttar Pradesh,North,Painting,Paper,542.02,613.7,11.2,Large,3,1715.5,0.81,0.58,1935.45
Kerala,South,Bamboo Craft,Bamboo,237.9,195.41,3.4,Small,5,627.56,0.43,0.33,643.13
Gujarat,West,Metal Craft,Copper,373.15,468.44,8.0,Small,1,999.26,0.36,0.34,1039.41
Karnataka,South,Metal Craft,Brass,225.95,58.62,1.6,Small,2,322.07,0.47,0.54,344.01
Gujarat,West,Handloom Textile,Silk,230.45,268.93,8.4,Small,4,769.51,0.34,0.71,785.14
West Bengal,East,Metal Craft,Brass,357.24,319.53,9.9,Small,1,689.18,0.44,0.76,698.56
Kerala,South,Wooden Toy,Bamboo,471.65,813.9,14.2,Large,4,1789.52,0.37,0.5,1836.76
Punjab,North,Pottery,Clay,433.16,980.4,18.2,Medium,2,1757.89,0.69,0.45,1884.08
Uttar Pradesh,North,Painting,Canvas,343.29,558.7,11.6,Small,4,1187.62,0.67,0.31,1184.01
Punjab,North,Stone Carving,Soapstone,110.67,348.93,8.7,Medium,3,641.28,0.75,0.67,689.16
Odisha,East,Stone Carving,Soapstone,353.3,899.55,27.6,Large,2,1607.31,0.96,0.52,1689.94
Uttar Pradesh,North,Metal Craft,Bronze,74.83,297.83,5.7,Small,2,423.8,0.49,0.69,435.07
Assam,Northeast,Wooden Toy,Bamboo,587.61,759.52,16.7,Medium,3,1670.23,0.47,0.44,1641.99
Rajasthan,West,Metal Craft,Copper,798.86,720.79,12.1,Large,4,2385.3,0.56,0.55,2599.48
Karnataka,South,Metal Craft,Copper,391.67,463.22,8.8,Small,2,1204.06,0.69,0.83,1300.9
West Bengal,East,Handloom Textile,Cotton,266.95,323.43,6.9,Small,4,811.03,0.92,0.55,883.05
Kerala,South,Pottery,Terracotta,196.53,593.89,10.4,Medium,4,1132.29,0.73,0.9,1292.36
Gujarat,West,Stone Carving,Soapstone,260.63,63.69,1.3,Small,2,489.39,0.97,0.36,554.65
Kerala,South,Painting,Paper,53.39,349.55,7.9,Small,3,500.64,0.54,0.74,540.44
Karnataka,South,Jewelry,Beads,82.51,315.83,7.0,Medium,2,538.48,0.56,0.52,583.83
Gujarat,West,Painting,Canvas,569.28,610.47,10.8,Medium,3,1791.24,0.94,0.59,1886.3
Tamil Nadu,South,Metal Craft,Brass,348.29,856.94,18.3,Medium,4,1736.98,0.77,0.38,1827.73
Gujarat,West,Handloom Textile,Silk,612.71,444.96,7.9,Medium,2,1363.45,0.38,0.73,1451.61
Telangana,South,Handloom Textile,Wool,51.16,113.43,3.1,Small,3,228.01,0.96,0.41,248.95
Kerala,South,Stone Carving,Soapstone,235.0,602.2,10.3,Small,1,1062.71,0.68,0.95,1129.68
Tamil Nadu,South,Pottery,Clay,374.95,352.11,8.3,Small,5,1111.7,0.78,0.58,1223.03
Gujarat,West,Painting,Canvas,812.23,796.47,21.6,Large,2,2313.8,0.97,0.32,2437.86
Karnataka,South,Wooden Toy,Bamboo,66.84,267.81,5.5,Small,1,459.35,0.92,0.99,518.37
Kerala,South,Metal Craft,Copper,727.91,1085.79,24.7,Large,3,2621.15,0.85,0.64,2867.41
Uttar Pradesh,North,Pottery,Clay,286.55,366.32,9.0,Small,3,962.75,0.7,0.94,1021.4
Rajasthan,West,Pottery,Clay,281.98,861.54,20.3,Large,1,1392.34,0.32,0.54,1437.52
Karnataka,South,Wooden Toy,Wood,223.14,293.79,6.2,Small,4,663.31,0.45,0.67,682.18
Assam,Northeast,Painting,Canvas,268.19,663.53,13.5,Medium,5,1186.01,0.57,0.31,1227.06
Telangana,South,Pottery,Terracotta,75.33,108.7,2.2,Small,1,232.67,0.83,0.53,262.89
Maharashtra,West,Metal Craft,Brass,914.26,570.15,10.5,Large,5,2514.89,0.72,0.98,2846.6
Tamil Nadu,South,Painting,Paper,318.85,350.15,6.5,Small,3,880.5,0.48,0.39,934.35
Karnataka,South,Jewelry,Beads,540.63,935.52,19.2,Large,2,1857.99,0.39,0.57,1978.91
Madhya Pradesh,Central,Painting,Cloth,174.09,289.1,8.8,Medium,5,606.13,0.47,0.56,603.49
Telangana,South,Metal Craft,Bronze,311.15,1348.33,22.9,Large,4,2291.82,0.53,0.78,2523.34
Gujarat,West,Handloom Textile,Silk,685.24,742.94,23.6,Large,3,2051.24,0.72,0.67,2145.32
Andhra Pradesh,South,Handloom Textile,Silk,253.01,272.76,8.8,Small,2,647.3,0.7,0.42,687.98
Karnataka,South,Pottery,Clay,381.13,571.2,14.0,Large,1,1285.46,0.75,0.63,1359.34
Kerala,South,Pottery,Terracotta,309.1,172.0,3.8,Small,2,630.73,0.69,0.53,650.73
Madhya Pradesh,Central,Pottery,Terracotta,83.36,275.41,5.4,Medium,3,445.13,0.84,0.5,455.72
Odisha,East,Handloom Textile,Wool,212.76,737.15,15.3,Medium,4,1285.71,0.44,0.48,1263.19
Gujarat,West,Pottery,Terracotta,400.69,931.98,19.9,Large,2,1708.95,0.62,0.93,1892.34
Maharashtra,West,Wooden Toy,Bamboo,105.67,437.73,7.8,Small,4,896.77,0.62,0.81,921.48
Andhra Pradesh,South,Stone Carving,Marble,297.04,524.93,11.1,Small,1,889.83,0.43,0.39,856.49
Assam,Northeast,Metal Craft,Copper,229.69,66.06,1.8,Small,4,380.0,0.61,0.63,408.87
Maharashtra,West,Jewelry,Terracotta,106.45,95.48,3.0,Medium,4,326.98,0.6,0.33,325.58
Kerala,South,Stone Carving,Soapstone,908.94,659.52,15.2,Large,3,2364.17,0.85,0.8,2733.67
Punjab,North,Bamboo Craft,Bamboo,197.79,409.89,9.9,Small,3,829.09,0.89,0.48,915.24
Gujarat,West,Pottery,Terracotta,199.12,219.28,5.6,Medium,2,611.53,0.78,0.92,698.84
Karnataka,South,Bamboo Craft,Bamboo,576.59,138.66,4.2,Large,5,1090.95,0.69,0.53,1148.68
Maharashtra,West,Metal Craft,Brass,679.86,681.36,12.6,Large,2,2125.73,0.82,0.81,2288.66
Gujarat,West,Wooden Toy,Wood,661.57,1184.64,25.0,Large,3,2906.2,0.85,0.59,3007.24
Madhya Pradesh,Central,Stone Carving,Soapstone,632.03,880.21,15.7,Medium,1,1479.7,0.79,0.43,1635.39
Tamil Nadu,South,Painting,Paper,188.72,182.72,3.9,Small,2,474.86,0.59,0.76,514.22
Kerala,South,Stone Carving,Soapstone,836.88,303.11,7.6,Large,4,1644.54,0.61,0.97,1755.21
West Bengal,East,Handloom Textile,Silk,668.92,790.25,13.5,Large,1,1763.38,0.93,0.66,1856.25
Maharashtra,West,Metal Craft,Bronze,469.61,570.86,14.0,Medium,1,1226.44,0.45,0.94,1312.9
Telangana,South,Stone Carving,Marble,98.66,485.21,8.9,Medium,5,859.74,0.57,0.72,898.04
Uttar Pradesh,North,Pottery,Terracotta,599.48,661.87,11.6,Medium,4,2082.07,0.93,0.96,2229.82
Odisha,East,Handloom Textile,Silk,904.57,187.19,6.0,Large,2,1205.62,0.34,0.54,1197.28
Maharashtra,West,Metal Craft,Copper,141.47,648.96,15.0,Large,1,992.54,0.83,0.5,1039.75
Assam,Northeast,Handloom Textile,Wool,375.14,803.45,18.2,Large,3,1338.34,0.54,0.56,1456.95
Gujarat,West,Metal Craft,Brass,315.72,1229.91,24.0,Large,2,2001.97,0.3,1.0,2110.61
Karnataka,South,Handloom Textile,Silk,191.86,266.95,7.1,Small,4,671.91,0.32,0.89,665.99
Karnataka,South,Jewelry,Silver,325.47,325.23,9.2,Small,3,943.26,0.6,0.6,1025.04
West Bengal,East,Jewelry,Silver,199.61,914.35,17.3,Large,3,1495.98,0.85,0.4,1662.4
Punjab,North,Wooden Toy,Bamboo,387.56,736.18,13.6,Large,2,1238.31,0.36,0.9,1213.77
West Bengal,East,Metal Craft,Brass,131.96,65.54,2.0,Small,4,299.96,0.78,0.45,319.65
West Bengal,East,Stone Carving,Marble,506.48,705.81,13.9,Large,2,1521.02,0.62,0.39,1561.05
Karnataka,South,Jewelry,Silver,121.44,538.68,10.9,Medium,2,849.56,0.49,0.86,908.97
Maharashtra,West,Wooden Toy,Wood,197.29,443.42,11.6,Small,3,997.28,0.7,0.52,1003.39
Kerala,South,Metal Craft,Bronze,105.7,684.15,15.9,Medium,4,1190.85,0.54,0.73,1210.44
Kerala,South,Jewelry,Silver,275.76,1321.01,27.7,Large,2,2046.02,0.57,0.86,2119.78
Rajasthan,West,Pottery,Terracotta,195.77,479.85,8.6,Medium,5,1109.4,0.34,0.45,1060.53
Madhya Pradesh,Central,Pottery,Clay,270.37,158.98,3.3,Small,1,441.37,0.57,0.37,461.29
Assam,Northeast,Wooden Toy,Wood,288.1,360.05,8.0,Small,3,808.4,0.66,0.74,879.16
Kerala,South,Pottery,Terracotta,408.69,156.17,4.3,Medium,1,682.28,0.48,0.94,725.88
West Bengal,East,Painting,Paper,138.22,125.32,2.2,Small,4,405.05,0.92,0.38,434.59
Uttar Pradesh,North,Metal Craft,Brass,261.42,707.08,14.6,Medium,1,1133.96,0.85,0.35,1185.21
Rajasthan,West,Bamboo Craft,Cane,165.41,250.19,6.5,Small,5,716.97,0.61,0.56,758.94
Telangana,South,Wooden Toy,Wood,278.77,131.22,3.3,Small,2,463.06,0.31,0.38,435.39
Kerala,South,Stone Carving,Marble,626.21,951.1,28.8,Large,5,2751.28,0.87,0.38,2993.29
Andhra Pradesh,South,Painting,Paper,585.52,142.07,3.6,Medium,1,871.98,0.36,0.59,907.94
Rajasthan,West,Jewelry,Beads,303.02,389.88,6.9,Small,5,1217.64,0.61,0.4,1228.76
Punjab,North,Jewelry,Silver,68.77,115.85,2.4,Small,2,243.76,0.72,0.48,265.25
Odisha,East,Painting,Paper,893.22,950.21,17.8,Large,1,2036.43,0.83,0.48,2182.11
Madhya Pradesh,Central,Handloom Textile,Wool,90.66,300.67,6.8,Medium,5,491.51,0.38,0.39,502.53
Punjab,North,Painting,Cloth,546.9,495.52,11.2,Medium,3,1268.27,0.57,0.44,1348.27
Andhra Pradesh,South,Wooden Toy,Wood,340.4,792.4,15.5,Medium,2,1377.14,0.44,0.66,1405.2
Karnataka,South,Stone Carving,Marble,575.76,1539.15,28.3,Large,3,2970.45,0.93,0.32,3052.07
Uttar Pradesh,North,Stone Carving,Soapstone,341.11,694.59,14.1,Large,1,1290.56,0.65,0.93,1348.59
Rajasthan,West,Painting,Canvas,348.52,274.68,6.3,Small,1,891.93,0.85,0.37,969.68
Odisha,East,Pottery,Clay,570.15,869.82,19.1,Medium,4,1740.19,0.37,0.42,1663.79
West Bengal,East,Stone Carving,Marble,804.89,604.62,10.2,Large,1,1591.31,0.79,0.42,1685.14
Punjab,North,Stone Carving,Marble,355.81,340.29,11.0,Medium,5,1154.71,0.78,0.64,1289.31
Assam,Northeast,Jewelry,Beads,130.69,76.65,1.5,Small,1,223.24,0.98,0.61,238.34
Karnataka,South,Metal Craft,Bronze,150.61,196.49,4.6,Small,3,457.9,0.76,0.49,480.64
Assam,Northeast,Jewelry,Silver,559.15,613.01,10.4,Medium,3,1324.8,0.65,0.49,1416.32
Assam,Northeast,Jewelry,Silver,570.56,963.56,18.3,Large,3,2032.97,0.81,0.33,2158.58
Tamil Nadu,South,Painting,Cloth,449.04,803.0,16.6,Large,3,1582.11,0.4,0.59,1583.01
Gujarat,West,Wooden Toy,Wood,131.15,153.36,4.4,Medium,3,384.31,0.56,0.93,407.44
Kerala,South,Pottery,Clay,381.75,730.89,23.2,Large,5,1827.95,0.44,0.45,1863.41
Odisha,East,Pottery,Terracotta,98.64,140.14,4.0,Small,1,242.04,0.39,0.86,254.56
Telangana,South,Stone Carving,Soapstone,165.94,267.86,7.1,Small,2,509.12,0.52,0.76,541.02
Odisha,East,Handloom Textile,Wool,348.28,130.92,2.3,Small,2,531.33,0.36,0.54,538.29
Karnataka,South,Metal Craft,Copper,200.97,1391.07,23.5,Large,5,2409.88,0.43,0.93,2646.55
Assam,Northeast,Pottery,Terracotta,267.91,740.79,23.3,Large,3,1268.21,0.92,0.77,1364.76
Tamil Nadu,South,Jewelry,Silver,537.26,497.91,12.2,Medium,4,1485.62,0.61,0.88,1524.7
Tamil Nadu,South,Stone Carving,Soapstone,885.48,509.69,12.6,Large,1,1501.98,0.44,0.93,1601.3
Kerala,South,Pottery,Clay,859.84,181.05,3.3,Large,1,1205.91,0.59,0.76,1305.63
Tamil Nadu,South,Painting,Canvas,222.41,116.87,2.0,Medium,3,403.71,0.31,0.88,409.44
Gujarat,West,Pottery,Terracotta,337.87,184.71,3.3,Small,5,899.41,0.65,0.56,931.04
West Bengal,East,Handloom Textile,Cotton,274.48,569.78,14.5,Medium,2,993.22,0.44,0.87,1038.48
Kerala,South,Pottery,Clay,374.93,629.37,13.9,Medium,2,1201.46,0.59,1.0,1310.96
Madhya Pradesh,Central,Bamboo Craft,Bamboo,864.12,1156.77,20.5,Large,5,2856.28,0.54,0.49,2909.46
Andhra Pradesh,South,Jewelry,Silver,716.13,331.85,6.3,Large,5,1681.98,0.68,0.49,1806.55
Telangana,South,Handloom Textile,Silk,129.98,887.96,19.2,Large,2,1207.52,0.45,0.83,1230.66
Karnataka,South,Jewelry,Silver,515.82,1174.67,20.3,Large,4,2162.87,0.4,0.58,2258.64
Andhra Pradesh,South,Metal Craft,Copper,206.71,349.06,8.8,Small,4,961.6,0.89,0.67,1009.69
Odisha,East,Jewelry,Terracotta,368.0,724.87,15.1,Medium,3,1211.1,0.32,0.98,1220.49
Andhra Pradesh,South,Pottery,Terracotta,351.97,588.17,11.1,Medium,5,1479.22,0.58,0.61,1530.35
Maharashtra,West,Wooden Toy,Wood,592.15,724.58,16.6,Medium,5,1845.2,0.3,0.93,1845.67
Andhra Pradesh,South,Metal Craft,Bronze,103.33,162.26,3.0,Small,5,408.18,0.71,0.97,447.1
Kerala,South,Pottery,Clay,392.1,523.77,10.1,Small,1,1008.86,0.43,0.84,1054.5
Andhra Pradesh,South,Handloom Textile,Wool,263.21,398.83,7.7,Small,1,816.64,0.76,0.35,874.39
Uttar Pradesh,North,Jewelry,Silver,153.6,148.44,4.4,Small,3,380.01,0.59,0.99,411.63
Tamil Nadu,South,Wooden Toy,Wood,744.32,159.64,2.8,Large,1,973.64,0.57,0.91,1001.93
Assam,Northeast,Wooden Toy,Bamboo,162.89,266.08,4.8,Small,3,434.15,0.31,0.75,456.26
Andhra Pradesh,South,Painting,Canvas,322.5,236.47,6.5,Small,1,650.62,0.74,0.41,695.24
Assam,Northeast,Stone Carving,Soapstone,635.09,826.82,17.3,Medium,4,1908.3,0.68,1.0,2071.26
Uttar Pradesh,North,Metal Craft,Copper,884.03,283.16,8.6,Large,2,1449.19,0.74,0.37,1510.4
Assam,Northeast,Bamboo Craft,Bamboo,386.62,699.62,19.1,Medium,3,1297.77,0.56,0.39,1362.88
Andhra Pradesh,South,Handloom Textile,Silk,349.96,286.9,5.9,Medium,3,883.03,0.68,0.42,917.17
Gujarat,West,Wooden Toy,Bamboo,393.92,535.92,10.3,Small,4,1686.44,0.92,0.81,1793.05
Maharashtra,West,Bamboo Craft,Bamboo,209.62,436.99,9.2,Small,4,917.17,0.42,0.54,907.93
West Bengal,East,Metal Craft,Brass,272.16,595.41,10.7,Medium,1,1064.21,0.82,0.88,1167.33
Telangana,South,Bamboo Craft,Cane,273.77,150.58,2.6,Medium,2,496.01,0.35,0.82,534.24
Gujarat,West,Wooden Toy,Bamboo,472.47,923.51,24.0,Large,1,1858.86,0.51,0.72,1945.44
Odisha,East,Painting,Cloth,604.33,829.69,15.4,Medium,2,1574.91,0.61,0.57,1732.26
Maharashtra,West,Handloom Textile,Wool,617.26,571.65,14.7,Medium,4,1626.22,0.47,0.99,1788.0
Gujarat,West,Metal Craft,Brass,279.06,494.63,9.0,Medium,2,1056.58,0.36,0.55,1087.23
Maharashtra,West,Bamboo Craft,Bamboo,314.23,295.9,9.3,Small,4,879.14,0.44,0.64,894.38
Gujarat,West,Handloom Textile,Wool,776.42,139.48,2.8,Large,2,1111.31,0.3,0.34,1130.69
Tamil Nadu,South,Metal Craft,Bronze,161.2,574.05,11.4,Medium,5,1197.71,0.46,0.66,1237.53
Telangana,South,Pottery,Terracotta,252.15,907.55,19.0,Large,5,1571.07,0.32,0.36,1488.84
Punjab,North,Metal Craft,Bronze,225.3,395.05,9.6,Medium,1,820.89,0.92,0.73,913.52
Tamil Nadu,South,Pottery,Clay,130.33,535.68,9.8,Medium,3,850.46,0.44,0.36,844.02
Punjab,North,Handloom Textile,Wool,377.26,225.15,6.0,Large,5,970.73,0.78,0.57,1046.66
Odisha,East,Bamboo Craft,Cane,581.2,410.82,9.0,Large,1,999.22,0.32,0.6,970.24
Kerala,South,Wooden Toy,Bamboo,335.51,263.36,8.2,Large,5,899.81,0.54,0.99,960.13
Gujarat,West,Stone Carving,Marble,445.73,760.46,13.0,Medium,2,1911.82,0.9,0.86,2075.27
Kerala,South,Pottery,Terracotta,638.33,1257.08,25.8,Large,4,3058.16,0.98,0.37,3495.71
Telangana,South,Metal Craft,Bronze,182.85,281.3,9.1,Small,4,705.35,0.79,0.95,741.44
Uttar Pradesh,North,Stone Carving,Marble,95.63,893.99,17.3,Medium,4,1378.29,0.37,0.34,1412.94
Odisha,East,Handloom Textile,Cotton,147.49,368.47,6.9,Medium,1,564.61,0.67,0.97,627.49
Assam,Northeast,Stone Carving,Soapstone,365.48,763.67,18.2,Medium,2,1276.58,0.46,0.53,1303.48
West Bengal,East,Stone Carving,Soapstone,173.99,237.98,7.0,Small,4,514.56,0.3,0.5,523.22
West Bengal,East,Wooden Toy,Wood,339.31,474.47,11.2,Small,5,1124.45,0.82,0.35,1145.34
Kerala,South,Handloom Textile,Silk,207.0,127.41,3.3,Small,2,452.85,0.75,0.55,478.96
Maharashtra,West,Jewelry,Terracotta,261.93,163.18,4.4,Large,1,519.7,0.34,0.73,520.37
Tamil Nadu,South,Painting,Paper,185.49,366.78,10.0,Small,2,685.36,0.38,0.65,705.59
Madhya Pradesh,Central,Handloom Textile,Cotton,479.77,111.4,2.6,Medium,1,622.85,0.47,0.83,637.02
Karnataka,South,Metal Craft,Brass,199.98,301.39,9.1,Large,4,791.35,0.53,0.68,817.59
Tamil Nadu,South,Metal Craft,Bronze,304.83,239.3,6.8,Large,4,701.45,0.43,0.83,769.2
Andhra Pradesh,South,Pottery,Terracotta,232.94,285.09,7.0,Small,5,827.07,0.78,0.63,870.04
Tamil Nadu,South,Pottery,Terracotta,897.55,435.23,10.1,Large,5,1942.1,0.55,0.36,1917.04
Madhya Pradesh,Central,Handloom Textile,Cotton,468.44,470.44,8.8,Medium,3,1187.35,0.8,0.43,1297.65
West Bengal,East,Bamboo Craft,Bamboo,434.5,636.7,12.2,Medium,2,1106.24,0.34,0.81,1142.88
Punjab,North,Jewelry,Beads,134.81,453.05,10.2,Small,1,746.7,0.75,0.86,837.28
West Bengal,East,Handloom Textile,Wool,163.31,806.05,16.6,Medium,1,1030.24,0.73,0.94,1099.28
Gujarat,West,Stone Carving,Soapstone,367.39,642.57,14.8,Medium,5,1763.96,0.74,0.62,1956.53
Madhya Pradesh,Central,Bamboo Craft,Bamboo,271.6,1115.35,20.8,Large,1,1287.93,0.61,0.53,1388.02
Uttar Pradesh,North,Wooden Toy,Bamboo,164.78,196.39,4.9,Small,2,471.7,0.65,0.79,500.01
Assam,Northeast,Bamboo Craft,Bamboo,677.01,832.62,21.4,Large,1,1490.95,0.37,0.93,1574.61
Madhya Pradesh,Central,Bamboo Craft,Bamboo,70.62,469.82,10.0,Small,2,699.73,0.89,0.98,818.46
Kerala,South,Metal Craft,Copper,53.83,345.1,10.7,Small,4,651.47,0.9,0.5,672.73
Andhra Pradesh,South,Bamboo Craft,Bamboo,319.91,93.11,2.2,Small,2,517.24,0.87,0.79,566.62
Rajasthan,West,Metal Craft,Bronze,103.48,797.42,13.5,Medium,2,1232.67,0.76,0.46,1375.5
Madhya Pradesh,Central,Pottery,Clay,205.47,483.16,11.5,Medium,4,901.41,0.84,0.91,1020.18
Karnataka,South,Bamboo Craft,Cane,242.17,156.45,4.1,Small,5,678.36,0.68,0.41,676.16
Kerala,South,Jewelry,Silver,83.1,161.01,4.8,Small,2,329.9,0.63,0.58,363.81
Andhra Pradesh,South,Pottery,Clay,501.99,278.72,4.8,Medium,1,908.07,0.57,0.63,927.95
Gujarat,West,Handloom Textile,Wool,363.27,222.58,4.7,Small,3,859.78,0.47,0.86,882.85
Madhya Pradesh,Central,Stone Carving,Soapstone,288.54,407.82,8.7,Small,5,892.19,0.72,0.7,977.33
West Bengal,East,Handloom Textile,Silk,343.07,518.94,9.3,Medium,2,858.23,0.32,0.48,811.95
Odisha,East,Painting,Cloth,234.38,724.03,19.0,Medium,3,1275.19,0.76,0.38,1414.94
Odisha,East,Handloom Textile,Wool,152.14,617.25,10.3,Small,2,953.02,0.71,0.52,1046.58
Gujarat,West,Metal Craft,Copper,263.93,565.93,14.3,Large,4,1229.33,0.5,0.9,1277.93
Tamil Nadu,South,Pottery,Clay,261.23,125.45,3.4,Small,2,485.8,0.66,0.59,488.98
Madhya Pradesh,Central,Pottery,Terracotta,371.63,888.66,16.0,Medium,5,1742.44,0.46,0.72,1788.83
Madhya Pradesh,Central,Bamboo Craft,Bamboo,902.99,949.59,26.2,Large,2,1859.66,0.48,0.43,1972.51
West Bengal,East,Handloom Textile,Cotton,375.9,76.49,1.6,Small,1,512.07,0.69,0.57,568.92
West Bengal,East,Pottery,Clay,263.01,173.61,5.6,Large,5,604.2,0.55,0.54,626.17
Tamil Nadu,South,Stone Carving,Marble,504.38,339.31,8.5,Medium,3,1192.02,0.88,0.89,1305.27
Rajasthan,West,Bamboo Craft,Bamboo,338.79,75.57,1.9,Small,4,603.52,0.61,0.43,620.25
Maharashtra,West,Handloom Textile,Cotton,314.08,605.65,10.2,Small,1,1119.79,0.35,0.45,1122.34
West Bengal,East,Bamboo Craft,Cane,164.69,126.77,3.3,Small,4,423.78,0.6,0.42,419.62
Madhya Pradesh,Central,Pottery,Terracotta,631.92,700.19,16.4,Medium,2,1472.96,0.82,0.77,1588.51
Uttar Pradesh,North,Metal Craft,Copper,229.59,370.29,8.0,Small,1,685.71,0.63,0.61,717.77
Punjab,North,Wooden Toy,Wood,574.72,1263.81,25.8,Large,1,2266.62,0.81,0.72,2494.91
Assam,Northeast,Wooden Toy,Wood,95.05,595.36,19.2,Medium,2,698.67,0.58,0.37,739.79
Punjab,North,Pottery,Clay,477.78,901.13,23.6,Large,2,1668.6,0.48,0.48,1760.01
Maharashtra,West,Pottery,Terracotta,499.9,734.17,12.4,Large,3,1647.33,0.38,0.64,1604.38
Karnataka,South,Wooden Toy,Wood,230.19,118.25,2.1,Medium,3,500.7,0.73,0.87,552.48
Gujarat,West,Pottery,Terracotta,472.48,576.44,17.6,Medium,3,1618.19,0.53,0.8,1794.13
Kerala,South,Pottery,Clay,656.01,251.82,7.5,Large,5,1478.31,0.96,0.6,1708.81
West Bengal,East,Painting,Cloth,138.53,702.11,14.4,Medium,5,1041.33,0.36,0.54,1060.05
Punjab,North,Pottery,Clay,216.99,59.27,1.0,Small,3,338.45,0.54,0.48,335.68
West Bengal,East,Wooden Toy,Bamboo,639.52,286.72,6.8,Medium,4,1310.26,0.91,0.75,1516.28
Karnataka,South,Jewelry,Beads,312.4,172.59,3.5,Small,1,661.82,0.95,0.65,769.9
Odisha,East,Wooden Toy,Wood,699.95,190.42,5.1,Large,3,1249.96,0.72,0.49,1309.0
Andhra Pradesh,South,Jewelry,Beads,504.07,955.7,20.9,Large,3,2036.18,0.57,0.35,2165.89
Tamil Nadu,South,Stone Carving,Soapstone,696.04,422.9,12.5,Large,2,1513.91,0.87,0.96,1739.82
Gujarat,West,Jewelry,Terracotta,193.77,358.11,6.5,Small,2,656.2,0.36,0.67,655.96
Gujarat,West,Bamboo Craft,Cane,661.32,148.23,3.1,Large,2,987.94,0.5,0.77,1060.69
Rajasthan,West,Stone Carving,Marble,441.56,1072.2,18.7,Medium,3,2192.56,0.5,0.32,2239.47
Assam,Northeast,Bamboo Craft,Cane,143.04,266.23,5.6,Large,1,426.8,0.94,0.93,476.41
West Bengal,East,Wooden Toy,Bamboo,65.12,326.07,6.2,Small,4,515.84,0.85,0.65,556.0
Andhra Pradesh,South,Handloom Textile,Silk,902.97,336.54,8.5,Large,5,2229.53,0.82,0.81,2424.89
West Bengal,East,Painting,Paper,368.18,566.76,9.8,Medium,1,999.28,0.84,0.88,1143.97
Punjab,North,Bamboo Craft,Bamboo,201.54,41.34,1.3,Small,1,308.66,0.77,0.56,339.09
Telangana,South,Wooden Toy,Wood,92.14,490.06,13.7,Medium,3,861.23,0.6,0.74,908.9
Assam,Northeast,Pottery,Clay,532.75,653.52,15.4,Medium,3,1296.76,0.65,0.79,1448.94
Assam,Northeast,Bamboo Craft,Cane,511.1,356.61,6.0,Medium,2,880.8,0.43,0.94,950.9
West Bengal,East,Handloom Textile,Silk,503.36,755.88,21.8,Large,2,1519.12,0.49,0.37,1504.96
West Bengal,East,Pottery,Terracotta,468.91,912.68,16.0,Medium,2,1417.99,0.37,0.93,1511.6
Kerala,South,Pottery,Clay,732.23,95.21,2.6,Large,4,1333.75,0.64,0.59,1384.69
Odisha,East,Metal Craft,Bronze,377.94,359.48,6.1,Small,5,1028.98,0.82,0.88,1149.46
Odisha,East,Metal Craft,Copper,159.91,331.21,6.8,Medium,2,608.31,0.81,0.33,648.15
Karnataka,South,Handloom Textile,Silk,186.22,802.08,15.6,Large,2,1196.29,0.34,0.83,1272.29
Rajasthan,West,Jewelry,Silver,126.32,334.94,10.2,Small,3,711.27,0.58,0.44,750.41
Punjab,North,Metal Craft,Brass,94.2,69.73,1.8,Medium,1,181.05,0.4,0.74,195.14
Assam,Northeast,Jewelry,Beads,919.71,597.37,19.8,Large,4,1892.97,0.55,0.66,2001.83
Kerala,South,Stone Carving,Soapstone,617.91,572.2,17.2,Medium,1,1458.63,0.49,0.88,1501.15
Kerala,South,Jewelry,Silver,733.69,888.53,20.1,Large,3,2213.58,0.44,0.92,2241.49
Rajasthan,West,Bamboo Craft,Cane,296.68,520.78,9.2,Small,1,915.34,0.46,0.99,979.62
Uttar Pradesh,North,Pottery,Terracotta,448.02,398.26,9.0,Medium,3,1211.49,0.92,0.75,1292.71
Gujarat,West,Metal Craft,Copper,126.16,334.51,5.7,Large,5,735.62,0.83,0.98,837.61
Assam,Northeast,Wooden Toy,Wood,157.21,952.86,23.0,Large,1,1016.14,0.37,0.7,1055.34
Rajasthan,West,Handloom Textile,Wool,672.87,1255.25,21.0,Large,5,3330.99,0.57,0.63,3515.31
West Bengal,East,Bamboo Craft,Cane,100.86,517.34,16.4,Medium,2,628.37,0.42,0.37,597.68
Maharashtra,West,Wooden Toy,Bamboo,69.26,221.75,5.9,Small,3,375.84,0.39,0.76,366.79
Uttar Pradesh,North,Wooden Toy,Bamboo,196.45,174.06,4.4,Small,2,465.13,0.61,0.77,518.33
Andhra Pradesh,South,Handloom Textile,Silk,231.2,225.7,6.2,Small,5,762.71,0.83,0.4,807.04
Telangana,South,Stone Carving,Marble,448.65,1039.48,17.8,Medium,2,1925.9,0.42,0.48,1951.06
Punjab,North,Bamboo Craft,Bamboo,208.56,422.91,8.8,Small,1,786.54,0.98,0.71,882.81
Madhya Pradesh,Central,Painting,Paper,532.78,612.7,12.4,Medium,1,1263.01,0.98,0.73,1442.35
West Bengal,East,Wooden Toy,Wood,280.81,52.82,1.2,Small,5,530.24,0.82,0.65,573.38
Tamil Nadu,South,Handloom Textile,Silk,394.16,137.61,4.2,Small,2,664.18,0.6,0.68,681.56
Gujarat,West,Stone Carving,Marble,285.22,249.6,5.1,Small,4,863.68,0.85,0.83,963.32
Assam,Northeast,Wooden Toy,Wood,207.38,597.45,10.6,Small,5,998.68,0.54,0.36,1003.72
Punjab,North,Painting,Cloth,395.98,527.22,13.2,Medium,1,1128.09,0.77,0.96,1201.69
Maharashtra,West,Jewelry,Terracotta,606.92,937.22,16.7,Large,5,2554.33,0.55,0.6,2665.9
Karnataka,South,Wooden Toy,Wood,301.66,65.67,1.4,Small,1,424.55,0.39,0.52,412.91
Punjab,North,Wooden Toy,Wood,252.95,693.34,14.0,Medium,4,1158.48,0.36,0.7,1149.71
Tamil Nadu,South,Bamboo Craft,Bamboo,210.72,131.58,2.2,Small,4,510.29,0.42,0.85,559.43
Rajasthan,West,Painting,Paper,480.07,1497.52,25.5,Large,4,2662.4,0.42,0.64,2761.73
Telangana,South,Metal Craft,Bronze,253.49,172.6,3.2,Small,4,529.46,0.33,0.86,553.25
Karnataka,South,Handloom Textile,Silk,124.11,309.94,6.0,Medium,5,715.72,0.5,0.66,707.09
Punjab,North,Stone Carving,Marble,333.88,57.47,1.7,Small,1,391.29,0.38,1.0,427.05
Telangana,South,Pottery,Clay,952.38,611.64,12.5,Large,5,2459.57,0.85,0.57,2649.31
Telangana,South,Pottery,Terracotta,320.16,354.4,9.6,Small,2,752.5,0.42,0.94,808.75
Gujarat,West,Painting,Cloth,66.25,583.06,10.2,Small,5,1038.57,0.51,0.35,1030.56
Kerala,South,Jewelry,Silver,196.0,301.25,8.3,Small,2,647.83,0.55,0.85,674.92
Andhra Pradesh,South,Bamboo Craft,Bamboo,282.51,449.08,9.4,Small,4,1101.22,0.47,0.3,1143.98
Telangana,South,Stone Carving,Soapstone,470.66,137.91,2.9,Medium,1,734.16,0.87,0.57,806.24
Tamil Nadu,South,Metal Craft,Brass,814.1,177.26,3.7,Large,3,1467.09,0.75,0.72,1610.0
Kerala,South,Jewelry,Terracotta,95.64,174.85,3.6,Small,3,354.33,0.31,0.74,349.55
Uttar Pradesh,North,Wooden Toy,Bamboo,259.35,260.96,6.9,Small,4,725.42,0.62,0.94,794.5
Gujarat,West,Jewelry,Beads,149.69,145.98,4.5,Large,1,373.0,0.84,0.55,414.14
West Bengal,East,Pottery,Clay,262.77,382.06,8.9,Large,2,712.94,0.53,0.71,737.81
Gujarat,West,Wooden Toy,Wood,352.01,586.7,10.7,Small,1,1307.2,0.91,0.7,1453.91
West Bengal,East,Handloom Textile,Silk,519.93,376.66,11.3,Medium,4,1366.09,0.87,0.83,1466.58
Odisha,East,Pottery,Clay,232.11,307.65,6.8,Medium,2,555.57,0.39,0.57,548.98
Uttar Pradesh,North,Painting,Canvas,475.58,509.41,16.6,Medium,2,1141.9,0.7,0.33,1215.34
Tamil Nadu,South,Bamboo Craft,Bamboo,491.94,703.21,15.9,Medium,3,1703.06,0.9,0.42,1766.42
Rajasthan,West,Wooden Toy,Bamboo,789.93,291.19,8.4,Large,5,1689.05,0.74,0.35,1697.29
Kerala,South,Jewelry,Terracotta,50.08,407.74,8.7,Small,4,686.16,0.45,0.46,695.94
Uttar Pradesh,North,Painting,Cloth,706.76,534.69,14.4,Large,2,1562.77,0.98,0.7,1727.06
Odisha,East,Handloom Textile,Wool,264.43,313.22,5.4,Medium,3,763.9,0.92,0.44,851.65
Madhya Pradesh,Central,Wooden Toy,Wood,122.98,382.45,7.5,Small,3,649.58,0.76,0.79,743.14
West Bengal,East,Wooden Toy,Bamboo,171.27,328.0,10.7,Small,3,624.06,0.5,0.33,603.93
Telangana,South,Handloom Textile,Silk,830.39,601.86,19.5,Large,5,2449.09,0.8,0.9,2570.83
Madhya Pradesh,Central,Bamboo Craft,Cane,350.27,376.32,9.1,Small,2,840.22,0.53,0.64,851.51
Andhra Pradesh,South,Stone Carving,Marble,85.34,323.28,10.5,Small,1,533.33,0.94,0.51,560.2
Uttar Pradesh,North,Stone Carving,Soapstone,877.89,1281.49,22.2,Large,1,2477.27,0.78,0.43,2627.32
Odisha,East,Wooden Toy,Bamboo,630.1,1116.85,26.9,Large,5,2442.16,0.79,0.97,2815.82
Madhya Pradesh,Central,Pottery,Terracotta,315.6,562.69,14.5,Medium,5,1264.4,0.53,0.32,1326.26
Kerala,South,Wooden Toy,Bamboo,132.59,924.49,19.2,Medium,5,1761.99,0.9,0.35,1925.87
Punjab,North,Bamboo Craft,Cane,209.4,662.19,15.3,Large,5,1361.55,0.45,0.51,1354.79
Odisha,East,Jewelry,Terracotta,299.28,832.14,16.6,Large,4,1458.46,0.81,0.83,1587.43
Assam,Northeast,Metal Craft,Bronze,770.12,1264.14,26.3,Large,5,2336.41,0.34,0.58,2415.05
Punjab,North,Painting,Canvas,173.34,310.31,7.3,Large,3,635.29,0.62,0.58,682.4
Kerala,South,Stone Carving,Soapstone,430.19,660.81,16.9,Large,5,1687.87,0.55,0.73,1817.6
Andhra Pradesh,South,Bamboo Craft,Cane,590.85,1021.93,23.6,Large,1,1838.58,0.64,0.77,1941.62
Telangana,South,Wooden Toy,Bamboo,644.87,137.95,3.2,Large,5,1362.69,0.72,0.98,1463.0
Punjab,North,Handloom Textile,Cotton,227.52,59.56,1.6,Small,1,331.22,0.84,0.39,370.53
Kerala,South,Handloom Textile,Silk,338.35,536.99,9.6,Small,4,1375.72,0.82,0.38,1454.85
Gujarat,West,Wooden Toy,Bamboo,381.37,1071.75,24.4,Large,1,1594.78,0.34,0.49,1660.43
West Bengal,East,Painting,Canvas,442.57,519.79,11.5,Medium,1,1094.05,0.76,0.83,1252.15
Maharashtra,West,Jewelry,Silver,940.54,1437.35,28.7,Large,4,4312.07,0.95,0.58,4956.92
Kerala,South,Handloom Textile,Silk,879.48,1025.41,24.3,Large,2,2438.45,0.41,0.53,2400.74
West Bengal,East,Handloom Textile,Silk,521.75,832.4,17.3,Large,5,2233.73,0.96,0.76,2520.42
Rajasthan,West,Handloom Textile,Wool,341.75,141.56,3.9,Small,5,901.7,0.95,0.79,1005.98
Punjab,North,Wooden Toy,Bamboo,181.84,238.68,7.1,Small,3,560.3,0.62,0.62,598.79
Gujarat,West,Pottery,Clay,924.15,1107.63,19.6,Large,5,3148.13,0.69,0.74,3249.39
Odisha,East,Jewelry,Beads,252.88,291.41,5.4,Small,5,862.38,0.68,0.92,902.83
Punjab,North,Bamboo Craft,Cane,451.66,783.29,20.0,Large,3,1718.97,0.49,0.87,1864.6
West Bengal,East,Bamboo Craft,Cane,559.89,651.27,14.1,Large,3,1435.99,0.62,0.65,1582.07
Tamil Nadu,South,Jewelry,Terracotta,502.54,795.57,13.6,Medium,3,1851.45,0.5,0.36,1976.85
Gujarat,West,Pottery,Clay,252.45,85.46,1.6,Small,5,495.81,0.35,0.68,526.37
Maharashtra,West,Jewelry,Silver,499.12,1017.18,26.1,Large,2,1910.48,0.57,0.96,2068.91
Punjab,North,Handloom Textile,Wool,297.57,514.96,15.2,Medium,5,1198.04,0.61,0.79,1216.7
Rajasthan,West,Pottery,Terracotta,296.79,197.21,6.5,Small,3,685.75,0.73,0.94,760.06
Gujarat,West,Bamboo Craft,Bamboo,732.08,131.92,4.3,Large,3,1175.9,0.62,0.85,1306.92
Assam,Northeast,Metal Craft,Bronze,279.8,213.73,4.7,Small,1,556.82,0.98,0.45,617.53
Assam,Northeast,Bamboo Craft,Cane,98.31,45.61,1.5,Small,1,152.36,0.53,0.35,163.26
Karnataka,South,Jewelry,Terracotta,114.33,283.1,9.2,Medium,4,541.37,0.39,0.53,572.88
Tamil Nadu,South,Wooden Toy,Wood,301.67,384.89,10.3,Medium,5,910.35,0.3,0.93,982.9
Andhra Pradesh,South,Pottery,Clay,229.91,1103.67,18.4,Large,2,1706.16,0.4,0.6,1649.19
Assam,Northeast,Stone Carving,Marble,291.42,70.48,1.9,Small,1,328.57,0.41,0.94,326.97
Gujarat,West,Wooden Toy,Bamboo,255.67,202.42,4.8,Small,3,634.38,0.38,0.82,645.34
Uttar Pradesh,North,Pottery,Terracotta,110.05,400.18,7.5,Small,4,663.35,0.52,0.32,685.31
Gujarat,West,Bamboo Craft,Bamboo,950.84,109.72,2.8,Large,4,1494.7,0.34,0.52,1565.33
Uttar Pradesh,North,Jewelry,Terracotta,78.2,397.73,9.5,Small,1,529.27,0.87,0.66,607.71
Madhya Pradesh,Central,Stone Carving,Marble,189.5,1025.21,18.2,Large,3,1425.13,0.36,0.69,1527.59
Telangana,South,Wooden Toy,Bamboo,485.62,331.42,6.5,Medium,4,1355.7,0.79,0.79,1417.98
Odisha,East,Metal Craft,Copper,87.95,468.93,8.0,Small,1,655.4,0.63,0.97,741.36
Madhya Pradesh,Central,Painting,Canvas,884.27,1424.97,26.1,Large,4,2861.17,0.79,0.32,2897.81
Punjab,North,Jewelry,Terracotta,58.24,132.46,2.3,Small,5,314.8,0.76,0.52,335.37
Kerala,South,Stone Carving,Marble,239.39,1036.12,25.8,Large,1,1598.93,0.79,0.5,1768.24
Madhya Pradesh,Central,Painting,Paper,251.69,905.4,28.2,Large,4,1619.55,0.67,0.94,1711.63
Gujarat,West,Wooden Toy,Wood,240.95,672.07,21.5,Large,5,1537.5,0.64,0.86,1599.95
Tamil Nadu,South,Metal Craft,Brass,352.74,863.59,17.8,Medium,5,1903.2,0.81,0.54,1994.32
Uttar Pradesh,North,Metal Craft,Brass,236.61,189.66,4.1,Small,2,515.87,0.8,0.81,581.48
Andhra Pradesh,South,Painting,Canvas,285.44,34.94,1.1,Small,2,400.23,0.75,0.57,407.08
Rajasthan,West,Stone Carving,Marble,105.79,596.01,11.5,Small,3,1058.73,0.67,0.96,1181.76
Gujarat,West,Pottery,Terracotta,357.43,614.05,17.9,Large,1,1140.05,0.58,0.32,1112.37
Maharashtra,West,Wooden Toy,Wood,185.72,425.78,10.3,Small,1,823.61,0.88,0.76,885.16
Tamil Nadu,South,Bamboo Craft,Bamboo,596.41,131.74,2.6,Medium,1,853.88,0.73,0.61,906.6
Andhra Pradesh,South,Jewelry,Silver,853.13,1426.92,24.5,Large,3,2796.97,0.52,0.57,3029.05
Kerala,South,Painting,Cloth,396.69,749.77,13.1,Large,5,1723.67,0.67,0.7,1840.54
Rajasthan,West,Jewelry,Silver,371.37,267.34,7.1,Small,2,804.51,0.32,0.54,765.42
Maharashtra,West,Pottery,Terracotta,421.48,577.83,10.8,Medium,3,1338.82,0.32,0.85,1353.55
Odisha,East,Wooden Toy,Wood,930.92,305.18,6.6,Large,3,1525.43,0.52,0.67,1519.55
Karnataka,South,Bamboo Craft,Cane,450.24,679.48,12.8,Medium,5,1704.62,0.36,0.51,1645.17
Karnataka,South,Pottery,Terracotta,459.45,104.12,2.6,Medium,3,864.31,0.89,0.84,1001.55
Karnataka,South,Handloom Textile,Silk,298.24,397.92,6.7,Small,3,994.72,0.79,0.72,1129.42
Assam,Northeast,Pottery,Terracotta,245.6,64.62,1.8,Medium,5,416.74,0.38,0.52,426.97
Tamil Nadu,South,Bamboo Craft,Cane,261.94,1046.94,23.2,Large,4,2101.18,0.66,0.55,2171.05
Uttar Pradesh,North,Bamboo Craft,Bamboo,82.95,221.28,4.3,Small,1,333.69,0.76,0.43,359.48
Assam,Northeast,Bamboo Craft,Bamboo,458.77,442.27,8.0,Medium,5,1361.71,0.98,0.44,1410.02
West Bengal,East,Bamboo Craft,Bamboo,718.97,476.11,13.3,Large,2,1369.73,0.83,0.87,1442.35
Telangana,South,Jewelry,Silver,400.63,1016.87,18.9,Large,5,2407.51,0.68,0.71,2584.88
Rajasthan,West,Painting,Paper,633.37,902.62,16.0,Large,5,2258.5,0.46,0.48,2376.16
Maharashtra,West,Handloom Textile,Silk,194.12,285.31,4.8,Small,5,807.15,0.95,0.98,955.59
Andhra Pradesh,South,Pottery,Clay,396.12,112.7,2.7,Large,3,719.63,0.66,0.38,773.72
Gujarat,West,Wooden Toy,Bamboo,182.18,196.81,4.9,Small,5,677.54,0.95,0.33,712.8
Punjab,North,Painting,Paper,362.83,88.92,2.1,Small,4,597.47,0.58,0.92,650.54
Punjab,North,Jewelry,Beads,232.9,1319.02,27.6,Large,1,1773.39,0.74,0.6,1839.7
Maharashtra,West,Painting,Paper,261.4,469.13,11.5,Small,4,1332.62,0.92,0.4,1417.26
Assam,Northeast,Painting,Canvas,292.65,500.01,9.7,Medium,5,1132.16,0.8,0.64,1164.42
Punjab,North,Bamboo Craft,Bamboo,250.41,360.07,7.7,Medium,1,738.92,0.69,0.8,775.01
Gujarat,West,Bamboo Craft,Bamboo,766.96,149.31,2.9,Large,2,1161.5,0.37,0.81,1188.22
Kerala,South,Handloom Textile,Wool,466.77,80.75,2.2,Medium,3,765.81,0.73,0.89,815.69
Uttar Pradesh,North,Bamboo Craft,Bamboo,370.49,536.8,12.6,Medium,3,1181.65,0.91,0.67,1264.43
Karnataka,South,Stone Carving,Soapstone,207.73,318.36,8.7,Small,3,808.31,0.98,0.52,843.67
Gujarat,West,Bamboo Craft,Bamboo,863.31,832.04,23.2,Large,2,2597.75,0.95,0.52,2944.43
Tamil Nadu,South,Bamboo Craft,Cane,742.37,1487.69,26.6,Large,4,3522.41,1.0,0.43,3915.94
Maharashtra,West,Wooden Toy,Bamboo,306.57,222.3,6.9,Small,4,868.03,0.89,0.97,948.33
Odisha,East,Metal Craft,Bronze,56.76,183.59,3.6,Small,2,309.16,0.94,0.37,341.31
Kerala,South,Wooden Toy,Bamboo,146.73,375.64,7.3,Small,5,929.04,0.89,0.62,996.0
Madhya Pradesh,Central,Handloom Textile,Wool,298.96,297.59,7.3,Large,4,718.59,0.33,0.5,729.17
Madhya Pradesh,Central,Metal Craft,Bronze,121.19,315.48,6.7,Medium,2,489.7,0.52,0.59,480.37
Telangana,South,Stone Carving,Marble,352.17,209.74,6.2,Large,1,741.64,0.97,0.56,838.2
Telangana,South,Stone Carving,Soapstone,159.86,483.69,8.8,Large,5,1069.65,0.9,0.56,1199.95
West Bengal,East,Painting,Canvas,367.86,207.49,5.5,Large,4,759.08,0.57,0.34,796.15
Tamil Nadu,South,Stone Carving,Marble,229.81,77.77,1.8,Small,5,467.51,0.8,0.34,487.49
Gujarat,West,Painting,Cloth,189.18,858.67,18.1,Medium,2,1339.75,0.5,0.79,1349.63
West Bengal,East,Bamboo Craft,Bamboo,319.28,612.19,19.4,Large,4,1137.62,0.49,0.45,1182.4
Telangana,South,Jewelry,Silver,813.69,1051.62,21.3,Large,1,2276.83,0.94,0.34,2433.38
Madhya Pradesh,Central,Painting,Cloth,432.86,484.99,13.4,Large,5,1263.04,0.4,0.66,1276.55
Maharashtra,West,Jewelry,Terracotta,65.17,340.85,8.8,Small,5,671.87,0.47,0.53,710.73
Odisha,East,Jewelry,Terracotta,409.31,286.99,7.3,Medium,2,782.95,0.39,0.95,776.19
Assam,Northeast,Bamboo Craft,Cane,676.39,840.31,14.2,Large,5,2288.62,0.87,0.42,2456.37
Andhra Pradesh,South,Painting,Paper,115.47,403.87,8.7,Small,5,772.13,0.32,0.75,755.46
Rajasthan,West,Wooden Toy,Bamboo,413.15,611.53,17.9,Large,2,1382.34,0.9,0.32,1419.3
Uttar Pradesh,North,Handloom Textile,Silk,234.84,328.48,7.8,Small,3,661.19,0.5,0.87,681.33
Karnataka,South,Stone Carving,Soapstone,101.9,73.08,1.8,Medium,5,278.86,0.44,0.49,272.8
Rajasthan,West,Painting,Paper,323.08,334.26,8.4,Small,1,778.86,0.68,0.61,863.24
Uttar Pradesh,North,Pottery,Clay,398.99,935.62,17.1,Medium,5,1738.58,0.36,0.45,1799.33
Kerala,South,Stone Carving,Soapstone,562.97,361.07,10.9,Medium,3,1300.1,0.39,0.87,1305.89
Kerala,South,Jewelry,Beads,129.36,343.16,11.1,Large,4,772.24,0.88,0.64,838.0
Andhra Pradesh,South,Bamboo Craft,Cane,410.23,440.86,8.3,Large,3,1195.41,0.79,0.55,1215.0
Kerala,South,Handloom Textile,Wool,72.24,358.96,7.9,Small,5,678.23,0.6,0.88,718.05
Madhya Pradesh,Central,Metal Craft,Copper,106.44,472.87,10.0,Small,2,587.47,0.36,0.75,621.4
West Bengal,East,Pottery,Terracotta,594.59,633.77,12.2,Medium,2,1390.45,0.34,0.69,1411.66
Telangana,South,Pottery,Terracotta,257.74,391.78,10.9,Small,5,1014.41,0.37,0.78,1081.54
Punjab,North,Stone Carving,Soapstone,274.58,520.4,10.2,Small,3,916.42,0.36,0.83,917.2
Gujarat,West,Bamboo Craft,Bamboo,301.0,281.51,7.1,Medium,5,827.82,0.42,0.51,836.56
Andhra Pradesh,South,Handloom Textile,Silk,765.62,1376.24,25.2,Large,5,3221.43,0.59,0.81,3265.96
Punjab,North,Stone Carving,Marble,286.59,437.8,8.1,Small,5,1199.06,0.73,0.41,1279.52
Tamil Nadu,South,Jewelry,Beads,532.26,591.83,15.2,Medium,1,1148.92,0.35,0.42,1112.28
Uttar Pradesh,North,Painting,Paper,337.34,988.43,17.6,Medium,4,1908.36,0.8,0.32,2054.08
Assam,Northeast,Stone Carving,Marble,228.38,1349.77,23.5,Large,3,1718.96,0.55,0.79,1853.53
Punjab,North,Painting,Paper,92.02,220.57,4.3,Medium,3,432.17,0.8,0.75,481.03
Andhra Pradesh,South,Wooden Toy,Wood,513.33,1053.86,18.6,Medium,5,2678.39,0.86,0.79,2840.18
Tamil Nadu,South,Pottery,Clay,172.71,865.59,16.0,Medium,5,1538.2,0.73,0.61,1614.89
Maharashtra,West,Bamboo Craft,Bamboo,197.22,364.64,6.3,Small,5,846.75,0.38,0.66,908.61
Assam,Northeast,Stone Carving,Marble,562.64,557.92,9.3,Medium,1,1175.08,0.66,0.42,1189.46
Tamil Nadu,South,Stone Carving,Marble,436.34,969.91,18.1,Medium,3,1728.5,0.49,0.51,1729.78
Tamil Nadu,South,Stone Carving,Soapstone,131.87,533.0,10.4,Medium,1,816.56,0.83,0.34,847.45
Rajasthan,West,Stone Carving,Marble,86.51,194.9,5.0,Small,2,390.47,0.74,0.92,439.92
Madhya Pradesh,Central,Bamboo Craft,Cane,242.65,899.02,26.0,Large,2,1155.51,0.43,0.37,1166.3
Assam,Northeast,Jewelry,Beads,949.92,964.92,23.3,Large,5,2814.3,0.7,0.74,3105.09
Tamil Nadu,South,Handloom Textile,Silk,398.8,701.86,13.4,Medium,3,1482.99,0.39,0.44,1543.76
Karnataka,South,Wooden Toy,Bamboo,193.24,430.49,11.8,Small,1,801.31,0.59,0.56,817.16
Telangana,South,Pottery,Clay,343.64,223.63,4.9,Medium,2,837.06,0.9,0.51,950.37
Maharashtra,West,Jewelry,Terracotta,181.28,843.59,22.4,Large,1,1262.06,0.42,0.72,1285.89
Madhya Pradesh,Central,Painting,Paper,63.71,571.15,11.0,Small,5,754.57,0.49,0.65,768.06
Madhya Pradesh,Central,Bamboo Craft,Cane,232.89,242.85,6.7,Small,3,609.98,0.84,0.51,641.52
Rajasthan,West,Bamboo Craft,Bamboo,477.14,387.02,7.9,Large,5,1295.02,0.6,0.31,1322.72
West Bengal,East,Stone Carving,Soapstone,114.13,312.62,7.4,Small,2,521.42,0.76,0.97,593.95
Rajasthan,West,Jewelry,Beads,313.56,404.27,11.1,Small,3,1096.61,0.88,0.93,1204.41
Assam,Northeast,Jewelry,Beads,919.71,786.99,19.0,Large,4,2167.52,0.85,0.51,2351.26
Telangana,South,Metal Craft,Brass,248.17,441.48,10.1,Small,4,1110.33,0.87,0.52,1165.53
Madhya Pradesh,Central,Stone Carving,Soapstone,443.77,911.99,25.0,Large,3,1572.47,0.87,0.5,1630.02
