state,category,material,material_cost,labor_hours,state_labor_rate,labor_cost,complexity,quality,demand_level,demand_factor,total_cost,market_price,recommended_price
West Bengal,Handmade Jewelry,Silver,1251.17,2.4,78.87,189.29,4,1,High,1.1,1440.46,2122.77,2333.07
West Bengal,Textile Craft,Silk,476.95,6.8,53.7,365.16,2,1,Very High,1.2,842.11,1333.16,1326.29
West Bengal,Textile Craft,Wool,164.58,6.4,65.3,417.92,4,2,Low,0.9,582.5,918.33,792.11
Odisha,Home Decor,Cotton,288.43,9.5,54.9,521.55,3,5,Very High,1.2,809.98,973.59,1213.08
West Bengal,Pottery,Terracotta,108.43,4.5,75.18,338.31,2,5,High,1.1,446.74,654.66,639.0
Rajasthan,Pottery,Terracotta,163.63,5.3,73.61,390.13,1,1,Low,0.9,553.76,760.45,661.93
Karnataka,Wood Craft,Wood,195.57,10.0,56.59,565.9,3,1,High,1.1,761.47,1093.02,1089.71
Tamil Nadu,Bamboo Toy,Cane,67.02,6.1,67.9,414.19,1,1,High,1.1,481.21,676.94,645.53
Rajasthan,Bamboo Craft,Cane,80.88,8.6,60.5,520.3,1,1,Very High,1.2,601.18,646.08,756.21
Telangana,Textile Craft,Wool,374.53,10.3,66.13,681.14,2,4,High,1.1,1055.67,1754.21,1635.12
Kerala,Wooden Toy,Bamboo,54.51,8.9,86.16,766.82,4,4,High,1.1,821.33,1194.74,1202.17
Gujarat,Wood Craft,Bamboo,69.72,5.4,58.18,314.17,5,5,Medium,1.0,383.89,590.82,588.55
Rajasthan,Metal Craft,Brass,256.59,6.1,50.39,307.38,5,5,Low,0.9,563.97,817.97,774.65
West Bengal,Clay/Terracotta Toy,Terracotta,75.11,2.9,58.82,170.58,5,5,Low,0.9,245.69,406.47,350.39
Uttar Pradesh,Pottery,Clay,43.32,3.3,46.6,153.78,4,4,Low,0.9,197.1,296.89,269.53
Karnataka,Clay/Terracotta Toy,Terracotta,89.96,4.0,84.34,337.36,2,5,Very High,1.2,427.32,643.45,704.33
Kerala,Textile Craft,Silk,451.88,10.5,80.99,850.39,3,1,Medium,1.0,1302.28,1744.44,1707.02
Karnataka,Metal Craft,Brass,401.14,12.7,72.57,921.64,4,3,Medium,1.0,1322.78,2190.27,2080.52
Gujarat,Wood Craft,Bamboo,240.76,10.4,60.65,630.76,5,3,Medium,1.0,871.52,1128.82,1197.53
Telangana,Home Decor,Cotton,254.31,4.5,77.44,348.48,2,1,Medium,1.0,602.79,682.08,734.14
Rajasthan,Textile Craft,Cotton,213.36,3.4,46.49,158.07,3,4,Low,0.9,371.43,462.18,456.61
Kerala,Wood Craft,Wood,361.4,4.3,71.1,305.73,2,5,Very High,1.2,667.13,869.24,995.99
Karnataka,Home Decor,Bamboo,137.97,6.2,69.26,429.41,2,2,High,1.1,567.38,781.15,853.49
West Bengal,Wood Craft,Wood,241.45,7.2,50.16,361.15,4,3,Medium,1.0,602.6,992.38,951.45
Kerala,Bamboo Toy,Cane,110.13,2.5,80.27,200.67,1,5,Low,0.9,310.8,430.8,382.05
Uttar Pradesh,Clay/Terracotta Toy,Terracotta,48.31,5.1,59.01,300.95,3,1,High,1.1,349.26,429.84,475.7
Gujarat,Bamboo Craft,Bamboo,145.13,10.5,75.26,790.23,3,4,Low,0.9,935.36,1439.06,1313.69
Tamil Nadu,Home Decor,Clay,154.72,13.7,78.34,1073.26,3,4,High,1.1,1227.98,1798.96,1830.0
West Bengal,Bamboo Craft,Bamboo,118.93,8.6,73.5,632.1,4,4,High,1.1,751.03,1195.46,1138.69
Odisha,Pottery,Clay,52.24,6.6,46.47,306.7,1,2,Low,0.9,358.94,541.73,463.51
Odisha,Bamboo Craft,Cane,149.42,9.0,63.22,568.98,1,3,Very High,1.2,718.4,873.2,1015.63
Gujarat,Wood Craft,Wood,161.45,11.4,67.76,772.46,1,3,Very High,1.2,933.91,1012.0,1259.82
Tamil Nadu,Textile Craft,Cotton,116.52,10.6,68.2,722.92,2,2,Very High,1.2,839.44,963.82,1201.29
Karnataka,Wooden Toy,Bamboo,89.4,8.3,59.57,494.43,2,3,Medium,1.0,583.83,791.41,756.02
Kerala,Bamboo Craft,Cane,227.0,10.5,60.52,635.46,5,2,Medium,1.0,862.46,1261.22,1200.44
Kerala,Home Decor,Cotton,165.94,11.4,70.67,805.64,4,3,Low,0.9,971.58,1488.47,1378.61
Gujarat,Metal Craft,Iron,335.18,15.8,83.51,1319.46,4,5,Low,0.9,1654.64,2923.11,2536.27
Andhra Pradesh,Handmade Jewelry,Copper,357.83,7.7,69.62,536.07,1,2,High,1.1,893.9,1206.71,1351.79
Uttar Pradesh,Wooden Toy,Wood,257.53,4.8,70.71,339.41,4,2,Very High,1.2,596.94,716.74,844.61
Rajasthan,Wood Craft,Wood,348.47,6.1,53.5,326.35,3,4,Very High,1.2,674.82,842.57,998.48
Gujarat,Bamboo Craft,Cane,169.46,9.0,73.13,658.17,4,2,Low,0.9,827.63,1287.01,1118.99
Kerala,Textile Craft,Wool,209.58,10.5,83.48,876.54,2,5,Low,0.9,1086.12,1506.61,1457.53
Telangana,Clay/Terracotta Toy,Terracotta,47.94,4.0,74.88,299.52,2,3,Medium,1.0,347.46,505.29,485.28
Andhra Pradesh,Textile Craft,Cotton,192.37,8.4,66.74,560.62,5,2,Very High,1.2,752.99,1113.75,1226.25
Karnataka,Bamboo Toy,Cane,228.82,3.4,70.0,238.0,3,4,Low,0.9,466.82,606.46,581.67
Odisha,Wood Craft,Bamboo,217.7,12.9,50.77,654.93,5,5,Very High,1.2,872.63,1434.74,1521.79
Odisha,Wooden Toy,Bamboo,53.82,2.6,63.9,166.14,3,3,Very High,1.2,219.96,307.52,332.35
Karnataka,Metal Craft,Iron,245.35,14.1,77.39,1091.2,5,4,Medium,1.0,1336.55,2248.84,2059.53
Odisha,Handmade Jewelry,Beads,290.76,8.1,61.99,502.12,4,2,High,1.1,792.88,1229.29,1263.07
Uttar Pradesh,Wooden Toy,Bamboo,153.32,7.0,48.07,336.49,5,1,High,1.1,489.81,635.79,669.37
West Bengal,Clay/Terracotta Toy,Clay,142.56,7.7,76.54,589.36,4,1,Very High,1.2,731.92,874.64,1008.72
Karnataka,Textile Craft,Cotton,249.93,5.6,74.78,418.77,4,4,Low,0.9,668.7,1270.45,1063.83
Gujarat,Home Decor,Clay,76.63,4.5,69.53,312.88,3,2,Very High,1.2,389.51,593.3,598.55
Uttar Pradesh,Home Decor,Wood,102.43,5.4,60.39,326.11,3,4,Medium,1.0,428.54,715.55,634.24
Karnataka,Wood Craft,Wood,264.07,8.0,60.45,483.6,4,1,Very High,1.2,747.67,889.17,1106.6
Gujarat,Wood Craft,Wood,335.88,5.0,81.48,407.4,1,3,Medium,1.0,743.28,1033.91,965.47
Odisha,Bamboo Toy,Cane,246.93,2.6,63.21,164.35,2,2,Low,0.9,411.28,479.63,472.97
West Bengal,Home Decor,Bamboo,53.33,6.6,64.25,424.05,1,4,High,1.1,477.38,788.76,772.1
West Bengal,Textile Craft,Cotton,228.7,11.4,63.91,728.57,5,3,Low,0.9,957.27,1670.3,1475.92
Uttar Pradesh,Textile Craft,Wool,160.3,10.9,66.18,721.36,1,3,Low,0.9,881.66,1428.46,1238.62
West Bengal,Wooden Toy,Bamboo,192.46,7.8,60.07,468.55,5,5,Medium,1.0,661.01,936.12,998.52
Kerala,Bamboo Toy,Bamboo,96.29,2.9,73.08,211.93,4,4,Medium,1.0,308.22,464.25,432.19
Odisha,Bamboo Toy,Cane,164.94,3.3,69.26,228.56,2,1,Low,0.9,393.5,516.48,466.32
Andhra Pradesh,Pottery,Clay,175.17,8.6,53.82,462.85,1,4,High,1.1,638.02,733.45,851.92
Odisha,Handmade Jewelry,Copper,554.7,10.5,46.71,490.45,1,5,Low,0.9,1045.15,1478.89,1437.46
Telangana,Metal Craft,Iron,191.01,7.0,52.26,365.82,3,1,High,1.1,556.83,742.1,818.29
Rajasthan,Wooden Toy,Wood,208.39,2.5,54.09,135.23,4,3,Very High,1.2,343.62,566.96,585.62
Gujarat,Textile Craft,Wool,256.28,3.9,72.33,282.09,5,2,High,1.1,538.37,855.5,862.07
Kerala,Bamboo Craft,Cane,234.57,10.7,87.35,934.64,5,3,Very High,1.2,1169.21,1728.7,1901.61
Gujarat,Wood Craft,Wood,125.86,11.2,55.13,617.46,4,3,Medium,1.0,743.32,1050.77,1019.55
Andhra Pradesh,Clay/Terracotta Toy,Clay,42.37,2.6,78.59,204.33,1,3,Low,0.9,246.7,344.49,311.31
Kerala,Textile Craft,Wool,442.85,9.8,62.71,614.56,1,4,Medium,1.0,1057.41,1778.93,1592.69
Rajasthan,Handmade Jewelry,Brass,411.35,8.6,48.28,415.21,2,5,Low,0.9,826.56,1383.65,1227.79
Andhra Pradesh,Wood Craft,Bamboo,136.26,10.2,71.14,725.63,5,4,Medium,1.0,861.89,1202.99,1215.89
Uttar Pradesh,Wooden Toy,Wood,291.45,8.7,54.21,471.63,2,4,Very High,1.2,763.08,809.89,1007.13
Uttar Pradesh,Metal Craft,Copper,731.01,14.0,45.15,632.1,2,5,Very High,1.2,1363.11,2636.09,2573.74
Tamil Nadu,Clay/Terracotta Toy,Terracotta,79.81,7.9,79.25,626.08,3,1,High,1.1,705.88,1029.3,1012.04
West Bengal,Pottery,Clay,30.64,8.4,57.07,479.39,2,5,Medium,1.0,510.03,832.48,747.09
Telangana,Metal Craft,Copper,718.77,10.8,52.47,566.68,5,1,Low,0.9,1285.45,1843.09,1732.65
Tamil Nadu,Metal Craft,Brass,883.71,10.7,84.52,904.36,4,5,Medium,1.0,1788.07,2494.3,2628.37
Odisha,Bamboo Toy,Bamboo,59.1,3.5,50.04,175.14,5,5,Very High,1.2,234.24,296.0,365.07
Kerala,Wood Craft,Wood,182.11,11.1,77.61,861.47,4,5,Low,0.9,1043.58,1860.79,1605.98
Karnataka,Textile Craft,Wool,225.68,4.6,81.36,374.26,4,1,Low,0.9,599.94,831.12,783.05
Kerala,Wooden Toy,Wood,217.36,4.4,80.27,353.19,3,3,Very High,1.2,570.55,682.84,814.44
Uttar Pradesh,Textile Craft,Silk,604.28,6.1,45.69,278.71,2,4,Low,0.9,882.99,1215.14,1118.86
Kerala,Bamboo Toy,Cane,259.06,2.1,66.62,139.9,2,4,Very High,1.2,398.96,624.31,615.35
Telangana,Wooden Toy,Bamboo,185.99,2.5,74.62,186.55,1,2,Medium,1.0,372.54,451.98,437.84
Rajasthan,Home Decor,Clay,93.9,3.4,58.02,197.27,3,4,Medium,1.0,291.17,493.23,457.93
Gujarat,Textile Craft,Wool,386.56,7.1,84.84,602.36,2,2,Very High,1.2,988.92,1286.35,1421.94
Gujarat,Wooden Toy,Wood,157.91,8.9,78.42,697.94,5,4,Medium,1.0,855.85,1552.26,1414.39
West Bengal,Bamboo Craft,Cane,260.83,4.2,79.23,332.77,3,2,Very High,1.2,593.6,923.32,932.11
Rajasthan,Pottery,Clay,176.79,3.9,74.88,292.03,1,3,Very High,1.2,468.82,743.21,752.33
Telangana,Clay/Terracotta Toy,Clay,145.65,3.6,78.46,282.46,2,5,Very High,1.2,428.11,514.35,635.3
Uttar Pradesh,Pottery,Clay,83.8,5.3,54.98,291.39,5,2,Low,0.9,375.19,625.12,527.35
Uttar Pradesh,Clay/Terracotta Toy,Terracotta,96.61,2.2,66.16,145.55,4,1,Very High,1.2,242.16,339.87,380.99
Telangana,Bamboo Craft,Bamboo,244.35,4.6,78.33,360.32,4,4,Medium,1.0,604.67,861.33,866.92
Uttar Pradesh,Textile Craft,Wool,264.55,7.5,57.35,430.12,4,1,Very High,1.2,694.67,760.81,945.32
Uttar Pradesh,Wooden Toy,Wood,124.65,6.5,67.81,440.76,4,4,Very High,1.2,565.41,807.81,892.18
Karnataka,Bamboo Toy,Bamboo,216.95,3.2,61.62,197.18,2,5,Low,0.9,414.13,707.89,595.73
Uttar Pradesh,Home Decor,Cotton,200.57,8.3,70.96,588.97,3,5,Very High,1.2,789.54,1138.88,1293.38
Telangana,Clay/Terracotta Toy,Clay,47.8,3.7,79.07,292.56,4,3,High,1.1,340.36,478.15,505.29
Karnataka,Wood Craft,Bamboo,228.12,6.7,68.2,456.94,4,3,Low,0.9,685.06,1098.17,1005.7
Andhra Pradesh,Textile Craft,Wool,309.93,6.3,71.7,451.71,3,4,High,1.1,761.64,1234.8,1201.84
Karnataka,Bamboo Craft,Bamboo,198.71,5.9,66.88,394.59,3,2,Very High,1.2,593.3,736.63,865.83
Kerala,Wooden Toy,Bamboo,51.67,5.1,79.64,406.16,3,3,Low,0.9,457.83,687.1,584.82
West Bengal,Pottery,Terracotta,100.8,6.0,74.85,449.1,5,4,High,1.1,549.9,977.28,949.41
Rajasthan,Handmade Jewelry,Brass,814.21,4.6,73.02,335.89,1,1,Low,0.9,1150.1,1464.31,1484.26
Andhra Pradesh,Bamboo Craft,Cane,222.62,6.5,63.28,411.32,5,4,Low,0.9,633.94,892.33,859.56
Rajasthan,Handmade Jewelry,Copper,818.18,11.6,64.17,744.37,3,4,Medium,1.0,1562.55,2686.82,2383.51
Gujarat,Home Decor,Cotton,265.35,9.2,83.82,771.14,1,4,Low,0.9,1036.49,1379.73,1305.94
Andhra Pradesh,Bamboo Craft,Bamboo,188.26,8.2,72.4,593.68,5,1,Medium,1.0,781.94,878.01,959.47
West Bengal,Bamboo Craft,Bamboo,57.97,10.8,63.94,690.55,4,3,Low,0.9,748.52,1235.55,1087.52
Odisha,Metal Craft,Brass,283.33,6.1,51.72,315.49,3,3,Very High,1.2,598.82,862.4,974.56
Rajasthan,Pottery,Terracotta,178.33,7.9,67.36,532.14,2,5,Medium,1.0,710.47,1201.79,1107.22
West Bengal,Home Decor,Clay,57.34,12.2,78.72,960.38,5,1,High,1.1,1017.72,1545.3,1545.71
Gujarat,Home Decor,Bamboo,226.72,6.6,76.45,504.57,4,4,Very High,1.2,731.29,1187.03,1223.39
West Bengal,Pottery,Terracotta,156.22,3.5,67.85,237.47,5,2,Very High,1.2,393.69,676.59,681.57
Telangana,Textile Craft,Wool,159.03,4.5,51.31,230.9,2,1,Medium,1.0,389.93,426.53,468.43
West Bengal,Home Decor,Cotton,110.57,4.3,66.49,285.91,5,3,Low,0.9,396.48,638.99,591.73
Karnataka,Handmade Jewelry,Silver,1388.99,5.5,71.84,395.12,4,1,Medium,1.0,1784.11,3083.85,2829.22
West Bengal,Clay/Terracotta Toy,Terracotta,150.78,5.2,67.8,352.56,5,3,Medium,1.0,503.34,738.49,700.98
Karnataka,Handmade Jewelry,Silver,971.69,5.0,67.76,338.8,1,2,Very High,1.2,1310.49,1755.99,1961.4
Gujarat,Textile Craft,Wool,365.46,9.7,58.99,572.2,1,3,High,1.1,937.66,1460.75,1378.84
Gujarat,Handmade Jewelry,Copper,403.0,5.3,66.65,353.25,1,4,High,1.1,756.25,1140.52,1116.6
Karnataka,Textile Craft,Wool,297.92,8.3,69.59,577.6,1,2,Very High,1.2,875.52,1252.46,1354.35
Telangana,Metal Craft,Copper,282.8,8.8,76.17,670.3,5,1,High,1.1,953.1,1619.52,1535.69
Karnataka,Wood Craft,Bamboo,199.73,13.9,80.15,1114.09,2,4,High,1.1,1313.82,1807.09,1901.16
Rajasthan,Handmade Jewelry,Brass,715.09,11.1,45.94,509.93,5,3,Medium,1.0,1225.02,1882.18,1903.99
Rajasthan,Handmade Jewelry,Beads,230.34,2.6,66.17,172.04,2,4,Medium,1.0,402.38,686.46,643.09
Telangana,Bamboo Toy,Bamboo,225.35,7.5,76.44,573.3,4,2,Very High,1.2,798.65,938.63,1141.1
Uttar Pradesh,Wooden Toy,Bamboo,56.45,7.1,52.27,371.12,3,3,Very High,1.2,427.57,558.71,630.55
Karnataka,Metal Craft,Brass,782.2,8.9,72.43,644.63,2,4,Low,0.9,1426.83,1929.92,1789.26
Tamil Nadu,Textile Craft,Cotton,203.89,5.3,67.4,357.22,3,4,Medium,1.0,561.11,1006.34,907.72
West Bengal,Wooden Toy,Bamboo,88.3,2.5,54.7,136.75,1,3,Very High,1.2,225.05,285.03,309.64
West Bengal,Metal Craft,Brass,625.22,14.2,65.95,936.49,2,4,Medium,1.0,1561.71,2345.31,2201.89
Telangana,Pottery,Terracotta,218.54,8.2,63.13,517.67,2,1,Medium,1.0,736.21,863.54,920.3
Gujarat,Textile Craft,Cotton,261.79,7.4,80.84,598.22,1,1,Low,0.9,860.01,1198.49,1093.73
Kerala,Wooden Toy,Bamboo,160.57,7.9,89.82,709.58,1,3,Very High,1.2,870.15,1348.18,1395.2
Odisha,Metal Craft,Brass,689.19,14.2,51.71,734.28,3,3,Low,0.9,1423.47,2349.79,2094.01
Telangana,Bamboo Toy,Cane,98.67,7.5,76.47,573.52,4,4,Medium,1.0,672.19,1212.3,1073.96
Kerala,Metal Craft,Copper,445.82,11.8,75.41,889.84,5,5,Medium,1.0,1335.66,1783.61,1880.1
Andhra Pradesh,Metal Craft,Copper,305.37,15.4,67.02,1032.11,3,4,Low,0.9,1337.48,2557.85,2128.51
Uttar Pradesh,Pottery,Clay,49.29,8.5,66.56,565.76,5,2,High,1.1,615.05,828.2,865.79
Rajasthan,Home Decor,Bamboo,238.55,13.3,54.27,721.79,2,1,Low,0.9,960.34,1415.32,1200.89
Uttar Pradesh,Home Decor,Cotton,138.37,12.1,59.59,721.04,3,2,High,1.1,859.41,1355.27,1338.44
Karnataka,Wooden Toy,Bamboo,233.77,7.2,78.8,567.36,3,3,Low,0.9,801.13,1250.09,1099.8
Kerala,Wood Craft,Bamboo,197.24,5.1,66.91,341.24,4,2,Low,0.9,538.48,833.26,771.63
Kerala,Wood Craft,Bamboo,59.58,13.9,80.23,1115.2,5,5,High,1.1,1174.78,1544.5,1763.26
Rajasthan,Pottery,Clay,75.3,8.4,66.94,562.3,2,5,High,1.1,637.6,862.4,961.04
Gujarat,Metal Craft,Copper,511.35,4.7,80.97,380.56,4,3,Medium,1.0,891.91,1550.93,1378.96
Odisha,Wooden Toy,Wood,366.7,3.9,48.1,187.59,1,2,Very High,1.2,554.29,845.91,826.24
Odisha,Metal Craft,Copper,693.27,4.7,61.91,290.98,1,3,High,1.1,984.25,1446.75,1397.79
Tamil Nadu,Bamboo Craft,Bamboo,141.35,6.2,56.19,348.38,5,4,Very High,1.2,489.73,775.23,851.32
West Bengal,Home Decor,Clay,162.63,5.0,74.12,370.6,3,2,High,1.1,533.23,650.89,747.82
Telangana,Pottery,Terracotta,64.41,3.5,51.83,181.41,4,2,Very High,1.2,245.81,309.18,349.14
West Bengal,Bamboo Toy,Cane,223.9,5.2,54.19,281.79,5,4,Very High,1.2,505.69,893.23,872.23
Telangana,Home Decor,Clay,70.7,4.7,58.19,273.49,4,4,High,1.1,344.19,619.67,589.8
Tamil Nadu,Bamboo Craft,Cane,278.17,11.8,69.67,822.11,1,4,Low,0.9,1100.28,1471.09,1302.76
Andhra Pradesh,Pottery,Clay,86.47,7.2,70.62,508.46,1,5,Very High,1.2,594.93,794.03,862.54
Andhra Pradesh,Bamboo Craft,Bamboo,114.24,3.7,66.36,245.53,3,3,Very High,1.2,359.77,503.16,556.28
Odisha,Metal Craft,Iron,208.03,7.1,46.86,332.71,1,2,Medium,1.0,540.74,703.83,715.53
Kerala,Handmade Jewelry,Brass,434.76,9.5,68.71,652.74,2,5,High,1.1,1087.5,1693.01,1784.94
Karnataka,Textile Craft,Cotton,90.36,11.9,58.97,701.74,2,4,Low,0.9,792.1,992.27,1001.42
Kerala,Metal Craft,Brass,864.7,9.9,89.32,884.27,3,5,Very High,1.2,1748.97,2391.69,2825.35
Kerala,Bamboo Toy,Bamboo,151.75,2.7,83.81,226.29,2,2,Medium,1.0,378.04,422.43,463.51
Gujarat,Home Decor,Wood,182.32,6.5,66.85,434.52,3,5,High,1.1,616.85,1023.89,974.2
Telangana,Pottery,Clay,44.08,5.2,55.98,291.1,1,1,Very High,1.2,335.18,361.11,441.01
Andhra Pradesh,Clay/Terracotta Toy,Terracotta,219.77,2.7,52.22,140.99,2,3,Medium,1.0,360.76,609.91,549.11
Odisha,Handmade Jewelry,Silver,534.93,9.6,67.63,649.25,3,5,Very High,1.2,1184.18,1709.51,1928.71
Rajasthan,Home Decor,Wood,320.46,9.3,56.62,526.57,2,3,Medium,1.0,847.03,1369.52,1276.64
Odisha,Metal Craft,Iron,378.36,11.3,67.61,763.99,4,2,Low,0.9,1142.35,2028.01,1707.46
Odisha,Pottery,Clay,41.16,3.1,45.02,139.56,5,2,Medium,1.0,180.72,304.05,282.1
Uttar Pradesh,Home Decor,Wood,299.71,12.8,67.92,869.38,5,4,Very High,1.2,1169.09,1887.3,1968.68
Odisha,Bamboo Toy,Bamboo,188.57,4.3,67.74,291.28,5,2,Low,0.9,479.85,774.43,658.33
Karnataka,Home Decor,Clay,113.6,13.4,64.52,864.57,1,2,High,1.1,978.17,1243.63,1401.2
West Bengal,Home Decor,Bamboo,228.33,11.9,65.13,775.05,4,2,Medium,1.0,1003.38,1763.97,1600.33
Uttar Pradesh,Metal Craft,Brass,801.18,13.0,71.0,923.0,2,5,Medium,1.0,1724.18,2424.43,2510.78
Rajasthan,Pottery,Clay,167.87,8.1,50.12,405.97,2,3,Medium,1.0,573.84,839.31,763.12
Andhra Pradesh,Textile Craft,Wool,162.5,11.1,63.3,702.63,3,1,Low,0.9,865.13,1075.46,1097.52
Tamil Nadu,Bamboo Craft,Cane,184.64,7.1,68.88,489.05,1,5,Very High,1.2,673.69,785.63,931.79
Rajasthan,Clay/Terracotta Toy,Terracotta,64.32,7.8,52.72,411.22,5,3,Very High,1.2,475.54,662.33,728.63
Kerala,Bamboo Craft,Cane,216.76,3.7,67.64,250.27,1,5,Medium,1.0,467.03,626.85,598.79
Uttar Pradesh,Bamboo Craft,Cane,230.48,7.8,59.43,463.55,4,3,Medium,1.0,694.03,1082.27,973.45
Kerala,Bamboo Toy,Bamboo,209.7,2.7,76.21,205.77,1,2,Low,0.9,415.47,577.98,499.01
Rajasthan,Bamboo Craft,Bamboo,63.98,6.2,72.63,450.31,5,4,Medium,1.0,514.29,872.71,812.27
Rajasthan,Bamboo Craft,Bamboo,182.86,8.4,50.33,422.77,2,4,Very High,1.2,605.63,755.55,902.96
West Bengal,Bamboo Toy,Cane,117.34,6.9,62.27,429.66,1,3,Medium,1.0,547.0,686.01,678.31
Tamil Nadu,Textile Craft,Silk,581.59,5.7,56.94,324.56,2,3,High,1.1,906.15,1509.25,1434.63
Rajasthan,Bamboo Craft,Cane,118.76,3.9,55.05,214.69,5,4,Very High,1.2,333.45,580.64,595.9
Rajasthan,Wooden Toy,Wood,157.89,4.7,47.87,224.99,5,1,Low,0.9,382.88,512.63,500.65
Tamil Nadu,Handmade Jewelry,Silver,1387.67,9.8,75.92,744.02,4,2,High,1.1,2131.69,3135.29,3197.16
Kerala,Wooden Toy,Bamboo,114.75,5.0,73.75,368.75,2,4,High,1.1,483.5,661.55,720.93
Karnataka,Textile Craft,Cotton,291.52,11.0,56.64,623.04,4,2,Low,0.9,914.56,1310.22,1201.73
Odisha,Wood Craft,Bamboo,163.07,6.0,60.54,363.24,1,4,High,1.1,526.31,703.16,772.55
Odisha,Bamboo Craft,Cane,62.66,11.6,46.9,544.04,5,3,Medium,1.0,606.7,854.57,862.44
Uttar Pradesh,Metal Craft,Brass,534.01,13.0,67.82,881.66,2,3,Low,0.9,1415.67,2425.04,2048.79
Odisha,Home Decor,Wood,388.69,10.4,63.22,657.49,5,2,Medium,1.0,1046.18,1698.0,1538.39
Tamil Nadu,Wooden Toy,Bamboo,133.78,6.9,55.85,385.37,5,1,High,1.1,519.14,676.87,772.22
Rajasthan,Pottery,Terracotta,97.03,4.4,56.28,247.63,3,2,Medium,1.0,344.66,528.41,476.46
Odisha,Wood Craft,Bamboo,89.98,10.9,60.42,658.58,5,1,Medium,1.0,748.56,991.6,1032.46
Karnataka,Wood Craft,Bamboo,110.14,5.9,74.92,442.03,5,4,Very High,1.2,552.17,906.69,959.37
Rajasthan,Wood Craft,Wood,378.98,7.3,63.74,465.3,4,1,Medium,1.0,844.28,1108.55,1113.49
West Bengal,Metal Craft,Iron,354.31,4.6,58.39,268.59,3,5,High,1.1,622.9,985.11,1003.63
Gujarat,Metal Craft,Brass,502.88,7.2,61.52,442.94,3,4,High,1.1,945.82,1268.37,1350.78
Telangana,Handmade Jewelry,Silver,819.61,6.8,77.65,528.02,1,5,Medium,1.0,1347.63,2134.63,1967.34
Andhra Pradesh,Bamboo Toy,Bamboo,166.63,3.7,58.69,217.15,4,4,Very High,1.2,383.78,560.55,606.58
Rajasthan,Bamboo Craft,Cane,218.48,7.9,52.67,416.09,4,2,High,1.1,634.57,838.58,917.25
Karnataka,Pottery,Clay,75.69,6.9,76.28,526.33,4,2,High,1.1,602.02,882.11,863.6
Tamil Nadu,Pottery,Clay,161.16,8.6,79.88,686.97,4,4,High,1.1,848.13,1485.66,1417.91
Andhra Pradesh,Home Decor,Cotton,278.23,13.8,50.76,700.49,3,2,Medium,1.0,978.72,1316.65,1368.24
Telangana,Clay/Terracotta Toy,Terracotta,47.73,2.3,59.06,135.84,5,3,High,1.1,183.57,323.07,300.92
Odisha,Pottery,Clay,100.1,8.9,73.81,656.91,2,2,Low,0.9,757.01,1050.91,925.68
Telangana,Bamboo Toy,Cane,236.68,5.2,70.65,367.38,5,5,Low,0.9,604.06,897.75,813.77
Andhra Pradesh,Bamboo Craft,Cane,196.58,4.9,60.35,295.72,2,1,Medium,1.0,492.3,689.19,633.73
Gujarat,Wood Craft,Bamboo,113.87,6.3,65.93,415.36,4,2,Medium,1.0,529.23,931.82,823.96
Gujarat,Bamboo Toy,Cane,71.24,4.2,58.33,244.99,2,5,Medium,1.0,316.23,479.56,448.56
West Bengal,Pottery,Terracotta,161.09,8.5,54.15,460.27,4,5,High,1.1,621.37,861.66,959.94
Rajasthan,Bamboo Craft,Bamboo,207.47,4.0,53.0,212.0,1,4,Medium,1.0,419.47,633.17,565.33
Gujarat,Wooden Toy,Wood,272.44,9.2,72.65,668.38,2,4,High,1.1,940.82,1286.48,1300.23
Karnataka,Bamboo Toy,Bamboo,196.93,7.9,79.42,627.42,2,4,High,1.1,824.35,1198.48,1200.98
Karnataka,Wood Craft,Bamboo,192.06,3.2,79.92,255.74,1,1,Very High,1.2,447.8,610.09,632.2
West Bengal,Textile Craft,Silk,530.45,11.5,74.28,854.22,5,4,Low,0.9,1384.67,2388.37,2027.36
Tamil Nadu,Bamboo Toy,Cane,230.54,7.0,59.45,416.15,1,1,Low,0.9,646.69,969.09,810.92
Gujarat,Bamboo Toy,Cane,265.54,3.8,80.82,307.12,4,4,Medium,1.0,572.66,812.67,809.12
Karnataka,Pottery,Clay,64.43,4.1,64.93,266.21,1,1,Low,0.9,330.64,417.84,390.86
Kerala,Wooden Toy,Bamboo,66.67,5.6,85.1,476.56,3,2,High,1.1,543.23,856.2,807.49
Karnataka,Wood Craft,Wood,339.67,9.1,66.8,607.88,2,3,High,1.1,947.55,1281.43,1349.73
Telangana,Bamboo Toy,Cane,211.38,2.1,67.31,141.35,3,4,Medium,1.0,352.73,426.96,456.54
Tamil Nadu,Bamboo Craft,Cane,125.43,3.9,74.82,291.8,4,5,Very High,1.2,417.23,572.81,643.9
Andhra Pradesh,Wooden Toy,Bamboo,239.38,7.4,70.43,521.18,2,1,Very High,1.2,760.56,884.82,1038.13
Kerala,Bamboo Toy,Bamboo,210.22,6.4,68.96,441.34,3,5,Medium,1.0,651.56,789.51,848.99
Telangana,Wooden Toy,Wood,174.02,2.2,51.21,112.66,4,3,High,1.1,286.68,397.63,412.67
Kerala,Pottery,Clay,39.42,4.4,61.94,272.54,1,5,Very High,1.2,311.96,449.24,459.56
West Bengal,Bamboo Toy,Bamboo,80.04,6.5,51.64,335.66,5,4,Medium,1.0,415.7,709.13,645.14
Rajasthan,Pottery,Terracotta,77.24,5.4,58.66,316.76,4,1,Very High,1.2,394.0,558.29,613.21
Uttar Pradesh,Wooden Toy,Wood,81.26,7.2,69.38,499.54,4,1,Low,0.9,580.8,990.65,824.66
Telangana,Handmade Jewelry,Copper,679.71,2.0,62.36,124.72,1,4,Medium,1.0,804.43,1160.81,1112.63
West Bengal,Wooden Toy,Wood,268.68,2.4,54.26,130.22,3,3,Medium,1.0,398.9,588.1,543.18
Rajasthan,Metal Craft,Brass,346.72,4.5,72.4,325.8,1,4,High,1.1,672.52,867.74,910.1
Rajasthan,Metal Craft,Iron,560.0,10.1,62.97,636.0,1,4,Low,0.9,1196.0,1824.71,1568.06
Kerala,Metal Craft,Brass,257.16,7.6,76.93,584.67,5,4,Low,0.9,841.83,1366.92,1290.94
Uttar Pradesh,Handmade Jewelry,Beads,88.75,2.5,58.6,146.5,2,4,Medium,1.0,235.25,293.35,306.59
Odisha,Bamboo Toy,Cane,158.31,5.4,70.21,379.13,1,2,Very High,1.2,537.44,616.71,710.27
West Bengal,Wooden Toy,Bamboo,224.29,4.7,61.83,290.6,3,4,Medium,1.0,514.89,784.41,741.54
Rajasthan,Pottery,Terracotta,193.97,5.3,72.58,384.67,4,4,Medium,1.0,578.64,725.18,780.95
Tamil Nadu,Textile Craft,Wool,217.32,10.1,74.43,751.74,3,4,High,1.1,969.06,1389.59,1467.93
West Bengal,Pottery,Clay,96.29,4.4,62.74,276.06,2,2,Low,0.9,372.35,423.94,428.2
Kerala,Bamboo Craft,Cane,119.83,4.8,80.88,388.22,4,5,High,1.1,508.05,722.59,748.16
West Bengal,Bamboo Craft,Cane,182.66,4.6,57.49,264.45,1,3,High,1.1,447.11,480.28,546.21
Telangana,Pottery,Terracotta,152.02,4.9,74.49,365.0,3,1,Very High,1.2,517.02,683.72,745.67
Telangana,Bamboo Craft,Bamboo,177.72,8.1,74.0,599.4,3,1,Low,0.9,777.12,1119.19,992.28
Kerala,Home Decor,Wood,315.28,3.2,75.09,240.29,5,2,High,1.1,555.57,748.36,799.1
Uttar Pradesh,Bamboo Toy,Cane,84.03,6.9,71.58,493.9,1,3,Medium,1.0,577.93,819.51,755.74
Karnataka,Wooden Toy,Bamboo,195.2,8.1,81.56,660.64,4,2,Medium,1.0,855.84,1219.43,1170.17
West Bengal,Metal Craft,Iron,278.19,8.5,73.05,620.92,4,3,Medium,1.0,899.12,1517.18,1389.63
Tamil Nadu,Bamboo Craft,Bamboo,68.39,6.4,63.15,404.16,2,2,Very High,1.2,472.55,577.65,674.66
Andhra Pradesh,Wood Craft,Bamboo,88.66,10.8,76.27,823.72,1,3,Medium,1.0,912.38,1216.03,1204.17
Gujarat,Wood Craft,Wood,204.39,5.8,70.03,406.17,5,1,Medium,1.0,610.56,822.05,838.69
Uttar Pradesh,Bamboo Craft,Cane,165.96,5.0,72.27,361.35,1,4,High,1.1,527.31,640.41,699.25
Andhra Pradesh,Handmade Jewelry,Beads,108.88,8.0,64.89,519.12,3,3,Very High,1.2,628.0,1118.11,1148.75
Uttar Pradesh,Wooden Toy,Bamboo,101.71,5.8,49.12,284.9,5,4,Low,0.9,386.61,614.11,547.31
Telangana,Bamboo Craft,Bamboo,94.13,4.0,56.55,226.2,1,4,Low,0.9,320.33,460.14,397.5
Tamil Nadu,Metal Craft,Brass,265.03,13.7,55.88,765.56,4,2,Very High,1.2,1030.59,1537.89,1598.14
Andhra Pradesh,Metal Craft,Copper,250.73,8.7,59.79,520.17,1,4,Low,0.9,770.9,962.91,936.22
Gujarat,Handmade Jewelry,Beads,142.49,4.0,57.01,228.04,2,1,Medium,1.0,370.53,538.14,546.19
Rajasthan,Metal Craft,Iron,512.18,4.7,59.9,281.53,1,2,Low,0.9,793.71,1018.56,944.64
Andhra Pradesh,Handmade Jewelry,Copper,463.2,5.7,50.26,286.48,3,4,High,1.1,749.68,1000.18,1149.0
Gujarat,Handmade Jewelry,Silver,1267.53,6.4,56.01,358.46,4,4,Very High,1.2,1625.99,2646.54,2895.51
West Bengal,Handmade Jewelry,Brass,582.88,9.3,65.83,612.22,4,5,Medium,1.0,1195.1,1870.14,1817.23
Odisha,Clay/Terracotta Toy,Terracotta,166.73,3.3,68.25,225.22,5,3,Very High,1.2,391.95,485.6,580.87
Telangana,Textile Craft,Silk,452.51,3.8,60.24,228.91,3,4,High,1.1,681.42,940.67,1031.04
Kerala,Handmade Jewelry,Beads,235.69,9.2,66.83,614.84,4,4,Medium,1.0,850.53,1463.9,1372.38
Karnataka,Handmade Jewelry,Brass,451.93,4.9,83.07,407.04,2,3,Very High,1.2,858.97,1394.58,1450.42
Kerala,Handmade Jewelry,Copper,707.51,7.4,64.59,477.97,5,1,High,1.1,1185.48,1582.73,1800.57
West Bengal,Clay/Terracotta Toy,Clay,139.3,3.3,58.62,193.45,2,5,Low,0.9,332.75,401.52,388.92
Tamil Nadu,Bamboo Toy,Cane,230.63,4.3,60.45,259.94,1,5,Low,0.9,490.56,656.77,623.33
West Bengal,Handmade Jewelry,Copper,295.11,10.3,77.46,797.84,1,4,Medium,1.0,1092.95,1343.55,1406.7
Tamil Nadu,Clay/Terracotta Toy,Terracotta,167.5,4.2,80.09,336.38,2,2,Medium,1.0,503.88,821.05,725.11
Rajasthan,Textile Craft,Silk,303.69,9.1,46.24,420.78,2,2,Medium,1.0,724.47,885.53,897.72
Andhra Pradesh,Home Decor,Wood,141.61,12.0,70.02,840.24,2,1,Medium,1.0,981.85,1144.9,1193.74
Odisha,Metal Craft,Copper,519.37,10.8,67.97,734.08,4,3,Medium,1.0,1253.45,1730.04,1765.49
Rajasthan,Bamboo Toy,Bamboo,115.2,7.1,62.27,442.12,4,3,High,1.1,557.32,713.9,787.33
Rajasthan,Wooden Toy,Wood,170.91,3.8,50.97,193.69,3,2,High,1.1,364.6,480.46,526.55
Gujarat,Bamboo Craft,Cane,159.51,11.6,68.82,798.31,4,3,High,1.1,957.82,1310.44,1380.88
Kerala,Wood Craft,Bamboo,64.91,3.2,73.13,234.02,1,4,Very High,1.2,298.93,482.48,503.88
Uttar Pradesh,Home Decor,Cotton,165.2,10.5,64.79,680.3,4,2,High,1.1,845.5,1337.9,1359.52
Kerala,Wood Craft,Wood,143.37,13.4,73.44,984.1,4,4,Very High,1.2,1127.47,1704.92,1855.32
Uttar Pradesh,Textile Craft,Cotton,322.15,4.0,69.62,278.48,1,5,High,1.1,600.63,857.78,903.53
Tamil Nadu,Clay/Terracotta Toy,Terracotta,146.6,5.6,71.52,400.51,1,1,Low,0.9,547.11,600.34,629.18
Odisha,Handmade Jewelry,Copper,625.88,4.1,58.93,241.61,1,2,Low,0.9,867.49,1403.39,1235.52
West Bengal,Bamboo Toy,Bamboo,245.85,2.0,71.26,142.52,1,4,Low,0.9,388.37,474.87,464.81
West Bengal,Bamboo Toy,Bamboo,237.56,3.9,52.6,205.14,3,2,Medium,1.0,442.7,555.16,559.68
Gujarat,Bamboo Craft,Cane,112.81,4.4,75.36,331.58,2,1,Very High,1.2,444.39,673.92,681.85
Telangana,Handmade Jewelry,Beads,99.13,9.2,65.06,598.55,5,4,Medium,1.0,697.68,963.76,1005.65
Andhra Pradesh,Handmade Jewelry,Copper,420.0,11.4,65.85,750.69,5,1,Very High,1.2,1170.69,1871.99,2066.44
Kerala,Textile Craft,Wool,307.62,8.0,72.83,582.64,1,5,Low,0.9,890.26,1249.17,1164.11
Karnataka,Clay/Terracotta Toy,Terracotta,107.42,4.5,79.91,359.59,2,4,High,1.1,467.01,608.33,679.97
Tamil Nadu,Textile Craft,Silk,307.72,11.3,84.16,951.01,4,4,Medium,1.0,1258.73,1885.69,1933.5
Tamil Nadu,Bamboo Toy,Bamboo,104.13,6.4,67.91,434.62,2,2,Very High,1.2,538.75,664.96,760.59
Gujarat,Textile Craft,Silk,684.57,6.6,56.47,372.7,4,5,Very High,1.2,1057.27,1731.26,1894.3
Gujarat,Handmade Jewelry,Silver,1316.89,10.0,83.99,839.9,2,3,Low,0.9,2156.79,3804.22,3234.09
Karnataka,Home Decor,Clay,76.35,10.8,80.88,873.5,5,2,Very High,1.2,949.85,1883.71,1846.98
Telangana,Metal Craft,Copper,290.63,6.3,72.7,458.01,3,5,Very High,1.2,748.64,1290.17,1378.02
Karnataka,Bamboo Craft,Cane,123.29,5.2,82.32,428.06,1,4,High,1.1,551.35,769.09,791.49
Kerala,Home Decor,Cotton,168.91,4.5,72.83,327.74,1,4,High,1.1,496.64,654.7,740.84
Tamil Nadu,Pottery,Clay,113.87,4.1,78.76,322.92,2,1,Low,0.9,436.79,468.89,502.3
West Bengal,Pottery,Terracotta,128.55,3.6,64.38,231.77,1,2,High,1.1,360.32,513.85,512.04
Uttar Pradesh,Pottery,Terracotta,146.71,7.9,62.48,493.59,2,4,High,1.1,640.3,810.04,850.72
Telangana,Textile Craft,Wool,293.73,3.0,56.56,169.68,5,2,Medium,1.0,463.41,605.26,636.42
Telangana,Pottery,Clay,61.28,2.9,64.6,187.34,5,1,High,1.1,248.62,389.13,384.84
Uttar Pradesh,Bamboo Toy,Cane,169.12,2.6,46.35,120.51,4,3,Very High,1.2,289.63,371.54,437.61
Telangana,Pottery,Terracotta,115.01,6.4,53.92,345.09,5,4,Medium,1.0,460.1,651.83,669.03
Uttar Pradesh,Home Decor,Clay,88.18,10.3,53.47,550.74,1,4,Very High,1.2,638.92,739.12,909.22
Karnataka,Clay/Terracotta Toy,Clay,138.93,5.6,84.38,472.53,2,5,Low,0.9,611.46,944.41,819.98
Odisha,Handmade Jewelry,Silver,1319.65,11.0,65.55,721.05,3,1,Low,0.9,2040.7,2666.9,2709.04
Rajasthan,Bamboo Toy,Bamboo,189.67,5.9,74.34,438.61,4,1,Low,0.9,628.28,707.9,725.85
Tamil Nadu,Handmade Jewelry,Copper,251.15,5.6,71.49,400.34,2,4,Medium,1.0,651.49,1054.84,1010.23
Uttar Pradesh,Bamboo Craft,Cane,226.92,7.8,74.8,583.44,2,4,Very High,1.2,810.36,892.55,1101.06
Telangana,Wood Craft,Wood,303.75,4.3,57.75,248.32,4,3,Low,0.9,552.08,904.22,808.34
Gujarat,Metal Craft,Copper,538.18,16.0,65.56,1048.96,4,1,Medium,1.0,1587.14,2572.37,2457.69
Odisha,Handmade Jewelry,Beads,275.14,8.1,61.44,497.66,3,5,High,1.1,772.8,1366.86,1291.9
West Bengal,Metal Craft,Brass,663.7,8.7,57.85,503.29,3,5,Very High,1.2,1166.99,1952.51,1955.31
Kerala,Bamboo Craft,Bamboo,127.67,4.1,72.89,298.85,2,2,High,1.1,426.52,591.21,608.83
West Bengal,Bamboo Craft,Bamboo,117.69,3.4,60.1,204.34,1,5,Low,0.9,322.03,494.29,431.61
Odisha,Handmade Jewelry,Beads,176.01,7.6,68.56,521.06,5,1,Very High,1.2,697.07,889.92,1055.97
Kerala,Textile Craft,Cotton,197.2,7.8,82.26,641.63,2,1,Low,0.9,838.83,1242.77,1097.66
Karnataka,Wooden Toy,Wood,285.76,2.1,77.91,163.61,1,4,Very High,1.2,449.37,666.45,677.36
Karnataka,Home Decor,Cotton,164.36,12.0,73.49,881.88,5,1,Very High,1.2,1046.24,1356.96,1644.06
Andhra Pradesh,Bamboo Toy,Cane,149.03,2.6,53.21,138.35,5,5,Low,0.9,287.38,525.01,448.16
Tamil Nadu,Wood Craft,Wood,247.13,8.6,61.22,526.49,5,3,Low,0.9,773.62,1384.62,1191.46
Rajasthan,Wooden Toy,Bamboo,248.96,8.1,52.04,421.52,1,2,Very High,1.2,670.48,840.87,949.83
Gujarat,Wood Craft,Bamboo,105.93,5.0,80.63,403.15,2,5,Medium,1.0,509.08,859.3,796.65
Uttar Pradesh,Bamboo Craft,Cane,79.66,6.8,68.7,467.16,5,2,High,1.1,546.82,747.35,773.93
Kerala,Wood Craft,Bamboo,243.12,6.0,70.57,423.42,1,3,Very High,1.2,666.54,1000.57,1052.82
Odisha,Wooden Toy,Bamboo,167.77,5.8,52.14,302.41,4,4,Low,0.9,470.18,577.38,596.63
Kerala,Metal Craft,Brass,866.55,5.7,76.35,435.19,2,3,Low,0.9,1301.74,2274.91,1969.26
Kerala,Textile Craft,Wool,249.94,4.2,85.69,359.9,5,1,High,1.1,609.84,788.03,883.33
West Bengal,Wooden Toy,Wood,375.96,3.4,72.21,245.51,1,4,Low,0.9,621.47,712.41,714.7
Gujarat,Wood Craft,Bamboo,168.71,13.2,80.39,1061.15,1,2,High,1.1,1229.86,2076.18,1935.23
Uttar Pradesh,Metal Craft,Copper,815.65,15.8,66.13,1044.85,2,4,High,1.1,1860.5,2968.18,2936.58
Karnataka,Home Decor,Clay,85.45,7.9,62.55,494.14,1,5,Medium,1.0,579.6,776.28,805.66
Odisha,Bamboo Toy,Bamboo,179.25,5.1,68.61,349.91,3,4,High,1.1,529.16,680.91,732.49
West Bengal,Handmade Jewelry,Copper,791.09,9.3,61.2,569.16,5,2,High,1.1,1360.25,2130.05,2273.9
Tamil Nadu,Home Decor,Wood,319.38,9.4,68.8,646.72,5,3,Low,0.9,966.1,1632.13,1400.86
Rajasthan,Wooden Toy,Bamboo,152.23,6.0,73.12,438.72,1,3,Low,0.9,590.95,708.99,710.33
Rajasthan,Wood Craft,Bamboo,118.52,8.5,49.54,421.09,3,4,Medium,1.0,539.61,620.44,681.79
Odisha,Textile Craft,Wool,151.66,8.9,48.21,429.07,1,3,High,1.1,580.73,843.68,862.13
Rajasthan,Wood Craft,Bamboo,81.39,12.6,63.54,800.6,4,1,Low,0.9,881.99,1131.26,1073.15
Rajasthan,Wooden Toy,Wood,363.87,2.7,66.93,180.71,4,3,Low,0.9,544.58,836.03,750.46
Rajasthan,Clay/Terracotta Toy,Terracotta,111.18,4.2,54.12,227.3,3,2,Very High,1.2,338.48,418.42,504.35
Uttar Pradesh,Bamboo Toy,Bamboo,242.87,4.1,55.75,228.57,1,2,Low,0.9,471.44,629.45,558.81
Tamil Nadu,Home Decor,Bamboo,108.49,6.5,73.31,476.51,4,5,High,1.1,585.0,1036.64,1037.91
Andhra Pradesh,Pottery,Terracotta,167.13,5.2,58.28,303.06,2,5,Medium,1.0,470.19,537.62,591.54
Uttar Pradesh,Wood Craft,Wood,340.63,7.2,64.97,467.78,3,2,Medium,1.0,808.41,1407.21,1249.6
West Bengal,Wooden Toy,Wood,340.78,6.8,65.14,442.95,4,4,Very High,1.2,783.73,1421.63,1404.84
Karnataka,Home Decor,Clay,96.76,3.1,70.58,218.8,3,1,Very High,1.2,315.56,464.37,506.9
Odisha,Metal Craft,Copper,597.94,15.8,56.82,897.76,5,2,Low,0.9,1495.7,2702.43,2339.67
Uttar Pradesh,Handmade Jewelry,Copper,252.6,9.4,73.92,694.85,5,4,Very High,1.2,947.45,1862.48,1898.59
Andhra Pradesh,Textile Craft,Wool,287.02,8.8,59.32,522.02,3,5,Medium,1.0,809.04,1314.06,1224.43
Tamil Nadu,Wood Craft,Wood,389.41,7.4,76.8,568.32,4,2,High,1.1,957.73,1284.16,1418.04
Telangana,Bamboo Toy,Bamboo,238.09,6.2,69.86,433.13,1,2,Medium,1.0,671.22,715.17,771.91
Kerala,Bamboo Toy,Bamboo,179.27,3.9,87.1,339.69,4,1,High,1.1,518.96,616.1,705.36
Kerala,Clay/Terracotta Toy,Clay,61.98,7.9,80.73,637.77,1,2,High,1.1,699.75,1017.95,992.86
Kerala,Home Decor,Wood,201.26,11.6,79.73,924.87,3,2,Medium,1.0,1126.13,1445.8,1544.78
West Bengal,Bamboo Toy,Bamboo,171.15,2.6,55.98,145.55,4,4,High,1.1,316.7,460.41,467.43
Telangana,Home Decor,Clay,38.39,13.6,77.3,1051.28,3,5,High,1.1,1089.67,1569.53,1733.34
Andhra Pradesh,Clay/Terracotta Toy,Clay,49.87,4.1,65.18,267.24,1,2,High,1.1,317.11,389.17,406.19
Gujarat,Bamboo Craft,Bamboo,197.42,6.5,59.9,389.35,4,2,High,1.1,586.77,823.59,823.53
Uttar Pradesh,Pottery,Clay,75.59,5.0,69.97,349.85,5,1,Low,0.9,425.44,583.71,563.92
Telangana,Metal Craft,Brass,622.68,11.0,55.8,613.8,1,5,High,1.1,1236.48,1849.39,1982.92
Telangana,Bamboo Craft,Bamboo,240.15,6.0,75.13,450.78,4,2,Low,0.9,690.93,1061.85,918.87
Karnataka,Handmade Jewelry,Brass,343.32,9.7,71.6,694.52,1,2,Very High,1.2,1037.84,1631.27,1720.72
Uttar Pradesh,Metal Craft,Copper,665.99,12.7,65.51,831.98,3,5,High,1.1,1497.97,2327.5,2321.22
Andhra Pradesh,Metal Craft,Brass,806.69,9.1,57.87,526.62,1,5,Very High,1.2,1333.31,1986.67,2187.31
West Bengal,Clay/Terracotta Toy,Clay,47.4,7.3,73.72,538.16,1,5,High,1.1,585.56,975.19,937.02
Rajasthan,Home Decor,Cotton,198.7,6.6,51.56,340.3,1,2,Low,0.9,539.0,655.99,631.72
Odisha,Handmade Jewelry,Silver,849.55,9.0,59.81,538.29,4,3,High,1.1,1387.84,2134.01,2283.16
Karnataka,Bamboo Toy,Bamboo,51.69,5.9,70.92,418.43,4,3,Medium,1.0,470.12,592.53,627.46
Tamil Nadu,Bamboo Toy,Bamboo,102.61,4.3,67.54,290.42,5,2,High,1.1,393.03,600.33,596.2
Rajasthan,Wood Craft,Bamboo,231.14,5.1,64.52,329.05,5,2,Very High,1.2,560.19,723.24,874.54
Kerala,Textile Craft,Wool,138.69,7.3,70.81,516.91,4,1,Very High,1.2,655.6,922.27,1006.62
Telangana,Bamboo Toy,Cane,246.85,5.1,50.58,257.96,3,4,High,1.1,504.81,759.54,766.31
Karnataka,Handmade Jewelry,Brass,322.01,4.2,77.8,326.76,2,3,Medium,1.0,648.77,1035.97,928.38
Karnataka,Clay/Terracotta Toy,Clay,75.17,7.2,72.27,520.34,3,1,Medium,1.0,595.51,674.18,705.4
Tamil Nadu,Home Decor,Clay,75.95,12.1,65.46,792.07,5,4,High,1.1,868.02,1306.21,1368.06
Karnataka,Clay/Terracotta Toy,Clay,148.48,6.1,63.53,387.53,5,2,High,1.1,536.01,852.57,861.76
Karnataka,Metal Craft,Iron,234.91,4.1,67.39,276.3,5,2,Very High,1.2,511.21,979.56,968.18
Kerala,Home Decor,Bamboo,191.87,6.0,81.38,488.28,4,3,Very High,1.2,680.15,989.25,1082.76
Gujarat,Bamboo Toy,Bamboo,208.19,6.0,84.79,508.74,3,3,Low,0.9,716.93,1161.75,969.23
Rajasthan,Home Decor,Cotton,168.47,12.7,62.26,790.7,3,3,Low,0.9,959.17,1629.71,1408.83
Andhra Pradesh,Metal Craft,Brass,599.38,11.5,71.93,827.2,3,5,Low,0.9,1426.58,2656.05,2267.12
Andhra Pradesh,Clay/Terracotta Toy,Terracotta,180.9,6.9,50.59,349.07,3,3,Very High,1.2,529.97,601.61,741.74
Rajasthan,Home Decor,Bamboo,111.38,8.9,64.64,575.3,3,4,Very High,1.2,686.68,959.96,1134.46
Kerala,Bamboo Toy,Bamboo,208.53,5.6,61.79,346.02,5,3,Very High,1.2,554.55,841.74,875.18
Karnataka,Bamboo Toy,Cane,101.33,2.9,75.62,219.3,4,2,Very High,1.2,320.63,554.34,544.09
West Bengal,Metal Craft,Brass,764.94,8.0,58.76,470.08,1,5,Medium,1.0,1235.02,1756.2,1782.57
Andhra Pradesh,Home Decor,Wood,168.44,11.6,73.59,853.64,5,2,Medium,1.0,1022.08,1479.93,1468.13
Odisha,Bamboo Toy,Bamboo,193.42,3.4,65.67,223.28,2,4,Low,0.9,416.7,662.02,556.98
Telangana,Clay/Terracotta Toy,Clay,67.93,2.5,59.88,149.7,4,5,Very High,1.2,217.63,401.29,393.13
Gujarat,Wood Craft,Wood,205.43,12.6,72.3,910.98,4,5,High,1.1,1116.41,1842.02,1831.06
Telangana,Clay/Terracotta Toy,Clay,100.09,3.9,64.26,250.61,5,4,Low,0.9,350.7,445.54,447.98
Telangana,Bamboo Toy,Bamboo,180.53,5.4,75.52,407.81,1,5,High,1.1,588.34,866.18,824.37
Kerala,Clay/Terracotta Toy,Terracotta,51.57,2.2,63.74,140.23,2,4,Very High,1.2,191.8,234.72,283.71
Gujarat,Metal Craft,Iron,588.94,12.0,84.44,1013.28,1,5,Medium,1.0,1602.22,2363.39,2260.07
Uttar Pradesh,Wood Craft,Wood,160.31,8.2,55.17,452.39,3,2,Very High,1.2,612.7,755.29,918.86
Odisha,Bamboo Toy,Cane,90.3,5.4,58.6,316.44,1,4,Medium,1.0,406.74,423.41,467.75
Telangana,Textile Craft,Silk,495.32,9.8,78.41,768.42,1,5,Very High,1.2,1263.74,1732.91,1895.23
West Bengal,Pottery,Clay,57.16,5.4,73.83,398.68,4,3,Medium,1.0,455.84,522.7,567.34
Gujarat,Wooden Toy,Wood,263.52,3.3,56.29,185.76,5,1,Medium,1.0,449.28,548.73,564.86
Odisha,Textile Craft,Wool,175.76,7.8,51.4,400.92,4,3,Very High,1.2,576.68,916.17,977.53
Andhra Pradesh,Handmade Jewelry,Silver,1380.23,9.5,54.61,518.79,3,3,Low,0.9,1899.03,3311.46,2806.78
Kerala,Textile Craft,Cotton,299.8,11.3,67.42,761.85,4,3,Low,0.9,1061.65,1377.64,1377.75
Telangana,Bamboo Craft,Cane,149.45,10.8,75.27,812.92,3,3,Medium,1.0,962.37,1348.64,1313.38
Telangana,Textile Craft,Silk,575.17,7.0,73.25,512.75,5,2,High,1.1,1087.92,1410.21,1590.34
Uttar Pradesh,Wooden Toy,Wood,198.78,4.5,70.44,316.98,5,3,Very High,1.2,515.76,814.57,833.3
Andhra Pradesh,Clay/Terracotta Toy,Clay,127.25,3.2,67.72,216.7,4,3,High,1.1,343.95,448.28,486.94
Odisha,Wood Craft,Wood,263.71,11.9,67.88,807.77,5,5,Low,0.9,1071.48,1862.76,1648.76
Tamil Nadu,Wooden Toy,Bamboo,247.73,7.5,64.65,484.88,2,1,High,1.1,732.61,1152.33,1072.9
Uttar Pradesh,Pottery,Terracotta,53.25,3.7,50.26,185.96,4,3,High,1.1,239.21,300.97,334.67
Gujarat,Bamboo Craft,Bamboo,226.4,6.1,64.57,393.88,5,3,Very High,1.2,620.28,864.25,973.32
Andhra Pradesh,Metal Craft,Brass,310.47,15.6,77.06,1202.14,3,5,Very High,1.2,1512.61,2952.25,2924.64
Telangana,Textile Craft,Cotton,259.5,7.3,73.68,537.86,4,5,High,1.1,797.36,1023.9,1195.08
Andhra Pradesh,Metal Craft,Iron,287.0,13.9,77.06,1071.13,3,2,Very High,1.2,1358.13,2392.71,2369.73
Uttar Pradesh,Bamboo Toy,Cane,236.18,2.9,62.25,180.53,3,4,Medium,1.0,416.71,530.18,564.66
Karnataka,Home Decor,Bamboo,180.13,11.9,63.11,751.01,1,2,Low,0.9,931.14,1264.43,1148.59
Tamil Nadu,Home Decor,Wood,213.99,3.6,78.72,283.39,4,5,High,1.1,497.38,770.25,805.6
West Bengal,Wood Craft,Wood,386.48,5.0,63.19,315.95,3,4,Very High,1.2,702.43,907.46,1057.3
Karnataka,Pottery,Terracotta,177.79,7.5,55.9,419.25,1,1,Low,0.9,597.04,808.53,702.07
Karnataka,Handmade Jewelry,Silver,594.45,8.9,84.65,753.39,1,4,High,1.1,1347.84,2104.47,2142.07
West Bengal,Bamboo Toy,Bamboo,182.92,3.6,77.99,280.76,3,4,Low,0.9,463.68,771.58,648.49
Kerala,Home Decor,Cotton,262.94,9.2,61.97,570.12,3,4,Very High,1.2,833.06,1298.01,1331.32
West Bengal,Pottery,Terracotta,114.4,5.4,77.34,417.64,4,1,Low,0.9,532.04,762.34,693.0
Rajasthan,Clay/Terracotta Toy,Clay,145.04,5.2,69.93,363.64,4,2,Very High,1.2,508.68,624.95,720.48
Uttar Pradesh,Wooden Toy,Wood,296.78,4.4,62.35,274.34,3,2,Medium,1.0,571.12,766.17,732.55
Kerala,Handmade Jewelry,Copper,774.57,7.7,63.57,489.49,4,2,High,1.1,1264.06,2050.21,2012.36
Telangana,Pottery,Terracotta,58.18,5.7,56.57,322.45,3,1,Very High,1.2,380.63,566.48,604.76
Odisha,Home Decor,Clay,63.3,6.8,45.68,310.62,5,1,Medium,1.0,373.92,582.17,555.08
Odisha,Textile Craft,Wool,153.92,10.2,68.21,695.74,4,4,Low,0.9,849.66,1271.17,1139.05
Gujarat,Wood Craft,Bamboo,204.15,3.1,58.02,179.86,5,2,Very High,1.2,384.01,683.56,682.79
Karnataka,Bamboo Craft,Cane,188.82,8.5,72.15,613.28,4,4,Low,0.9,802.1,1106.55,1027.21
Uttar Pradesh,Clay/Terracotta Toy,Clay,152.67,5.3,72.96,386.69,3,5,Very High,1.2,539.36,719.53,860.88
Tamil Nadu,Textile Craft,Wool,402.48,6.7,66.49,445.48,3,4,Very High,1.2,847.96,1331.06,1391.58
Odisha,Handmade Jewelry,Silver,1156.77,3.0,61.83,185.49,4,5,Medium,1.0,1342.26,2362.21,2121.65
Uttar Pradesh,Clay/Terracotta Toy,Clay,109.36,5.8,67.89,393.76,1,4,Medium,1.0,503.12,646.07,675.52
Andhra Pradesh,Metal Craft,Copper,488.89,6.5,77.04,500.76,3,2,Very High,1.2,989.65,1203.58,1416.6
Gujarat,Home Decor,Bamboo,50.92,8.3,75.41,625.9,1,5,High,1.1,676.82,943.02,1011.72
Uttar Pradesh,Bamboo Toy,Bamboo,130.58,5.4,53.51,288.95,3,4,Medium,1.0,419.53,678.42,630.21
Andhra Pradesh,Home Decor,Cotton,232.39,13.7,54.73,749.8,3,1,Low,0.9,982.19,1329.78,1217.61
Tamil Nadu,Metal Craft,Iron,356.04,5.6,73.5,411.6,1,4,High,1.1,767.64,1123.26,1189.21
Kerala,Handmade Jewelry,Brass,687.34,8.7,73.64,640.67,5,4,High,1.1,1328.01,1863.34,2048.75
West Bengal,Pottery,Clay,174.48,8.4,79.85,670.74,3,5,Very High,1.2,845.22,1350.65,1438.09
Uttar Pradesh,Wood Craft,Wood,311.28,7.6,69.69,529.64,3,3,Very High,1.2,840.92,1299.05,1415.23
West Bengal,Handmade Jewelry,Beads,169.31,2.6,68.96,179.3,4,3,High,1.1,348.61,485.76,523.89
Kerala,Wood Craft,Bamboo,245.03,7.0,89.44,626.08,4,3,High,1.1,871.11,1065.4,1243.35
West Bengal,Clay/Terracotta Toy,Terracotta,164.78,4.5,57.55,258.97,5,1,Medium,1.0,423.75,530.86,549.86
Telangana,Home Decor,Cotton,269.8,11.7,66.77,781.21,1,3,High,1.1,1051.01,1301.44,1382.18
Tamil Nadu,Textile Craft,Silk,455.69,11.4,82.16,936.62,4,3,Very High,1.2,1392.31,2009.87,2331.97
Andhra Pradesh,Textile Craft,Silk,562.01,3.3,68.76,226.91,3,3,Low,0.9,788.92,1248.97,1102.45
Uttar Pradesh,Handmade Jewelry,Silver,1270.28,3.6,56.84,204.62,5,3,Very High,1.2,1474.9,2654.5,2790.57
Odisha,Bamboo Toy,Cane,64.34,5.3,69.39,367.77,5,5,Very High,1.2,432.11,716.57,722.06
West Bengal,Metal Craft,Copper,757.89,15.7,77.7,1219.89,4,4,Very High,1.2,1977.78,3189.29,3280.95
Karnataka,Metal Craft,Copper,624.78,7.8,70.37,548.89,1,4,Very High,1.2,1173.67,1853.37,1853.17
Tamil Nadu,Textile Craft,Cotton,302.46,4.7,84.09,395.22,5,3,High,1.1,697.68,976.25,1107.31
Uttar Pradesh,Wood Craft,Bamboo,95.91,6.3,69.0,434.7,1,5,Medium,1.0,530.61,710.91,736.15
Uttar Pradesh,Wooden Toy,Bamboo,146.63,2.9,64.84,188.04,5,2,Very High,1.2,334.67,527.61,542.47
Uttar Pradesh,Pottery,Terracotta,179.85,6.7,58.64,392.89,3,1,High,1.1,572.74,836.35,837.03
Andhra Pradesh,Metal Craft,Brass,743.28,14.0,67.21,940.94,1,3,Low,0.9,1684.22,1886.41,1936.85
Karnataka,Handmade Jewelry,Beads,359.06,5.6,82.25,460.6,3,4,High,1.1,819.66,1377.94,1331.01
Tamil Nadu,Wooden Toy,Wood,300.56,9.5,83.15,789.93,3,2,Low,0.9,1090.49,1471.99,1348.66
Uttar Pradesh,Bamboo Toy,Cane,80.92,5.6,47.44,265.66,2,5,Low,0.9,346.58,520.94,472.83
Andhra Pradesh,Wood Craft,Wood,128.06,9.9,60.18,595.78,2,3,Medium,1.0,723.84,946.8,992.61
West Bengal,Pottery,Clay,158.68,8.6,56.67,487.36,3,3,Very High,1.2,646.04,991.48,978.37
Gujarat,Textile Craft,Cotton,236.46,11.0,64.82,713.02,5,2,Low,0.9,949.48,1181.04,1207.43
Andhra Pradesh,Home Decor,Wood,258.04,5.9,79.31,467.93,1,5,Very High,1.2,725.97,1051.52,1090.02
Odisha,Metal Craft,Iron,211.05,9.2,66.62,612.9,2,2,Low,0.9,823.95,1383.84,1188.76
Andhra Pradesh,Wooden Toy,Bamboo,157.39,8.6,55.46,476.96,3,3,High,1.1,634.35,842.64,900.61
Rajasthan,Textile Craft,Wool,204.7,6.3,45.13,284.32,3,5,High,1.1,489.02,829.41,774.0
Odisha,Bamboo Craft,Bamboo,145.41,11.4,63.16,720.02,5,5,High,1.1,865.43,1114.16,1251.01
Odisha,Pottery,Terracotta,170.43,5.1,57.63,293.91,2,2,Low,0.9,464.34,539.52,533.99
Gujarat,Wooden Toy,Bamboo,205.83,7.8,67.41,525.8,5,2,Medium,1.0,731.63,964.97,1016.83
Gujarat,Bamboo Craft,Cane,68.29,6.4,61.32,392.45,3,2,Medium,1.0,460.74,597.42,581.56
Tamil Nadu,Metal Craft,Iron,250.22,14.6,57.57,840.52,5,1,High,1.1,1090.74,1675.61,1639.61
Gujarat,Pottery,Clay,175.15,8.7,55.01,478.59,2,3,Very High,1.2,653.74,904.33,981.42
Karnataka,Metal Craft,Copper,443.56,6.3,74.71,470.67,2,1,High,1.1,914.23,1376.32,1370.56
Andhra Pradesh,Wood Craft,Bamboo,170.4,11.6,64.32,746.11,3,1,Medium,1.0,916.51,1444.59,1328.19
Uttar Pradesh,Metal Craft,Copper,341.4,15.4,59.73,919.84,2,3,High,1.1,1261.24,1808.89,1903.72
Karnataka,Metal Craft,Iron,401.52,7.8,70.93,553.25,4,5,Very High,1.2,954.77,1641.07,1761.58
Uttar Pradesh,Home Decor,Wood,356.48,8.8,47.61,418.97,4,1,Very High,1.2,775.45,1386.75,1377.85
West Bengal,Home Decor,Clay,63.88,10.5,79.71,836.95,1,1,Low,0.9,900.83,1137.23,1068.46
Odisha,Bamboo Craft,Bamboo,135.76,11.3,49.14,555.28,4,5,High,1.1,691.04,1092.08,1138.64
Karnataka,Bamboo Toy,Cane,227.37,5.4,76.31,412.07,5,5,Very High,1.2,639.44,1151.39,1147.07
Karnataka,Textile Craft,Wool,290.93,8.6,74.09,637.17,1,4,Low,0.9,928.1,1269.49,1208.21
Telangana,Bamboo Toy,Cane,205.06,2.8,75.69,211.93,4,1,Medium,1.0,416.99,619.48,577.21
Gujarat,Clay/Terracotta Toy,Clay,73.55,2.8,69.81,195.47,1,2,Low,0.9,269.02,382.31,341.0
Karnataka,Handmade Jewelry,Beads,87.98,11.3,58.64,662.63,2,4,High,1.1,750.61,1281.52,1195.78
Tamil Nadu,Textile Craft,Cotton,254.85,8.2,57.12,468.38,2,1,Medium,1.0,723.23,1130.57,1028.6
Telangana,Bamboo Craft,Bamboo,180.77,7.7,56.35,433.9,5,2,Medium,1.0,614.67,789.31,863.38
Gujarat,Clay/Terracotta Toy,Clay,137.53,2.2,55.71,122.56,1,1,Medium,1.0,260.09,354.18,339.68
Kerala,Bamboo Toy,Cane,220.7,7.5,62.28,467.1,1,2,High,1.1,687.8,931.99,905.88
Odisha,Pottery,Terracotta,190.32,3.2,51.54,164.93,2,3,High,1.1,355.25,479.26,513.26
Tamil Nadu,Clay/Terracotta Toy,Terracotta,97.1,7.7,84.12,647.72,1,1,High,1.1,744.82,818.21,892.61
Telangana,Metal Craft,Brass,416.87,11.6,73.28,850.05,3,4,Very High,1.2,1266.92,2422.47,2377.57
Andhra Pradesh,Wood Craft,Wood,171.8,12.1,54.13,654.97,2,4,Very High,1.2,826.77,1416.37,1407.72
Uttar Pradesh,Pottery,Clay,88.18,7.4,64.89,480.19,2,5,Very High,1.2,568.37,700.19,836.32
Karnataka,Home Decor,Cotton,221.0,11.4,63.62,725.27,2,2,High,1.1,946.27,1494.56,1444.29
Gujarat,Metal Craft,Brass,444.1,8.7,83.28,724.54,4,5,Medium,1.0,1168.64,1706.11,1749.68
Tamil Nadu,Metal Craft,Brass,570.76,5.0,82.74,413.7,4,3,High,1.1,984.46,1883.55,1762.24
Karnataka,Textile Craft,Cotton,267.48,5.9,70.98,418.78,4,2,Low,0.9,686.26,1088.99,977.61
Andhra Pradesh,Bamboo Craft,Cane,188.74,8.8,69.72,613.54,2,5,Medium,1.0,802.28,968.72,1021.59
Telangana,Wooden Toy,Bamboo,216.3,5.5,61.83,340.06,2,4,Very High,1.2,556.37,839.93,832.71
Odisha,Pottery,Terracotta,100.63,6.7,55.1,369.17,4,4,Very High,1.2,469.8,755.89,763.1
Telangana,Home Decor,Bamboo,188.83,13.5,63.08,851.58,5,1,High,1.1,1040.41,1281.36,1420.34
Telangana,Textile Craft,Cotton,132.38,11.0,62.0,682.0,1,3,Low,0.9,814.38,1108.43,1062.68
West Bengal,Wooden Toy,Wood,139.02,5.4,56.17,303.32,1,3,Low,0.9,442.34,559.29,529.06
Karnataka,Textile Craft,Cotton,154.65,8.3,77.16,640.43,5,5,High,1.1,795.08,1538.95,1474.13
Tamil Nadu,Bamboo Toy,Cane,269.41,2.1,75.53,158.61,5,4,Medium,1.0,428.02,582.3,614.94
Tamil Nadu,Clay/Terracotta Toy,Terracotta,172.68,3.2,84.71,271.07,4,3,Very High,1.2,443.75,546.17,632.36
Telangana,Pottery,Terracotta,82.26,5.8,53.48,310.18,4,4,High,1.1,392.44,654.68,638.5
Rajasthan,Bamboo Craft,Bamboo,140.32,10.4,60.62,630.45,1,2,Very High,1.2,770.77,891.96,1098.63
Odisha,Textile Craft,Silk,317.64,8.7,60.02,522.17,3,3,High,1.1,839.81,1308.53,1343.49
Andhra Pradesh,Wooden Toy,Wood,178.21,7.1,52.33,371.54,4,2,Medium,1.0,549.75,760.93,762.1
Karnataka,Bamboo Toy,Cane,184.75,2.5,56.64,141.6,4,3,Medium,1.0,326.35,462.55,459.95
Rajasthan,Clay/Terracotta Toy,Clay,109.44,3.8,67.44,256.27,3,4,Very High,1.2,365.71,517.28,545.51
Tamil Nadu,Home Decor,Bamboo,177.37,12.5,83.64,1045.5,1,4,Very High,1.2,1222.87,1954.72,1962.57
Rajasthan,Bamboo Craft,Bamboo,166.56,6.9,67.31,464.44,4,5,Very High,1.2,631.0,1103.18,1103.46
Uttar Pradesh,Home Decor,Wood,142.25,4.3,59.17,254.43,4,5,High,1.1,396.68,714.6,679.41
Rajasthan,Wooden Toy,Bamboo,81.25,9.7,57.45,557.26,2,2,Very High,1.2,638.51,781.86,880.82
Karnataka,Pottery,Clay,152.17,8.0,60.11,480.88,1,3,Medium,1.0,633.05,987.01,882.54
Uttar Pradesh,Home Decor,Wood,147.41,9.0,65.63,590.67,1,4,Very High,1.2,738.08,911.27,1090.14
Gujarat,Textile Craft,Cotton,181.08,7.0,83.35,583.45,2,4,High,1.1,764.53,1232.33,1187.63
Uttar Pradesh,Wooden Toy,Wood,373.91,4.3,59.87,257.44,3,5,Low,0.9,631.35,820.63,775.86
Telangana,Metal Craft,Iron,243.86,4.6,75.63,347.9,4,4,Medium,1.0,591.76,842.98,841.87
West Bengal,Pottery,Terracotta,104.79,2.2,58.31,128.28,2,5,Medium,1.0,233.07,256.85,283.21
Uttar Pradesh,Bamboo Craft,Bamboo,113.64,10.3,50.46,519.74,5,2,Low,0.9,633.38,853.74,850.2
Rajasthan,Textile Craft,Silk,538.2,4.6,73.37,337.5,3,4,High,1.1,875.7,1575.51,1509.25
Odisha,Bamboo Craft,Bamboo,199.26,3.7,66.53,246.16,2,5,High,1.1,445.42,599.81,649.64
Uttar Pradesh,Textile Craft,Wool,353.66,4.1,64.14,262.97,5,2,Very High,1.2,616.63,1105.18,1099.73
Telangana,Pottery,Clay,141.13,4.5,52.71,237.19,2,4,Medium,1.0,378.32,512.77,514.02
Gujarat,Textile Craft,Silk,575.25,7.5,62.47,468.52,4,2,Medium,1.0,1043.78,1182.88,1295.6
Uttar Pradesh,Handmade Jewelry,Copper,781.34,11.7,63.55,743.53,5,2,High,1.1,1524.88,2624.23,2496.59
Rajasthan,Wood Craft,Wood,363.12,5.5,48.41,266.25,3,3,High,1.1,629.38,1031.54,1018.77
Gujarat,Home Decor,Bamboo,50.14,6.3,66.45,418.63,1,2,Very High,1.2,468.77,621.04,684.01
West Bengal,Metal Craft,Brass,505.5,7.0,54.85,383.95,1,5,High,1.1,889.45,1138.58,1245.15
Karnataka,Metal Craft,Copper,823.8,5.2,62.3,323.96,3,5,Very High,1.2,1147.76,1949.49,1958.13
Kerala,Metal Craft,Brass,792.11,4.1,81.35,333.53,1,3,Very High,1.2,1125.64,1421.83,1610.14
Uttar Pradesh,Home Decor,Cotton,199.05,5.2,50.21,261.09,2,5,Very High,1.2,460.14,720.78,756.66
Telangana,Home Decor,Wood,390.28,13.6,76.63,1042.17,5,1,Medium,1.0,1432.45,2082.36,2159.39
Telangana,Pottery,Terracotta,61.51,3.7,61.34,226.96,3,1,High,1.1,288.47,327.62,361.44
Uttar Pradesh,Metal Craft,Copper,832.14,8.5,52.09,442.77,5,5,High,1.1,1274.9,2208.05,2217.02
Tamil Nadu,Wooden Toy,Wood,176.05,7.1,59.62,423.3,4,1,High,1.1,599.35,824.01,849.16
Tamil Nadu,Clay/Terracotta Toy,Terracotta,172.12,5.0,58.26,291.3,4,2,Very High,1.2,463.42,574.95,664.22
Odisha,Pottery,Terracotta,187.08,7.4,48.8,361.12,5,2,Medium,1.0,548.2,768.12,800.16
Gujarat,Bamboo Toy,Cane,211.05,4.3,73.8,317.34,3,1,Medium,1.0,528.39,592.33,624.39
Odisha,Wood Craft,Wood,269.02,7.1,72.99,518.23,1,4,High,1.1,787.25,1125.22,1142.64
Andhra Pradesh,Bamboo Toy,Bamboo,57.46,6.2,62.17,385.45,4,2,High,1.1,442.91,517.31,590.95
Rajasthan,Bamboo Toy,Bamboo,234.94,5.8,59.36,344.29,1,3,Very High,1.2,579.23,763.71,843.01
Uttar Pradesh,Wood Craft,Wood,314.87,6.3,62.5,393.75,3,1,High,1.1,708.62,1155.74,1088.86
Andhra Pradesh,Wooden Toy,Bamboo,170.26,6.5,58.88,382.72,1,4,Very High,1.2,552.98,839.65,877.51
Rajasthan,Textile Craft,Wool,182.65,5.7,59.05,336.58,3,1,Medium,1.0,519.24,706.08,710.93
Andhra Pradesh,Bamboo Craft,Cane,273.1,7.0,63.47,444.29,5,4,High,1.1,717.39,1082.21,1127.28
Telangana,Home Decor,Cotton,114.65,11.4,70.23,800.62,2,2,Very High,1.2,915.27,1269.58,1324.82
Karnataka,Home Decor,Wood,300.67,13.0,58.53,760.89,2,1,High,1.1,1061.56,1498.63,1459.11
Kerala,Wooden Toy,Bamboo,105.63,9.4,89.35,839.89,3,3,Low,0.9,945.52,1282.14,1159.33
Uttar Pradesh,Bamboo Craft,Cane,100.93,8.0,52.77,422.16,2,3,Medium,1.0,523.09,838.36,763.01
Kerala,Wood Craft,Wood,246.6,8.8,79.1,696.08,5,4,Medium,1.0,942.68,1409.4,1435.98
Andhra Pradesh,Pottery,Clay,114.84,4.7,72.6,341.22,1,3,Medium,1.0,456.06,546.52,572.73
Karnataka,Metal Craft,Copper,660.27,5.0,78.71,393.55,4,5,Medium,1.0,1053.82,1707.4,1696.84
Gujarat,Clay/Terracotta Toy,Clay,123.52,6.2,81.8,507.16,3,2,High,1.1,630.68,985.32,946.52
Uttar Pradesh,Wooden Toy,Wood,250.86,2.2,53.11,116.84,3,2,High,1.1,367.7,577.77,550.04
Andhra Pradesh,Textile Craft,Silk,622.66,8.5,56.16,477.36,2,3,Low,0.9,1100.02,1824.28,1545.58
Odisha,Pottery,Terracotta,163.55,5.2,60.38,313.98,1,5,Low,0.9,477.53,621.74,609.9
Karnataka,Wood Craft,Wood,117.6,9.2,71.71,659.73,5,1,High,1.1,777.33,1047.78,1120.98
Telangana,Handmade Jewelry,Brass,569.08,8.6,54.46,468.36,1,4,Medium,1.0,1037.44,1755.95,1623.26
Odisha,Clay/Terracotta Toy,Clay,163.75,5.2,62.22,323.54,5,5,Low,0.9,487.29,888.14,741.65
Gujarat,Pottery,Terracotta,147.65,8.2,68.13,558.67,3,5,High,1.1,706.32,874.65,962.95
West Bengal,Clay/Terracotta Toy,Clay,166.6,2.4,55.12,132.29,1,1,Medium,1.0,298.89,423.3,398.22
West Bengal,Textile Craft,Wool,322.76,7.1,74.17,526.61,1,3,Very High,1.2,849.37,1191.93,1296.41
Gujarat,Textile Craft,Silk,375.5,7.9,73.42,580.02,5,2,Low,0.9,955.52,1506.33,1345.09
Tamil Nadu,Bamboo Craft,Cane,87.5,7.6,74.63,567.19,4,5,High,1.1,654.69,1082.1,1069.45
Rajasthan,Handmade Jewelry,Silver,1324.53,2.6,65.6,170.56,2,2,Low,0.9,1495.09,2085.64,1950.75
Kerala,Clay/Terracotta Toy,Terracotta,182.86,5.4,88.95,480.33,3,5,Medium,1.0,663.19,835.5,910.72
Gujarat,Clay/Terracotta Toy,Terracotta,60.29,6.6,72.61,479.23,1,2,High,1.1,539.52,750.95,762.44
Uttar Pradesh,Home Decor,Clay,140.89,8.9,64.23,571.65,1,3,Very High,1.2,712.54,1115.6,1096.28
West Bengal,Wooden Toy,Bamboo,221.15,5.6,51.75,289.8,5,3,Low,0.9,510.95,910.94,766.57
Karnataka,Pottery,Terracotta,120.9,6.3,56.84,358.09,1,1,Medium,1.0,478.99,653.32,601.41
Gujarat,Pottery,Terracotta,171.03,4.9,63.34,310.37,3,1,High,1.1,481.4,662.84,672.65
Uttar Pradesh,Handmade Jewelry,Copper,265.63,11.8,62.23,734.31,2,1,High,1.1,999.94,1111.6,1287.05
Rajasthan,Bamboo Toy,Bamboo,149.01,3.9,59.8,233.22,4,4,Low,0.9,382.23,608.47,523.11
Karnataka,Bamboo Craft,Cane,97.01,3.5,75.38,263.83,3,4,Medium,1.0,360.84,475.45,508.23
Andhra Pradesh,Pottery,Clay,143.33,7.2,59.31,427.03,3,5,Very High,1.2,570.36,742.74,865.84
Kerala,Clay/Terracotta Toy,Clay,153.42,2.8,66.33,185.72,2,2,Low,0.9,339.14,509.92,440.5
Tamil Nadu,Textile Craft,Cotton,153.49,11.5,68.02,782.23,3,4,Very High,1.2,935.72,1362.81,1448.08
Tamil Nadu,Handmade Jewelry,Copper,726.01,6.7,83.5,559.45,1,1,High,1.1,1285.46,1442.51,1633.31
Kerala,Home Decor,Cotton,287.54,7.9,81.37,642.82,1,3,Low,0.9,930.36,1591.58,1353.63
Karnataka,Bamboo Craft,Cane,162.32,8.0,56.04,448.32,3,2,High,1.1,610.64,970.25,922.08
Kerala,Clay/Terracotta Toy,Terracotta,173.97,3.3,84.11,277.56,1,3,Medium,1.0,451.53,551.38,565.0
Telangana,Handmade Jewelry,Brass,281.82,10.7,69.61,744.83,2,4,Very High,1.2,1026.65,1641.13,1770.18
West Bengal,Textile Craft,Cotton,300.69,9.2,55.69,512.35,5,4,Medium,1.0,813.04,1151.0,1224.93
Kerala,Wood Craft,Bamboo,54.69,6.0,75.37,452.22,2,1,High,1.1,506.91,763.42,771.7
Telangana,Home Decor,Wood,116.07,13.5,68.68,927.18,2,5,Very High,1.2,1043.25,1506.87,1776.28
Uttar Pradesh,Wooden Toy,Bamboo,112.92,9.5,46.37,440.51,1,3,High,1.1,553.43,791.39,813.96
Gujarat,Metal Craft,Iron,156.46,5.6,62.91,352.3,1,4,Very High,1.2,508.76,794.59,801.27
Gujarat,Home Decor,Cotton,270.82,13.8,77.4,1068.12,3,4,High,1.1,1338.94,2321.81,2184.58
Uttar Pradesh,Home Decor,Wood,341.16,8.9,55.67,495.46,1,1,Very High,1.2,836.62,1160.03,1237.0
Tamil Nadu,Wood Craft,Bamboo,181.87,12.9,64.29,829.34,5,2,High,1.1,1011.21,1655.06,1601.99
Tamil Nadu,Clay/Terracotta Toy,Terracotta,56.93,4.5,78.22,351.99,3,2,Very High,1.2,408.92,679.64,686.27
Kerala,Handmade Jewelry,Copper,275.34,9.2,79.33,729.84,1,1,Low,0.9,1005.18,1255.24,1201.47
Rajasthan,Wood Craft,Bamboo,82.79,9.3,61.4,571.02,4,5,Low,0.9,653.81,914.75,910.9
Uttar Pradesh,Wood Craft,Wood,202.03,12.3,65.38,804.17,4,1,Very High,1.2,1006.2,1507.91,1668.29
Karnataka,Textile Craft,Wool,388.65,11.4,78.44,894.22,5,5,Low,0.9,1282.87,2019.8,1873.17
Tamil Nadu,Metal Craft,Iron,152.0,6.6,67.89,448.07,3,1,Low,0.9,600.07,919.98,834.57
Uttar Pradesh,Pottery,Terracotta,93.05,7.9,49.22,388.84,1,3,Very High,1.2,481.89,696.01,701.74
Telangana,Metal Craft,Copper,672.81,8.7,77.81,676.95,4,5,High,1.1,1349.76,1999.93,2125.64
Tamil Nadu,Handmade Jewelry,Silver,696.06,10.0,80.69,806.9,2,4,Low,0.9,1502.96,2184.01,1996.98
Odisha,Home Decor,Cotton,332.16,5.4,58.75,317.25,1,3,Low,0.9,649.41,749.68,776.08
Tamil Nadu,Bamboo Toy,Cane,226.84,5.0,69.39,346.95,2,1,High,1.1,573.79,744.97,766.57
Odisha,Bamboo Toy,Bamboo,125.46,4.8,52.33,251.18,4,3,High,1.1,376.64,579.45,583.14
Karnataka,Pottery,Clay,128.83,4.5,69.99,314.95,2,4,Very High,1.2,443.78,618.09,687.27
Andhra Pradesh,Handmade Jewelry,Copper,541.25,7.4,58.35,431.79,5,5,Very High,1.2,973.04,1568.08,1713.67
Karnataka,Bamboo Toy,Bamboo,149.0,2.7,74.48,201.1,1,1,Very High,1.2,350.1,514.9,507.46
Karnataka,Home Decor,Wood,144.97,4.3,79.04,339.87,4,1,Low,0.9,484.84,713.53,644.55
Kerala,Pottery,Clay,95.65,6.6,71.63,472.76,4,2,Very High,1.2,568.41,919.0,919.0
Telangana,Clay/Terracotta Toy,Terracotta,175.82,6.7,70.03,469.2,5,2,Medium,1.0,645.02,854.27,859.13
Gujarat,Wood Craft,Wood,101.85,12.9,81.24,1048.0,4,2,Low,0.9,1149.85,1716.2,1620.29
Uttar Pradesh,Bamboo Craft,Cane,106.57,3.1,47.34,146.75,4,4,High,1.1,253.32,366.48,387.96
Uttar Pradesh,Bamboo Craft,Bamboo,111.22,4.6,67.1,308.66,5,3,Medium,1.0,419.88,691.21,611.55
Karnataka,Textile Craft,Silk,334.66,3.3,56.56,186.65,3,4,Very High,1.2,521.31,755.94,856.21
West Bengal,Handmade Jewelry,Brass,476.1,8.4,67.59,567.76,4,2,High,1.1,1043.86,2024.47,1891.34
Odisha,Home Decor,Cotton,171.53,5.8,59.99,347.94,4,1,Low,0.9,519.47,809.4,699.74
Kerala,Bamboo Toy,Cane,261.12,6.8,80.32,546.18,3,1,Medium,1.0,807.3,831.23,928.39
Kerala,Metal Craft,Brass,804.87,11.7,65.06,761.2,5,5,Medium,1.0,1566.07,3211.35,2836.34
Uttar Pradesh,Wooden Toy,Wood,388.56,3.4,66.47,226.0,5,1,Low,0.9,614.56,1089.17,918.48
West Bengal,Bamboo Toy,Bamboo,242.77,5.0,74.46,372.3,4,4,Very High,1.2,615.07,1008.35,1015.51
Andhra Pradesh,Wood Craft,Wood,175.03,12.0,72.39,868.68,4,4,Medium,1.0,1043.71,1778.34,1582.71
Telangana,Clay/Terracotta Toy,Terracotta,84.28,7.6,69.77,530.25,4,5,Very High,1.2,614.53,1077.5,1064.52
Rajasthan,Wooden Toy,Wood,119.06,7.1,48.5,344.35,5,2,Low,0.9,463.41,817.71,681.77
Telangana,Bamboo Toy,Bamboo,246.05,2.5,61.46,153.65,3,4,Very High,1.2,399.7,631.01,621.73
Rajasthan,Clay/Terracotta Toy,Clay,52.35,8.0,63.19,505.52,3,3,High,1.1,557.87,822.97,844.92
Gujarat,Wood Craft,Bamboo,174.44,5.1,68.77,350.73,4,1,High,1.1,525.17,721.86,749.98
Andhra Pradesh,Textile Craft,Silk,277.46,6.2,55.74,345.59,4,1,Medium,1.0,623.05,1001.16,889.68
Uttar Pradesh,Bamboo Toy,Cane,163.87,7.6,67.79,515.2,4,3,High,1.1,679.07,986.88,1023.38
Telangana,Wood Craft,Bamboo,167.93,11.5,76.77,882.85,5,5,Medium,1.0,1050.78,1737.56,1634.09
Tamil Nadu,Wood Craft,Wood,80.84,8.6,74.26,638.64,2,4,Medium,1.0,719.48,882.04,922.52
Odisha,Bamboo Toy,Bamboo,161.1,7.0,53.78,376.46,2,2,Medium,1.0,537.56,765.65,708.37
Odisha,Home Decor,Wood,106.13,9.6,71.62,687.55,3,3,Very High,1.2,793.68,946.89,1173.88
Tamil Nadu,Textile Craft,Cotton,159.07,11.1,66.37,736.71,2,2,Low,0.9,895.78,1147.49,1054.73
Karnataka,Bamboo Craft,Cane,251.26,7.1,70.5,500.55,5,4,Medium,1.0,751.81,1017.62,1038.76
Uttar Pradesh,Pottery,Clay,133.12,9.0,71.32,641.88,3,1,Medium,1.0,775.0,1183.83,1055.85
Gujarat,Wooden Toy,Bamboo,193.35,8.8,59.58,524.3,2,1,Medium,1.0,717.65,1081.94,1001.74
Odisha,Home Decor,Cotton,152.72,6.6,64.35,424.71,5,1,Low,0.9,577.43,984.93,853.07
Odisha,Wooden Toy,Bamboo,97.3,8.4,50.79,426.64,3,4,Very High,1.2,523.94,625.89,753.18
Gujarat,Bamboo Craft,Bamboo,75.83,6.8,84.69,575.89,1,4,Medium,1.0,651.72,744.89,777.36
Rajasthan,Wooden Toy,Wood,367.48,5.6,56.29,315.22,3,1,High,1.1,682.7,1099.8,1056.05
Kerala,Textile Craft,Silk,528.62,3.9,76.11,296.83,4,5,Medium,1.0,825.45,1496.84,1386.29
Telangana,Handmade Jewelry,Copper,338.65,3.5,60.93,213.25,3,4,Very High,1.2,551.9,952.28,960.94
Tamil Nadu,Bamboo Toy,Cane,84.82,7.9,61.01,481.98,2,1,Low,0.9,566.8,828.02,724.11
Gujarat,Wooden Toy,Wood,272.14,3.5,69.46,243.11,3,4,Very High,1.2,515.25,734.24,813.58
Rajasthan,Wooden Toy,Bamboo,72.19,4.9,71.64,351.04,5,1,High,1.1,423.23,630.63,627.47
Gujarat,Wood Craft,Wood,277.62,7.8,78.92,615.58,3,1,Low,0.9,893.2,1128.2,1072.82
Telangana,Home Decor,Bamboo,241.14,5.1,75.78,386.48,5,4,Medium,1.0,627.62,1201.76,1062.06
Tamil Nadu,Wood Craft,Bamboo,152.89,12.4,76.27,945.75,1,1,Very High,1.2,1098.64,1428.46,1599.59
Rajasthan,Textile Craft,Wool,435.9,3.4,47.06,160.0,1,2,Medium,1.0,595.9,888.87,841.04
Gujarat,Bamboo Craft,Cane,70.1,6.6,75.0,495.0,4,3,High,1.1,565.1,816.17,849.67
Kerala,Wood Craft,Wood,392.26,4.0,84.29,337.16,2,2,Very High,1.2,729.42,869.2,1055.98
Karnataka,Handmade Jewelry,Silver,1136.92,4.4,63.66,280.1,2,1,Medium,1.0,1417.02,2288.99,2068.65
Rajasthan,Wood Craft,Wood,153.28,6.5,59.33,385.64,5,2,Low,0.9,538.92,739.07,739.77
Uttar Pradesh,Bamboo Toy,Bamboo,100.67,4.8,65.87,316.18,1,4,High,1.1,416.85,617.9,609.05
Karnataka,Wooden Toy,Bamboo,215.45,6.8,82.02,557.74,2,5,Medium,1.0,773.19,1177.07,1101.57
Rajasthan,Wooden Toy,Wood,254.53,9.6,71.85,689.76,4,3,High,1.1,944.29,1585.65,1498.33
Andhra Pradesh,Handmade Jewelry,Silver,1183.22,9.7,55.7,540.29,2,5,High,1.1,1723.51,2766.14,2756.59
Uttar Pradesh,Bamboo Craft,Bamboo,233.31,6.0,70.82,424.92,3,3,Medium,1.0,658.23,1038.36,954.84
Tamil Nadu,Handmade Jewelry,Copper,715.64,3.4,77.63,263.94,3,2,High,1.1,979.58,1662.57,1611.78
Andhra Pradesh,Metal Craft,Iron,260.13,7.1,64.75,459.72,3,4,High,1.1,719.86,1241.8,1222.13
Karnataka,Wooden Toy,Bamboo,52.4,3.7,74.62,276.09,2,1,High,1.1,328.49,419.46,445.29
West Bengal,Wooden Toy,Bamboo,186.45,4.9,74.03,362.75,4,5,Low,0.9,549.2,914.34,780.69
Karnataka,Clay/Terracotta Toy,Clay,30.73,5.3,80.58,427.07,3,4,High,1.1,457.8,589.7,670.23
Kerala,Metal Craft,Iron,290.34,11.5,78.17,898.96,5,5,Low,0.9,1189.3,2199.65,1859.67
Rajasthan,Handmade Jewelry,Brass,465.85,3.4,52.79,179.49,2,1,Very High,1.2,645.34,1049.82,1057.71
Gujarat,Home Decor,Wood,188.63,10.2,55.04,561.41,1,2,Medium,1.0,750.04,877.99,929.5
Andhra Pradesh,Handmade Jewelry,Copper,412.85,6.0,50.96,305.76,3,4,High,1.1,718.61,1241.08,1225.41
Odisha,Handmade Jewelry,Silver,1470.19,2.2,56.89,125.16,4,2,Medium,1.0,1595.35,2268.43,2308.09
Karnataka,Pottery,Clay,176.78,5.5,64.4,354.2,3,3,Very High,1.2,530.98,833.06,832.74
West Bengal,Bamboo Toy,Cane,125.29,4.6,61.98,285.11,3,3,High,1.1,410.4,550.12,583.62
Karnataka,Wood Craft,Wood,292.0,14.0,84.33,1180.62,2,3,Medium,1.0,1472.62,2587.8,2316.71
Odisha,Handmade Jewelry,Silver,1104.34,7.8,70.24,547.87,5,1,Very High,1.2,1652.21,2335.81,2718.18
Telangana,Wood Craft,Bamboo,173.43,11.1,69.91,776.0,4,4,Low,0.9,949.43,1332.82,1332.15
Uttar Pradesh,Bamboo Toy,Bamboo,204.57,5.0,50.31,251.55,5,5,Very High,1.2,456.12,818.65,817.5
Gujarat,Pottery,Clay,152.27,7.5,76.0,570.0,3,1,Medium,1.0,722.27,1163.96,1057.01
Andhra Pradesh,Handmade Jewelry,Silver,803.5,10.3,68.09,701.33,4,4,High,1.1,1504.83,2548.26,2545.43
Andhra Pradesh,Pottery,Clay,162.89,2.6,59.33,154.26,3,2,Low,0.9,317.15,391.46,374.91
Andhra Pradesh,Pottery,Terracotta,74.79,3.9,53.43,208.38,1,2,Medium,1.0,283.17,343.87,345.44
Gujarat,Wood Craft,Wood,292.08,6.6,71.36,470.98,4,5,Very High,1.2,763.06,1100.38,1285.1
West Bengal,Wood Craft,Wood,206.87,7.1,62.45,443.39,4,1,High,1.1,650.26,842.13,905.47
Kerala,Pottery,Terracotta,199.51,3.2,73.83,236.26,4,2,Very High,1.2,435.77,574.39,640.46
West Bengal,Handmade Jewelry,Brass,418.74,5.8,60.24,349.39,1,5,Very High,1.2,768.13,1203.78,1239.3
West Bengal,Metal Craft,Copper,771.53,15.5,76.35,1183.42,2,4,Very High,1.2,1954.95,2950.31,3159.77
Uttar Pradesh,Wooden Toy,Bamboo,188.55,2.5,64.61,161.53,1,4,High,1.1,350.08,484.94,478.62
Odisha,Bamboo Craft,Bamboo,174.22,7.4,50.03,370.22,5,1,Medium,1.0,544.44,957.17,852.25
Andhra Pradesh,Home Decor,Bamboo,120.55,10.5,78.35,822.67,1,1,Very High,1.2,943.22,1351.84,1493.89
Andhra Pradesh,Home Decor,Cotton,240.94,6.6,53.43,352.64,1,4,Medium,1.0,593.58,797.39,791.57
Uttar Pradesh,Textile Craft,Wool,248.42,7.3,63.09,460.56,2,2,Medium,1.0,708.98,841.85,880.87
Tamil Nadu,Bamboo Craft,Cane,71.3,5.1,56.9,290.19,5,3,Low,0.9,361.49,568.41,522.66
Andhra Pradesh,Wooden Toy,Bamboo,204.76,2.9,67.34,195.29,2,3,Medium,1.0,400.05,540.47,510.2
Uttar Pradesh,Wooden Toy,Bamboo,57.71,4.9,54.35,266.32,1,5,High,1.1,324.03,527.59,507.97
West Bengal,Metal Craft,Iron,470.59,7.3,79.0,576.7,1,3,Low,0.9,1047.29,1578.21,1370.38
Uttar Pradesh,Wood Craft,Wood,342.12,8.7,56.95,495.46,2,2,Very High,1.2,837.59,1276.17,1320.54
Karnataka,Bamboo Toy,Cane,219.44,2.9,84.79,245.89,2,4,Very High,1.2,465.33,571.44,667.52
Karnataka,Wooden Toy,Bamboo,195.2,8.0,73.77,590.16,4,1,Low,0.9,785.36,1005.51,923.93
Andhra Pradesh,Handmade Jewelry,Beads,209.14,6.9,61.05,421.25,4,1,Very High,1.2,630.38,1132.73,1142.01
Gujarat,Home Decor,Bamboo,227.94,13.6,67.54,918.54,1,2,High,1.1,1146.48,2005.72,1874.07
Rajasthan,Wood Craft,Bamboo,198.58,10.1,56.66,572.27,1,1,Low,0.9,770.85,1230.26,1038.46
Karnataka,Handmade Jewelry,Silver,894.07,3.4,68.82,233.99,5,3,Medium,1.0,1128.06,1978.87,1867.43
West Bengal,Metal Craft,Brass,790.6,4.9,51.71,253.38,1,5,Very High,1.2,1043.98,1561.57,1673.71
Rajasthan,Bamboo Toy,Bamboo,99.92,4.2,53.07,222.89,4,3,Low,0.9,322.81,513.6,444.85
Rajasthan,Textile Craft,Wool,213.36,9.1,70.71,643.46,3,2,Low,0.9,856.82,1147.58,1102.93
Uttar Pradesh,Wooden Toy,Wood,251.71,8.9,50.19,446.69,5,5,Very High,1.2,698.4,1291.55,1292.54
Rajasthan,Clay/Terracotta Toy,Clay,164.06,7.8,71.06,554.27,1,2,High,1.1,718.33,839.56,881.03
Andhra Pradesh,Handmade Jewelry,Copper,450.96,7.4,54.15,400.71,4,5,Medium,1.0,851.67,1610.65,1481.43
Kerala,Bamboo Toy,Bamboo,94.76,3.7,74.89,277.09,4,3,Medium,1.0,371.85,608.72,554.56
Rajasthan,Pottery,Clay,64.19,4.2,73.29,307.82,4,4,Low,0.9,372.01,437.2,445.68
Karnataka,Pottery,Terracotta,149.64,7.8,64.26,501.23,1,2,Very High,1.2,650.87,877.9,892.87
Tamil Nadu,Textile Craft,Cotton,246.03,4.3,82.89,356.43,4,1,High,1.1,602.46,966.23,901.63
Kerala,Wooden Toy,Wood,300.2,9.6,81.68,784.13,3,5,Medium,1.0,1084.33,1498.97,1558.16
Rajasthan,Home Decor,Cotton,331.61,9.6,49.62,476.35,4,4,Very High,1.2,807.96,1410.62,1468.43
Tamil Nadu,Bamboo Craft,Cane,259.95,7.9,71.28,563.11,4,2,Very High,1.2,823.06,1401.93,1411.52
Odisha,Textile Craft,Cotton,179.9,4.5,74.9,337.05,4,5,Low,0.9,516.95,748.4,701.75
Telangana,Bamboo Craft,Cane,226.95,11.3,75.62,854.51,5,5,Medium,1.0,1081.46,1493.43,1571.05
Uttar Pradesh,Clay/Terracotta Toy,Clay,167.51,4.3,74.24,319.23,1,2,Low,0.9,486.74,661.61,612.6
Tamil Nadu,Home Decor,Bamboo,220.54,6.5,84.3,547.95,3,1,Medium,1.0,768.49,1032.52,1014.14
Kerala,Textile Craft,Wool,341.51,3.2,66.59,213.09,5,1,High,1.1,554.6,690.97,775.91
Rajasthan,Metal Craft,Iron,184.41,6.9,64.94,448.09,4,2,Medium,1.0,632.5,1020.83,944.79
Tamil Nadu,Clay/Terracotta Toy,Terracotta,106.14,2.1,83.17,174.66,4,1,Very High,1.2,280.8,411.94,431.16
Telangana,Bamboo Toy,Bamboo,190.04,8.0,71.17,569.36,4,2,Very High,1.2,759.4,1161.18,1170.88
Telangana,Textile Craft,Wool,268.15,6.9,59.2,408.48,1,3,Very High,1.2,676.63,899.33,1018.33
Karnataka,Wood Craft,Bamboo,211.57,6.0,72.26,433.56,3,1,Medium,1.0,645.13,868.03,898.72
West Bengal,Home Decor,Wood,295.71,6.9,68.22,470.72,1,3,Low,0.9,766.43,936.68,887.33
Telangana,Home Decor,Cotton,263.8,10.9,69.82,761.04,4,3,High,1.1,1024.84,1624.65,1709.58
Odisha,Clay/Terracotta Toy,Terracotta,74.23,7.0,45.42,317.94,1,4,High,1.1,392.17,561.07,547.67
Gujarat,Pottery,Terracotta,206.78,2.5,81.41,203.52,3,1,High,1.1,410.3,570.05,581.32
Tamil Nadu,Bamboo Toy,Bamboo,82.87,4.8,59.66,286.37,4,1,High,1.1,369.24,473.61,524.45
Andhra Pradesh,Handmade Jewelry,Brass,497.17,5.8,70.86,410.99,5,1,High,1.1,908.16,1553.6,1560.67
Rajasthan,Handmade Jewelry,Copper,805.41,2.4,58.16,139.58,1,5,Very High,1.2,944.99,1233.49,1530.6
West Bengal,Home Decor,Clay,133.46,4.6,71.32,328.07,3,2,Very High,1.2,461.53,638.19,720.23
Odisha,Clay/Terracotta Toy,Clay,164.71,6.0,55.91,335.46,2,3,Medium,1.0,500.17,559.91,589.14
Andhra Pradesh,Metal Craft,Brass,854.37,8.7,61.61,536.01,4,5,High,1.1,1390.38,2186.04,2355.23
Tamil Nadu,Home Decor,Cotton,344.34,9.1,75.96,691.24,4,5,Low,0.9,1035.58,1956.17,1654.62
Gujarat,Wood Craft,Bamboo,240.03,13.9,75.0,1042.5,5,3,Medium,1.0,1282.53,1756.85,1882.87
Telangana,Clay/Terracotta Toy,Terracotta,175.57,3.0,60.26,180.78,3,4,Very High,1.2,356.35,551.53,573.42
West Bengal,Bamboo Craft,Cane,156.84,8.7,57.14,497.12,2,5,High,1.1,653.96,800.57,873.07
Uttar Pradesh,Metal Craft,Iron,177.78,12.3,60.84,748.33,4,5,Very High,1.2,926.11,1570.65,1713.04
West Bengal,Bamboo Craft,Cane,244.49,11.2,50.75,568.4,3,5,Low,0.9,812.89,1361.73,1147.57
Telangana,Home Decor,Wood,270.19,10.9,70.92,773.03,4,5,Medium,1.0,1043.22,1397.59,1457.5
Uttar Pradesh,Home Decor,Clay,81.47,11.5,55.15,634.23,1,1,Medium,1.0,715.7,963.45,969.36
Rajasthan,Clay/Terracotta Toy,Terracotta,98.84,6.6,70.44,464.9,2,4,Medium,1.0,563.74,685.85,716.31
Gujarat,Textile Craft,Cotton,128.41,5.3,68.31,362.04,2,2,Very High,1.2,490.45,579.58,689.82
Gujarat,Clay/Terracotta Toy,Terracotta,152.52,4.9,79.72,390.63,1,1,Medium,1.0,543.15,603.84,624.62
Telangana,Textile Craft,Silk,367.53,5.8,73.93,428.79,5,5,High,1.1,796.32,1127.44,1222.02
Rajasthan,Metal Craft,Brass,454.15,6.9,63.59,438.77,2,5,High,1.1,892.92,1380.25,1472.44
West Bengal,Pottery,Terracotta,211.48,8.7,61.59,535.83,5,2,High,1.1,747.31,1159.32,1148.27
Rajasthan,Metal Craft,Iron,285.47,4.1,59.69,244.73,3,3,High,1.1,530.2,819.59,855.65
Karnataka,Bamboo Toy,Bamboo,62.49,4.6,83.57,384.42,3,2,Low,0.9,446.91,610.06,567.29
Karnataka,Bamboo Toy,Bamboo,53.28,4.8,61.51,295.25,3,3,Medium,1.0,348.53,439.8,438.0
Gujarat,Metal Craft,Iron,437.93,8.4,82.43,692.41,3,5,Low,0.9,1130.34,1783.37,1600.07
Kerala,Handmade Jewelry,Beads,239.41,5.7,70.29,400.65,3,3,Medium,1.0,640.06,851.8,913.85
Telangana,Wooden Toy,Bamboo,88.87,3.0,56.71,170.13,5,3,Very High,1.2,259.0,462.74,452.03
Kerala,Handmade Jewelry,Beads,101.36,9.3,80.0,744.0,2,4,Very High,1.2,845.36,1438.01,1541.81
Odisha,Wooden Toy,Bamboo,154.07,4.5,64.78,291.51,2,5,High,1.1,445.58,635.09,681.11
Rajasthan,Home Decor,Cotton,259.82,3.6,48.53,174.71,4,2,High,1.1,434.53,767.36,732.34
Karnataka,Textile Craft,Silk,217.01,9.7,83.07,805.78,1,3,Medium,1.0,1022.79,1550.39,1392.29
West Bengal,Clay/Terracotta Toy,Clay,149.14,7.6,67.76,514.98,5,4,Low,0.9,664.12,969.17,905.4
Gujarat,Handmade Jewelry,Brass,297.03,8.2,77.44,635.01,1,2,High,1.1,932.04,1465.19,1371.06
Tamil Nadu,Textile Craft,Silk,681.68,5.5,57.12,314.16,4,1,Medium,1.0,995.84,1193.26,1266.71
Odisha,Pottery,Terracotta,80.11,5.1,56.17,286.47,2,1,Medium,1.0,366.58,449.23,456.14
Uttar Pradesh,Wood Craft,Bamboo,83.73,6.4,73.76,472.06,2,4,High,1.1,555.79,732.34,827.77
Tamil Nadu,Home Decor,Clay,143.47,6.0,83.64,501.84,1,2,High,1.1,645.31,1025.51,1006.1
Rajasthan,Textile Craft,Silk,499.31,6.7,69.08,462.84,4,2,Very High,1.2,962.15,1326.17,1510.88
Gujarat,Handmade Jewelry,Silver,723.55,3.2,79.25,253.6,1,1,Low,0.9,977.15,1375.41,1233.52
Karnataka,Handmade Jewelry,Copper,781.8,2.8,62.9,176.12,1,1,Low,0.9,957.92,1464.1,1316.64
Tamil Nadu,Clay/Terracotta Toy,Terracotta,60.23,4.9,84.65,414.79,4,5,Very High,1.2,475.02,713.76,756.41
Uttar Pradesh,Bamboo Craft,Bamboo,113.57,3.7,69.01,255.34,2,3,Medium,1.0,368.91,571.81,536.51
Rajasthan,Bamboo Toy,Cane,84.04,7.4,67.1,496.54,1,1,High,1.1,580.58,853.18,812.63
Rajasthan,Bamboo Craft,Cane,171.47,11.8,63.14,745.05,5,2,Low,0.9,916.52,1068.27,1073.74
Andhra Pradesh,Pottery,Clay,149.77,5.3,65.3,346.09,5,3,Medium,1.0,495.86,756.08,705.06
Kerala,Pottery,Terracotta,66.05,7.6,64.66,491.42,3,5,Medium,1.0,557.47,809.6,778.8
Telangana,Bamboo Toy,Bamboo,68.98,7.9,55.08,435.13,1,5,Low,0.9,504.11,557.26,579.73
Andhra Pradesh,Home Decor,Bamboo,69.15,13.3,55.86,742.94,3,4,Medium,1.0,812.09,1307.58,1234.96
Andhra Pradesh,Wood Craft,Bamboo,235.7,7.9,54.98,434.34,5,4,Low,0.9,670.04,975.87,926.65
Telangana,Wooden Toy,Wood,248.5,6.0,72.65,435.9,4,1,Medium,1.0,684.4,757.02,831.14
Kerala,Wood Craft,Bamboo,209.01,3.8,73.6,279.68,3,1,Very High,1.2,488.69,670.8,750.36
Tamil Nadu,Wooden Toy,Wood,104.66,8.2,73.08,599.26,3,2,Low,0.9,703.92,1037.58,938.0
Uttar Pradesh,Pottery,Terracotta,168.03,2.9,47.2,136.88,4,5,Low,0.9,304.91,443.36,431.14
Odisha,Clay/Terracotta Toy,Clay,85.12,5.9,72.83,429.7,1,1,Low,0.9,514.82,695.26,637.88
Andhra Pradesh,Bamboo Craft,Bamboo,50.04,8.4,73.02,613.37,2,5,Very High,1.2,663.41,1036.72,1084.45
Gujarat,Wood Craft,Wood,172.04,10.9,63.71,694.44,3,4,High,1.1,866.48,1199.36,1325.82
Odisha,Bamboo Toy,Bamboo,154.44,2.8,72.93,204.2,3,5,Low,0.9,358.64,529.1,480.22
Telangana,Clay/Terracotta Toy,Terracotta,177.28,3.7,56.1,207.57,4,1,Very High,1.2,384.85,611.39,603.2
Kerala,Textile Craft,Silk,646.51,3.7,70.08,259.3,2,2,Very High,1.2,905.81,1404.22,1454.39
Telangana,Pottery,Clay,165.05,2.2,63.84,140.45,4,2,High,1.1,305.5,436.04,456.74
Telangana,Bamboo Toy,Cane,218.2,4.3,50.7,218.01,4,1,Very High,1.2,436.21,642.82,670.55
Rajasthan,Wooden Toy,Wood,187.11,7.2,57.64,415.01,1,2,High,1.1,602.12,749.87,777.32
Uttar Pradesh,Wooden Toy,Bamboo,159.62,10.0,71.73,717.3,1,5,Low,0.9,876.92,1240.15,1168.16
Karnataka,Bamboo Toy,Cane,103.15,8.0,70.48,563.84,1,5,High,1.1,666.99,755.53,888.68
Gujarat,Clay/Terracotta Toy,Clay,100.5,7.0,72.06,504.42,4,3,Medium,1.0,604.92,786.6,831.05
Uttar Pradesh,Wooden Toy,Wood,180.11,7.4,74.65,552.41,5,3,High,1.1,732.52,895.03,1026.24
Karnataka,Clay/Terracotta Toy,Terracotta,217.06,3.2,61.65,197.28,1,2,Low,0.9,414.34,610.71,520.39
Karnataka,Clay/Terracotta Toy,Terracotta,144.8,8.0,59.37,474.96,4,1,High,1.1,619.76,885.57,914.13
Tamil Nadu,Wooden Toy,Bamboo,204.45,7.6,69.46,527.9,2,4,Low,0.9,732.35,1070.12,918.66
Andhra Pradesh,Bamboo Craft,Cane,261.11,11.4,60.75,692.55,5,1,Low,0.9,953.66,1242.06,1189.2
Uttar Pradesh,Handmade Jewelry,Beads,137.54,5.2,56.65,294.58,2,1,High,1.1,432.12,681.25,633.18
Tamil Nadu,Wood Craft,Bamboo,86.99,7.5,82.81,621.08,2,4,Medium,1.0,708.07,994.25,965.51
Telangana,Bamboo Craft,Cane,214.03,11.8,65.75,775.85,2,3,Very High,1.2,989.88,1362.36,1475.63
Andhra Pradesh,Handmade Jewelry,Brass,323.58,6.8,77.79,528.97,4,2,Low,0.9,852.55,1422.12,1217.88
Telangana,Textile Craft,Wool,293.44,10.0,72.34,723.4,5,5,Low,0.9,1016.84,1618.96,1526.16
Odisha,Handmade Jewelry,Brass,756.84,9.0,57.02,513.18,2,3,High,1.1,1270.02,1993.75,2052.82
Karnataka,Wooden Toy,Bamboo,236.68,6.5,58.67,381.36,5,3,Low,0.9,618.04,1002.36,859.67
Andhra Pradesh,Wooden Toy,Bamboo,118.52,7.4,64.94,480.56,4,2,Very High,1.2,599.08,966.91,995.49
Odisha,Pottery,Clay,113.06,7.6,59.73,453.95,4,4,High,1.1,567.01,978.13,927.9
Telangana,Textile Craft,Cotton,278.71,4.1,78.49,321.81,5,4,Very High,1.2,600.52,1148.32,1152.54
Odisha,Bamboo Craft,Cane,103.55,11.1,58.79,652.57,2,1,Very High,1.2,756.12,924.46,1053.32
Odisha,Wood Craft,Wood,346.76,5.1,65.61,334.61,1,3,Medium,1.0,681.37,926.1,908.23
Rajasthan,Home Decor,Wood,225.61,13.6,58.0,788.8,3,3,Low,0.9,1014.41,1642.15,1501.74
Karnataka,Pottery,Terracotta,107.33,3.1,83.7,259.47,5,3,Very High,1.2,366.8,654.08,642.52
Karnataka,Metal Craft,Copper,624.44,13.5,68.4,923.4,4,3,Low,0.9,1547.84,2886.64,2438.13
Tamil Nadu,Pottery,Clay,163.46,2.4,61.72,148.13,3,4,Medium,1.0,311.59,492.0,448.52
Uttar Pradesh,Pottery,Terracotta,67.86,5.5,65.83,362.06,2,2,High,1.1,429.93,580.3,614.94
Karnataka,Home Decor,Bamboo,222.82,6.2,56.43,349.87,1,1,Very High,1.2,572.69,878.25,858.0
Rajasthan,Home Decor,Cotton,85.74,3.2,52.09,166.69,5,1,Very High,1.2,252.43,416.7,419.51
West Bengal,Home Decor,Wood,109.11,10.2,75.43,769.39,5,5,Very High,1.2,878.5,1584.82,1664.44
Andhra Pradesh,Textile Craft,Wool,364.91,10.1,60.48,610.85,4,3,Very High,1.2,975.76,1142.36,1421.65
West Bengal,Handmade Jewelry,Silver,832.25,5.7,58.9,335.73,4,1,High,1.1,1167.98,1629.79,1700.13
Gujarat,Wooden Toy,Bamboo,248.45,4.4,59.22,260.57,5,5,Medium,1.0,509.02,694.97,748.71
Tamil Nadu,Pottery,Terracotta,86.71,4.4,80.36,353.58,4,1,Very High,1.2,440.29,669.78,721.19
Karnataka,Home Decor,Clay,49.26,7.3,76.91,561.44,5,5,High,1.1,610.7,960.07,1015.24
Andhra Pradesh,Handmade Jewelry,Beads,264.31,10.4,73.6,765.44,5,3,Low,0.9,1029.75,1632.98,1560.51
Kerala,Pottery,Clay,75.2,4.9,75.87,371.76,4,1,Medium,1.0,446.96,672.64,635.23
Kerala,Textile Craft,Silk,302.36,4.0,69.93,279.72,4,5,Medium,1.0,582.08,981.51,940.88
Karnataka,Bamboo Toy,Cane,267.14,6.1,80.41,490.5,2,2,Very High,1.2,757.64,1091.76,1115.38
Telangana,Metal Craft,Copper,605.52,11.5,74.24,853.76,3,3,Medium,1.0,1459.28,1830.57,1894.07
Odisha,Bamboo Toy,Cane,260.53,3.0,69.15,207.45,5,2,Very High,1.2,467.98,709.05,751.12
Uttar Pradesh,Clay/Terracotta Toy,Terracotta,79.8,4.5,66.28,298.26,4,5,Very High,1.2,378.06,595.69,651.27
Rajasthan,Bamboo Toy,Cane,181.67,8.0,63.49,507.92,4,2,Low,0.9,689.59,1081.56,906.98
Kerala,Pottery,Terracotta,194.48,6.8,85.29,579.97,2,2,High,1.1,774.45,1093.76,1140.24
Telangana,Bamboo Craft,Cane,259.94,7.9,78.29,618.49,1,5,Very High,1.2,878.43,1255.92,1371.02
Telangana,Wood Craft,Wood,82.84,7.7,62.06,477.86,2,1,Medium,1.0,560.7,873.64,780.8
Odisha,Handmade Jewelry,Brass,387.01,8.3,63.81,529.62,2,4,Low,0.9,916.63,1506.88,1291.47
Tamil Nadu,Textile Craft,Silk,525.7,11.4,76.55,872.67,1,4,Low,0.9,1398.37,2237.66,1921.58
West Bengal,Metal Craft,Brass,257.35,6.9,51.52,355.49,1,3,High,1.1,612.84,793.25,901.03
Uttar Pradesh,Clay/Terracotta Toy,Clay,90.82,3.9,54.79,213.68,1,3,Low,0.9,304.5,387.36,369.86
Andhra Pradesh,Wood Craft,Wood,241.01,9.7,67.85,658.14,5,3,Medium,1.0,899.15,1408.52,1323.12
Kerala,Metal Craft,Brass,739.38,14.3,72.53,1037.18,2,1,Medium,1.0,1776.56,2541.21,2324.39
Kerala,Metal Craft,Brass,250.77,9.1,81.33,740.1,5,4,Very High,1.2,990.87,1572.99,1689.74
Andhra Pradesh,Textile Craft,Cotton,201.13,6.8,55.71,378.83,3,4,Medium,1.0,579.96,768.18,830.94
West Bengal,Wood Craft,Wood,165.83,6.0,57.55,345.3,3,5,Medium,1.0,511.13,881.53,788.9
Gujarat,Clay/Terracotta Toy,Clay,115.28,6.9,75.09,518.12,3,4,High,1.1,633.4,858.81,905.43
Gujarat,Metal Craft,Brass,462.09,7.3,82.86,604.88,1,3,Medium,1.0,1066.97,1759.74,1578.67
Gujarat,Metal Craft,Iron,333.62,4.3,71.64,308.05,3,5,Low,0.9,641.67,1127.04,973.77
Karnataka,Clay/Terracotta Toy,Clay,30.07,2.7,73.09,197.34,4,2,High,1.1,227.41,306.69,315.77
Telangana,Home Decor,Cotton,121.85,11.5,70.65,812.48,2,2,Very High,1.2,934.33,1284.65,1356.67
Karnataka,Metal Craft,Copper,571.46,6.8,56.39,383.45,3,5,High,1.1,954.91,1577.5,1573.32
Odisha,Wood Craft,Bamboo,230.84,7.5,45.41,340.57,5,5,High,1.1,571.41,897.77,911.98
Telangana,Bamboo Toy,Bamboo,236.75,2.6,60.37,156.96,3,2,Medium,1.0,393.71,526.63,519.03
Gujarat,Wood Craft,Wood,353.38,6.2,63.52,393.82,5,5,Low,0.9,747.2,1051.79,1042.13
West Bengal,Metal Craft,Copper,579.41,5.1,76.24,388.82,2,4,Medium,1.0,968.23,1264.89,1315.9
Gujarat,Pottery,Terracotta,90.63,3.4,81.66,277.64,2,5,Low,0.9,368.27,483.28,462.3
Andhra Pradesh,Home Decor,Clay,155.48,11.1,65.02,721.72,5,3,Medium,1.0,877.2,1215.83,1222.12
West Bengal,Wooden Toy,Wood,297.03,3.4,78.69,267.55,1,2,Medium,1.0,564.58,735.78,697.61
Telangana,Home Decor,Bamboo,248.07,4.4,59.27,260.79,5,4,Medium,1.0,508.86,883.22,821.57
Odisha,Bamboo Craft,Bamboo,205.11,3.8,51.26,194.79,3,5,Low,0.9,399.9,535.27,522.25
Andhra Pradesh,Wooden Toy,Wood,289.97,9.4,75.45,709.23,1,2,Very High,1.2,999.2,1598.14,1582.16
Rajasthan,Metal Craft,Copper,736.01,4.7,62.69,294.64,1,5,Medium,1.0,1030.65,1442.18,1482.94
Andhra Pradesh,Wood Craft,Bamboo,193.66,9.8,57.82,566.64,3,2,Low,0.9,760.3,960.63,981.36
Rajasthan,Bamboo Craft,Cane,135.88,5.8,45.37,263.15,4,5,Low,0.9,399.03,669.93,568.16
West Bengal,Wood Craft,Wood,212.46,9.2,61.12,562.3,2,2,Low,0.9,774.76,1215.79,1022.73
Andhra Pradesh,Bamboo Craft,Cane,230.45,4.1,62.46,256.09,2,3,Very High,1.2,486.54,693.04,744.34
Andhra Pradesh,Handmade Jewelry,Copper,788.52,10.9,59.55,649.1,2,1,High,1.1,1437.62,1803.83,2089.22
Odisha,Wooden Toy,Bamboo,114.67,3.2,49.73,159.14,1,5,Very High,1.2,273.81,412.31,418.46
Uttar Pradesh,Bamboo Craft,Bamboo,210.35,4.9,73.72,361.23,5,2,Low,0.9,571.58,932.09,793.35
Odisha,Clay/Terracotta Toy,Clay,119.03,4.2,71.87,301.85,4,4,High,1.1,420.88,624.16,640.7
West Bengal,Wooden Toy,Bamboo,120.93,7.7,51.29,394.93,3,1,Very High,1.2,515.86,638.53,705.76
Andhra Pradesh,Wood Craft,Bamboo,204.74,8.3,71.14,590.46,4,5,Very High,1.2,795.2,1053.36,1301.6
Kerala,Bamboo Toy,Cane,171.21,4.8,86.68,416.06,3,4,Low,0.9,587.27,706.47,693.86
Karnataka,Textile Craft,Wool,184.6,11.1,62.69,695.86,4,1,High,1.1,880.46,1240.56,1292.53
Odisha,Bamboo Craft,Bamboo,58.78,8.0,69.18,553.44,2,2,High,1.1,612.22,842.19,814.71
Tamil Nadu,Home Decor,Cotton,132.77,9.7,74.98,727.31,5,3,Very High,1.2,860.08,1203.99,1380.47
Gujarat,Bamboo Toy,Cane,207.41,2.8,84.92,237.78,1,1,Medium,1.0,445.19,566.56,552.02
Gujarat,Metal Craft,Copper,518.7,9.4,63.93,600.94,3,1,Very High,1.2,1119.64,1623.72,1813.6
Kerala,Metal Craft,Copper,554.98,11.1,64.01,710.51,2,3,High,1.1,1265.49,1914.65,1988.8
Rajasthan,Pottery,Terracotta,190.81,3.7,59.65,220.71,3,2,High,1.1,411.51,689.26,660.6
Rajasthan,Metal Craft,Brass,631.98,12.2,60.23,734.81,5,4,Medium,1.0,1366.79,2539.21,2353.05
Gujarat,Home Decor,Clay,174.97,4.9,62.29,305.22,4,2,High,1.1,480.19,738.23,774.98
Tamil Nadu,Bamboo Craft,Bamboo,164.0,4.1,80.88,331.61,4,4,High,1.1,495.61,764.72,761.47
Kerala,Bamboo Craft,Bamboo,173.38,8.0,85.42,683.36,3,1,Very High,1.2,856.74,996.19,1175.2
Karnataka,Metal Craft,Copper,385.15,7.8,69.27,540.31,5,1,High,1.1,925.46,1182.2,1350.62
Tamil Nadu,Clay/Terracotta Toy,Terracotta,140.3,2.6,69.85,181.61,2,4,Low,0.9,321.91,452.26,409.36
Andhra Pradesh,Textile Craft,Silk,612.01,7.5,58.66,439.95,5,2,Medium,1.0,1051.96,1745.58,1629.96
Telangana,Pottery,Terracotta,60.7,2.1,64.1,134.61,1,5,Very High,1.2,195.31,221.1,274.52
Kerala,Home Decor,Wood,372.45,8.6,67.73,582.48,1,5,High,1.1,954.93,1212.16,1419.82
Rajasthan,Metal Craft,Copper,646.05,11.2,62.24,697.09,5,2,Very High,1.2,1343.14,1680.31,2084.9
Uttar Pradesh,Clay/Terracotta Toy,Terracotta,199.18,4.3,47.55,204.46,2,2,Medium,1.0,403.64,565.97,515.13
Gujarat,Bamboo Toy,Bamboo,91.5,7.3,62.07,453.11,3,5,Low,0.9,544.61,887.01,762.81
Rajasthan,Metal Craft,Copper,299.53,11.9,58.84,700.2,4,2,Very High,1.2,999.73,1797.37,1809.53
West Bengal,Wood Craft,Wood,107.86,4.0,73.92,295.68,3,2,Very High,1.2,403.54,475.72,568.88
Uttar Pradesh,Home Decor,Cotton,112.61,12.7,46.67,592.71,4,1,Very High,1.2,705.32,1160.15,1191.86
Uttar Pradesh,Wood Craft,Bamboo,152.4,6.2,59.33,367.85,4,1,Very High,1.2,520.25,840.7,857.78
Tamil Nadu,Wooden Toy,Wood,145.96,3.1,75.73,234.76,5,5,Medium,1.0,380.72,698.55,634.03
Gujarat,Textile Craft,Cotton,191.93,3.1,82.01,254.23,2,3,High,1.1,446.16,730.41,682.93
Tamil Nadu,Textile Craft,Silk,200.63,11.4,62.31,710.33,1,3,Medium,1.0,910.96,1195.28,1186.99
Gujarat,Handmade Jewelry,Beads,316.72,9.9,66.52,658.55,1,5,High,1.1,975.27,1342.74,1401.83
Gujarat,Metal Craft,Iron,481.58,15.4,71.11,1095.09,1,2,High,1.1,1576.67,1771.47,1971.84
Karnataka,Bamboo Toy,Cane,116.98,4.3,65.78,282.85,2,2,Very High,1.2,399.83,583.07,580.68
West Bengal,Home Decor,Clay,105.71,8.1,72.86,590.17,4,4,Medium,1.0,695.88,1082.08,1095.27
Uttar Pradesh,Clay/Terracotta Toy,Terracotta,135.8,4.3,59.85,257.36,2,5,Very High,1.2,393.16,613.16,633.4
Rajasthan,Bamboo Craft,Bamboo,131.59,10.5,47.84,502.32,2,5,Very High,1.2,633.91,926.3,1039.72
Andhra Pradesh,Bamboo Craft,Bamboo,130.36,5.7,78.65,448.31,4,1,Very High,1.2,578.67,764.43,818.53
Odisha,Wooden Toy,Bamboo,111.49,5.1,50.4,257.04,5,2,High,1.1,368.53,551.79,575.06
Rajasthan,Home Decor,Bamboo,180.01,13.4,65.52,877.97,5,3,Medium,1.0,1057.98,1921.3,1737.75
West Bengal,Clay/Terracotta Toy,Clay,65.14,7.6,55.65,422.94,1,4,High,1.1,488.08,608.04,645.03
West Bengal,Bamboo Craft,Bamboo,158.17,3.3,51.45,169.78,1,2,Medium,1.0,327.95,526.65,470.27
Kerala,Textile Craft,Cotton,85.36,9.8,73.58,721.08,2,4,Very High,1.2,806.44,1104.8,1200.03
Rajasthan,Textile Craft,Silk,692.85,7.7,71.29,548.93,4,3,High,1.1,1241.78,2064.33,1933.96
Andhra Pradesh,Clay/Terracotta Toy,Clay,143.52,6.2,59.6,369.52,3,3,Low,0.9,513.04,757.18,658.6
Karnataka,Textile Craft,Wool,426.42,3.8,72.12,274.06,2,5,Medium,1.0,700.48,1180.5,1092.48
Karnataka,Clay/Terracotta Toy,Terracotta,200.44,5.4,61.15,330.21,1,1,High,1.1,530.65,788.17,772.45
Gujarat,Textile Craft,Silk,238.9,8.4,58.25,489.3,3,1,Medium,1.0,728.2,1006.97,969.23
Uttar Pradesh,Metal Craft,Copper,711.99,7.8,59.4,463.32,5,3,High,1.1,1175.31,1666.78,1763.64
Tamil Nadu,Handmade Jewelry,Copper,419.03,2.5,70.17,175.43,2,4,Very High,1.2,594.45,793.41,928.86
Tamil Nadu,Home Decor,Clay,155.15,10.3,79.1,814.73,5,5,Very High,1.2,969.88,1420.41,1597.8
West Bengal,Textile Craft,Cotton,211.53,3.3,75.23,248.26,1,4,High,1.1,459.79,514.06,596.64
Kerala,Bamboo Toy,Bamboo,122.67,2.5,68.4,171.0,2,4,High,1.1,293.67,505.98,471.4
Rajasthan,Bamboo Toy,Bamboo,87.36,6.7,61.01,408.77,3,2,High,1.1,496.13,552.28,645.6
West Bengal,Clay/Terracotta Toy,Clay,148.17,5.8,77.72,450.78,2,4,Low,0.9,598.95,896.03,794.69
Tamil Nadu,Textile Craft,Silk,454.86,4.2,68.34,287.03,3,5,High,1.1,741.89,896.47,1052.69
Uttar Pradesh,Home Decor,Wood,280.77,4.6,58.35,268.41,5,4,Very High,1.2,549.18,1068.21,1043.16
Rajasthan,Wood Craft,Bamboo,134.59,3.6,60.11,216.4,3,3,Very High,1.2,350.99,520.17,561.17
Rajasthan,Metal Craft,Iron,310.86,11.7,72.15,844.15,5,4,Medium,1.0,1155.01,2016.6,1873.28
Odisha,Bamboo Craft,Bamboo,180.98,10.5,71.56,751.38,5,4,High,1.1,932.36,1271.83,1349.64
Odisha,Home Decor,Clay,125.28,12.5,50.0,625.0,3,1,Very High,1.2,750.28,1139.72,1169.74
Tamil Nadu,Textile Craft,Silk,669.54,8.7,81.85,712.09,1,1,Very High,1.2,1381.63,1631.04,1890.74
Odisha,Handmade Jewelry,Brass,555.59,8.4,56.71,476.36,3,3,Low,0.9,1031.95,1302.61,1323.09
Kerala,Wooden Toy,Bamboo,71.63,5.1,68.72,350.47,3,2,Medium,1.0,422.1,473.05,522.95
Kerala,Handmade Jewelry,Copper,593.72,5.7,66.05,376.49,4,2,Medium,1.0,970.21,1392.1,1448.77
Gujarat,Bamboo Toy,Bamboo,231.5,4.1,71.38,292.66,1,4,High,1.1,524.16,560.62,653.18
Rajasthan,Wooden Toy,Wood,166.26,7.5,70.6,529.5,3,4,Low,0.9,695.76,842.31,859.9
Gujarat,Bamboo Toy,Bamboo,117.3,3.7,78.11,289.01,1,4,High,1.1,406.31,518.49,553.47
Telangana,Home Decor,Clay,48.17,12.0,55.03,660.36,1,2,Medium,1.0,708.53,743.88,822.12
Rajasthan,Bamboo Toy,Bamboo,55.62,6.1,48.92,298.41,1,2,High,1.1,354.03,495.28,478.4
Kerala,Bamboo Toy,Bamboo,76.12,4.6,85.57,393.62,3,2,Low,0.9,469.74,671.2,587.22
Karnataka,Wood Craft,Bamboo,74.28,5.8,55.37,321.15,2,1,High,1.1,395.43,640.87,616.25
West Bengal,Metal Craft,Brass,731.01,6.5,59.96,389.74,5,5,High,1.1,1120.75,1943.03,1943.86
Gujarat,Bamboo Craft,Cane,174.06,5.8,59.39,344.46,5,3,High,1.1,518.52,846.31,852.43
Odisha,Bamboo Toy,Cane,247.43,5.5,72.95,401.23,1,5,High,1.1,648.65,811.68,863.11
Kerala,Bamboo Toy,Cane,146.81,2.9,61.73,179.02,2,4,Very High,1.2,325.83,365.68,443.68
Andhra Pradesh,Textile Craft,Cotton,118.44,5.0,75.7,378.5,2,2,Medium,1.0,496.94,722.87,714.4
Odisha,Home Decor,Bamboo,65.85,4.9,70.82,347.02,5,4,Very High,1.2,412.87,626.24,681.96
Andhra Pradesh,Bamboo Craft,Cane,254.86,6.6,70.15,462.99,2,2,Low,0.9,717.85,975.58,891.91
Odisha,Wood Craft,Bamboo,176.65,12.1,57.37,694.18,3,5,Medium,1.0,870.83,1199.78,1249.36
Karnataka,Bamboo Toy,Bamboo,209.68,7.7,80.53,620.08,2,5,Very High,1.2,829.76,1280.08,1358.14
Rajasthan,Clay/Terracotta Toy,Clay,74.09,7.5,45.05,337.88,3,2,Very High,1.2,411.97,572.72,618.23
Tamil Nadu,Bamboo Toy,Bamboo,166.26,3.0,61.29,183.87,5,4,Very High,1.2,350.13,536.75,558.52
Tamil Nadu,Handmade Jewelry,Copper,423.08,10.7,69.73,746.11,2,2,Low,0.9,1169.19,1426.84,1404.16
Andhra Pradesh,Clay/Terracotta Toy,Clay,102.85,4.8,63.41,304.37,3,1,Low,0.9,407.22,521.08,503.05
Gujarat,Bamboo Craft,Cane,119.03,9.6,82.37,790.75,3,1,High,1.1,909.78,1092.53,1205.31
Gujarat,Clay/Terracotta Toy,Clay,146.0,3.5,74.9,262.15,3,4,Medium,1.0,408.15,602.91,599.12
Karnataka,Wooden Toy,Wood,357.27,2.3,76.04,174.89,1,1,Low,0.9,532.16,796.19,672.87
West Bengal,Textile Craft,Silk,225.14,11.7,79.61,931.44,1,5,High,1.1,1156.58,1798.65,1697.86
West Bengal,Handmade Jewelry,Beads,302.29,6.8,54.6,371.28,1,3,Medium,1.0,673.57,946.17,931.84
Andhra Pradesh,Metal Craft,Brass,539.32,5.1,76.96,392.5,3,3,Low,0.9,931.82,1294.14,1240.98
Andhra Pradesh,Clay/Terracotta Toy,Terracotta,79.73,3.3,71.55,236.11,3,1,Low,0.9,315.84,477.24,402.61
Uttar Pradesh,Pottery,Terracotta,213.7,4.1,66.38,272.16,2,1,Very High,1.2,485.86,717.08,713.54
Rajasthan,Textile Craft,Wool,278.12,10.3,49.6,510.88,5,4,Low,0.9,789.0,1016.7,1029.65
Andhra Pradesh,Home Decor,Bamboo,186.37,8.5,55.68,473.28,5,2,Very High,1.2,659.65,1069.72,1119.78
Gujarat,Metal Craft,Brass,621.75,10.9,62.12,677.11,3,1,Very High,1.2,1298.86,1829.52,1955.6
Telangana,Bamboo Craft,Cane,186.56,3.8,72.59,275.84,4,3,Very High,1.2,462.4,600.71,679.62
Andhra Pradesh,Metal Craft,Copper,394.83,15.8,72.47,1145.03,1,3,High,1.1,1539.86,2366.62,2326.95
West Bengal,Textile Craft,Wool,263.66,8.2,58.16,476.91,3,3,Very High,1.2,740.57,1215.69,1263.99
Andhra Pradesh,Pottery,Clay,98.62,3.8,62.36,236.97,4,5,Medium,1.0,335.59,581.07,517.04
Telangana,Handmade Jewelry,Copper,521.91,2.3,51.96,119.51,5,3,Low,0.9,641.42,927.87,907.7
Gujarat,Textile Craft,Cotton,163.43,6.3,69.43,437.41,2,1,Low,0.9,600.84,834.74,748.15
Tamil Nadu,Metal Craft,Brass,655.99,4.9,66.17,324.23,4,5,High,1.1,980.22,1567.1,1576.23
Rajasthan,Wooden Toy,Bamboo,244.75,4.8,67.22,322.66,2,1,Very High,1.2,567.41,742.47,816.32
Andhra Pradesh,Pottery,Terracotta,87.66,2.0,64.49,128.98,5,4,Medium,1.0,216.64,408.79,364.29
West Bengal,Bamboo Toy,Bamboo,209.18,3.3,66.96,220.97,1,3,Medium,1.0,430.15,493.46,520.16
Andhra Pradesh,Handmade Jewelry,Brass,530.18,6.4,78.96,505.34,3,2,Medium,1.0,1035.52,1432.88,1457.2
Uttar Pradesh,Wood Craft,Wood,392.56,5.9,56.75,334.83,4,4,Very High,1.2,727.38,952.6,1119.71
Uttar Pradesh,Clay/Terracotta Toy,Terracotta,66.92,2.7,50.74,137.0,1,1,Low,0.9,203.92,247.86,234.51
Rajasthan,Bamboo Toy,Bamboo,197.16,7.0,54.66,382.62,3,2,Very High,1.2,579.78,743.73,811.32
Tamil Nadu,Metal Craft,Brass,861.98,4.4,74.36,327.18,4,4,Low,0.9,1189.16,1641.07,1663.78
Karnataka,Handmade Jewelry,Silver,1227.86,4.2,70.87,297.65,1,1,High,1.1,1525.51,2300.82,2255.15
Gujarat,Pottery,Terracotta,167.05,4.3,81.45,350.24,3,3,Medium,1.0,517.29,766.75,706.07
Tamil Nadu,Handmade Jewelry,Copper,551.08,10.4,73.86,768.14,5,1,Very High,1.2,1319.22,2067.61,2285.27
Karnataka,Wood Craft,Wood,186.29,8.0,60.0,480.0,1,4,Very High,1.2,666.29,808.07,954.94
Kerala,Bamboo Toy,Cane,72.98,3.5,85.43,299.0,1,3,High,1.1,371.99,501.95,518.4
Karnataka,Pottery,Clay,169.14,8.5,81.75,694.88,2,1,Very High,1.2,864.01,1417.5,1393.74
West Bengal,Metal Craft,Iron,191.04,15.1,57.87,873.84,1,2,Very High,1.2,1064.88,1644.31,1721.6
Odisha,Wood Craft,Bamboo,234.62,7.4,54.62,404.19,2,3,Medium,1.0,638.81,784.89,830.45
West Bengal,Textile Craft,Cotton,160.71,8.7,52.33,455.27,3,1,High,1.1,615.98,895.41,934.2
Rajasthan,Handmade Jewelry,Beads,216.88,6.8,72.87,495.52,2,1,Medium,1.0,712.4,1039.19,950.66
Andhra Pradesh,Metal Craft,Copper,661.38,13.3,56.04,745.33,2,2,High,1.1,1406.71,2066.23,1982.09
Rajasthan,Handmade Jewelry,Brass,635.46,3.2,66.2,211.84,5,4,Low,0.9,847.3,1673.32,1428.76
Kerala,Bamboo Toy,Bamboo,222.82,6.9,67.06,462.71,3,1,High,1.1,685.53,1069.86,1015.64
Tamil Nadu,Pottery,Terracotta,156.92,8.8,55.06,484.53,4,2,Medium,1.0,641.45,909.5,904.51
Tamil Nadu,Bamboo Toy,Cane,116.02,3.6,77.9,280.44,1,3,Low,0.9,396.46,455.05,455.93
Gujarat,Bamboo Craft,Cane,235.45,11.4,78.14,890.8,2,5,Medium,1.0,1126.25,1241.53,1369.22
Kerala,Pottery,Terracotta,115.13,2.3,62.63,144.05,3,3,Low,0.9,259.18,350.72,325.59
Karnataka,Home Decor,Cotton,274.29,9.6,57.59,552.86,1,5,High,1.1,827.15,1111.98,1152.37
Tamil Nadu,Metal Craft,Copper,576.39,12.3,72.75,894.83,3,1,Medium,1.0,1471.22,1666.26,1782.42
Uttar Pradesh,Bamboo Craft,Cane,245.88,7.7,66.79,514.28,5,3,Medium,1.0,760.16,1212.93,1173.4
Tamil Nadu,Bamboo Toy,Bamboo,71.54,7.5,77.06,577.95,3,3,High,1.1,649.49,999.25,975.36
Gujarat,Bamboo Craft,Cane,273.27,8.2,84.98,696.84,3,1,Medium,1.0,970.11,1318.93,1274.5
Uttar Pradesh,Bamboo Craft,Bamboo,82.52,6.7,70.85,474.69,4,5,Very High,1.2,557.22,945.15,984.73
Gujarat,Home Decor,Bamboo,136.14,5.3,81.09,429.78,4,3,Medium,1.0,565.92,749.03,761.74
Rajasthan,Home Decor,Cotton,193.5,5.6,64.46,360.98,2,5,High,1.1,554.48,829.25,833.33
Tamil Nadu,Bamboo Craft,Cane,186.76,5.4,56.73,306.34,1,4,Very High,1.2,493.1,649.59,717.34
Gujarat,Home Decor,Bamboo,217.27,8.2,55.65,456.33,2,3,Medium,1.0,673.6,806.65,866.69
Rajasthan,Handmade Jewelry,Brass,346.95,6.8,73.15,497.42,2,5,Low,0.9,844.37,1224.98,1115.92
Karnataka,Textile Craft,Cotton,290.5,9.5,63.57,603.91,2,2,Medium,1.0,894.41,1119.44,1116.75
Uttar Pradesh,Textile Craft,Cotton,229.64,8.3,69.89,580.09,2,3,Medium,1.0,809.73,1249.45,1188.56
Telangana,Metal Craft,Iron,407.8,4.9,77.96,382.0,5,5,High,1.1,789.8,1237.24,1297.24
West Bengal,Wooden Toy,Wood,230.38,5.9,65.06,383.85,3,1,Low,0.9,614.23,815.88,780.32
West Bengal,Bamboo Craft,Bamboo,228.85,9.3,67.65,629.15,3,4,Very High,1.2,858.0,1191.44,1366.13
Gujarat,Bamboo Craft,Bamboo,125.59,3.0,71.33,213.99,3,2,Very High,1.2,339.58,437.86,475.44
Andhra Pradesh,Pottery,Clay,66.11,7.9,50.66,400.21,5,3,Medium,1.0,466.32,809.36,726.77
Gujarat,Wood Craft,Bamboo,233.42,7.2,68.46,492.91,1,5,Medium,1.0,726.33,1013.48,1020.18
Andhra Pradesh,Handmade Jewelry,Copper,282.98,2.1,79.59,167.14,3,1,Medium,1.0,450.12,712.46,656.02
Odisha,Textile Craft,Cotton,159.5,7.0,74.28,519.96,1,3,Very High,1.2,679.46,971.73,1035.29
Odisha,Bamboo Toy,Cane,201.99,3.1,73.81,228.81,4,2,Medium,1.0,430.8,649.65,602.72
Rajasthan,Bamboo Toy,Cane,265.27,7.7,49.3,379.61,5,5,Medium,1.0,644.88,854.51,924.61
Gujarat,Wooden Toy,Bamboo,229.44,4.9,71.12,348.49,1,1,Low,0.9,577.93,730.48,695.49
Rajasthan,Wooden Toy,Wood,263.67,9.4,51.77,486.64,2,5,Very High,1.2,750.31,1172.37,1161.75
Rajasthan,Wood Craft,Bamboo,210.72,3.5,74.37,260.3,1,5,Medium,1.0,471.01,752.68,703.64
Andhra Pradesh,Clay/Terracotta Toy,Clay,98.68,5.1,53.58,273.26,2,3,Very High,1.2,371.94,585.14,601.33
Kerala,Clay/Terracotta Toy,Terracotta,110.16,4.7,69.47,326.51,3,4,Low,0.9,436.67,758.9,651.18
Odisha,Textile Craft,Wool,314.9,4.9,63.94,313.31,4,4,High,1.1,628.21,938.96,953.17
Karnataka,Textile Craft,Wool,335.42,10.9,62.48,681.03,2,3,Low,0.9,1016.45,1494.46,1323.55
Odisha,Bamboo Toy,Cane,248.74,5.2,46.25,240.5,5,4,Medium,1.0,489.24,684.51,689.11
West Bengal,Handmade Jewelry,Brass,540.72,4.9,74.73,366.18,2,1,High,1.1,906.9,1455.76,1369.44
Odisha,Bamboo Craft,Bamboo,77.41,6.0,46.36,278.16,4,5,Very High,1.2,355.57,592.29,590.16
Karnataka,Handmade Jewelry,Copper,654.65,6.3,68.88,433.94,2,1,High,1.1,1088.59,1858.59,1751.83
Telangana,Handmade Jewelry,Silver,1407.34,5.9,68.01,401.26,1,1,Very High,1.2,1808.6,2126.35,2590.23
West Bengal,Pottery,Clay,167.88,2.8,71.49,200.17,4,4,High,1.1,368.05,445.33,503.0
Rajasthan,Home Decor,Clay,42.08,7.4,45.53,336.92,5,1,Medium,1.0,379.0,521.32,554.72
West Bengal,Pottery,Clay,155.11,5.9,61.53,363.03,4,1,Medium,1.0,518.14,664.45,665.42
Rajasthan,Bamboo Toy,Cane,275.15,5.5,57.12,314.16,1,5,Low,0.9,589.31,686.05,679.03
Odisha,Clay/Terracotta Toy,Clay,161.59,5.4,45.02,243.11,2,1,High,1.1,404.7,563.32,558.27
Andhra Pradesh,Clay/Terracotta Toy,Terracotta,199.12,7.7,74.69,575.11,5,4,Medium,1.0,774.23,1338.89,1179.14
West Bengal,Bamboo Craft,Bamboo,85.43,8.7,70.6,614.22,4,5,High,1.1,699.65,1047.47,1127.28
Kerala,Home Decor,Clay,171.18,12.6,68.1,858.06,5,4,Very High,1.2,1029.24,1456.7,1748.07
Odisha,Home Decor,Bamboo,246.6,4.4,59.02,259.69,1,1,High,1.1,506.29,724.91,710.84
Uttar Pradesh,Pottery,Clay,152.8,6.6,64.9,428.34,5,4,Medium,1.0,581.14,994.45,884.05
West Bengal,Wood Craft,Bamboo,198.98,7.7,59.05,454.69,3,3,High,1.1,653.66,824.47,937.13
West Bengal,Bamboo Craft,Cane,159.8,4.5,74.72,336.24,3,3,Medium,1.0,496.04,648.48,666.43
Uttar Pradesh,Home Decor,Cotton,234.63,7.1,68.0,482.8,3,5,Very High,1.2,717.43,1050.19,1134.16
West Bengal,Clay/Terracotta Toy,Terracotta,69.15,3.8,69.07,262.47,3,4,Medium,1.0,331.62,563.45,514.35
Karnataka,Clay/Terracotta Toy,Clay,60.1,7.6,65.72,499.47,3,3,High,1.1,559.57,700.24,786.04
Karnataka,Wooden Toy,Bamboo,60.43,9.9,56.24,556.78,2,4,Low,0.9,617.21,914.72,841.54
West Bengal,Clay/Terracotta Toy,Clay,84.36,3.4,70.51,239.73,2,3,Very High,1.2,324.09,412.03,454.85
Gujarat,Wooden Toy,Wood,185.51,4.3,81.37,349.89,5,2,Low,0.9,535.4,880.09,763.88
Kerala,Clay/Terracotta Toy,Terracotta,198.38,3.3,60.04,198.13,3,1,High,1.1,396.51,562.07,541.66
West Bengal,Wooden Toy,Wood,81.75,3.6,53.61,193.0,2,5,Very High,1.2,274.75,419.72,425.31
Karnataka,Bamboo Craft,Bamboo,122.93,11.4,56.25,641.25,1,3,Medium,1.0,764.18,1114.91,1044.96
Kerala,Bamboo Craft,Bamboo,240.3,8.2,80.59,660.84,1,2,Very High,1.2,901.14,1360.64,1397.61
Kerala,Wooden Toy,Wood,372.88,4.6,79.79,367.03,2,4,Medium,1.0,739.91,1152.54,1044.52
Telangana,Handmade Jewelry,Beads,287.36,10.5,52.96,556.08,4,5,High,1.1,843.44,1713.07,1613.11
Gujarat,Pottery,Clay,96.48,6.5,82.76,537.94,5,2,Medium,1.0,634.42,1066.84,980.87
Rajasthan,Pottery,Terracotta,56.07,5.1,63.15,322.06,4,4,High,1.1,378.13,592.72,607.5
Karnataka,Wooden Toy,Bamboo,154.46,7.3,55.54,405.44,3,5,Medium,1.0,559.9,882.95,844.68
Kerala,Pottery,Clay,177.28,5.8,69.34,402.17,1,1,High,1.1,579.45,803.05,761.02
Andhra Pradesh,Textile Craft,Silk,627.74,9.6,62.04,595.58,5,4,High,1.1,1223.32,2213.89,2141.96
Odisha,Wood Craft,Bamboo,132.79,11.2,68.52,767.42,5,3,High,1.1,900.21,1150.96,1346.27
West Bengal,Metal Craft,Brass,478.91,5.7,71.98,410.29,5,4,Medium,1.0,889.2,1555.04,1496.57
Tamil Nadu,Home Decor,Wood,205.82,13.7,76.24,1044.49,5,3,Low,0.9,1250.31,1965.48,1749.29
Andhra Pradesh,Clay/Terracotta Toy,Clay,69.77,5.5,64.02,352.11,3,5,High,1.1,421.88,572.56,620.4
Telangana,Bamboo Craft,Cane,212.29,6.7,69.89,468.26,1,4,High,1.1,680.55,1121.07,1064.03
Odisha,Bamboo Craft,Bamboo,79.64,8.3,57.43,476.67,1,1,Low,0.9,556.31,843.79,718.18
West Bengal,Wooden Toy,Wood,398.73,8.0,79.08,632.64,1,3,High,1.1,1031.37,1338.42,1462.86
Andhra Pradesh,Pottery,Clay,91.33,2.3,50.82,116.89,3,1,High,1.1,208.22,283.42,285.69
Telangana,Textile Craft,Silk,297.44,8.3,60.83,504.89,3,1,High,1.1,802.33,1200.21,1233.7
Telangana,Pottery,Clay,72.08,4.5,58.08,261.36,4,2,High,1.1,333.44,442.74,493.78
Kerala,Textile Craft,Wool,426.53,6.9,87.51,603.82,3,4,Low,0.9,1030.35,1708.21,1513.61
Telangana,Home Decor,Cotton,87.89,13.2,65.73,867.64,1,1,Low,0.9,955.53,1177.99,1185.18
West Bengal,Wooden Toy,Wood,106.46,8.8,71.09,625.59,3,5,Low,0.9,732.05,1327.24,1119.49
West Bengal,Wooden Toy,Bamboo,98.9,3.1,55.33,171.52,3,5,Low,0.9,270.42,426.85,387.53
Karnataka,Home Decor,Wood,393.62,11.8,84.33,995.09,5,3,Very High,1.2,1388.71,2307.54,2403.33
Telangana,Clay/Terracotta Toy,Terracotta,99.92,2.2,76.8,168.96,4,3,Medium,1.0,268.88,343.44,370.9
Andhra Pradesh,Bamboo Toy,Bamboo,233.79,6.1,56.63,345.44,1,2,Very High,1.2,579.23,653.83,758.65
Kerala,Wood Craft,Wood,141.81,12.8,76.61,980.61,2,3,High,1.1,1122.42,1950.24,1859.84
Odisha,Pottery,Terracotta,41.42,4.0,72.28,289.12,5,5,Medium,1.0,330.54,520.15,511.51
Kerala,Wooden Toy,Wood,272.89,9.4,68.95,648.13,3,3,Very High,1.2,921.02,1423.24,1529.4
Karnataka,Wood Craft,Bamboo,219.87,3.4,61.46,208.96,2,4,Low,0.9,428.83,485.41,501.55
Rajasthan,Metal Craft,Brass,608.32,9.5,67.8,644.1,2,2,Medium,1.0,1252.42,1912.84,1695.15
Odisha,Metal Craft,Brass,254.98,15.0,73.24,1098.6,4,2,Low,0.9,1353.58,2300.16,1994.34
Karnataka,Clay/Terracotta Toy,Clay,130.69,3.6,68.75,247.5,2,1,Low,0.9,378.19,494.58,465.39
Karnataka,Textile Craft,Silk,515.15,8.8,66.17,582.3,5,5,High,1.1,1097.45,1567.88,1803.07
West Bengal,Pottery,Clay,73.43,6.2,79.27,491.47,2,1,Medium,1.0,564.9,688.84,693.59
Kerala,Pottery,Terracotta,104.93,8.0,86.15,689.2,2,2,High,1.1,794.13,952.9,1005.15
Andhra Pradesh,Pottery,Terracotta,118.91,2.1,53.75,112.88,1,2,Low,0.9,231.78,283.32,268.37
Gujarat,Home Decor,Wood,183.23,13.7,65.1,891.87,4,4,High,1.1,1075.1,1880.63,1755.26
Telangana,Wooden Toy,Wood,200.39,9.5,54.11,514.04,2,3,Very High,1.2,714.43,1041.66,1054.66
Rajasthan,Pottery,Clay,71.59,2.4,68.42,164.21,4,3,Low,0.9,235.8,371.76,319.54
Tamil Nadu,Handmade Jewelry,Beads,222.2,5.8,70.46,408.67,1,5,Low,0.9,630.87,1135.53,986.32
West Bengal,Clay/Terracotta Toy,Clay,103.32,7.4,71.51,529.17,4,1,Very High,1.2,632.49,807.51,895.16
West Bengal,Bamboo Toy,Bamboo,96.7,5.1,69.88,356.39,5,2,Low,0.9,453.09,707.16,605.95
Karnataka,Pottery,Clay,126.49,5.3,55.05,291.76,5,5,Low,0.9,418.25,727.5,621.28
Uttar Pradesh,Textile Craft,Cotton,295.59,3.5,55.6,194.6,1,3,High,1.1,490.19,860.58,802.05
Telangana,Textile Craft,Wool,397.06,10.9,60.39,658.25,3,1,Very High,1.2,1055.31,1697.39,1750.16
Odisha,Metal Craft,Brass,502.91,10.0,60.34,603.4,1,5,Medium,1.0,1106.31,1530.32,1599.47
Uttar Pradesh,Pottery,Clay,100.64,4.6,49.99,229.95,3,2,High,1.1,330.59,405.72,467.83
Uttar Pradesh,Wood Craft,Bamboo,208.21,7.6,47.12,358.11,3,3,Medium,1.0,566.32,707.78,765.17
West Bengal,Wooden Toy,Wood,283.68,9.5,60.53,575.03,2,5,Low,0.9,858.71,1444.54,1247.83
Gujarat,Clay/Terracotta Toy,Clay,175.77,2.6,77.23,200.8,5,2,Very High,1.2,376.57,514.05,580.85
West Bengal,Home Decor,Clay,147.34,6.7,61.69,413.32,1,4,Medium,1.0,560.66,865.06,838.61
Kerala,Pottery,Terracotta,51.39,5.0,74.79,373.95,4,3,Very High,1.2,425.34,611.85,687.73
Gujarat,Textile Craft,Cotton,137.81,5.5,58.2,320.1,4,3,Low,0.9,457.91,658.43,618.97
Uttar Pradesh,Home Decor,Cotton,273.94,3.4,69.46,236.16,4,4,Low,0.9,510.1,962.24,827.02
Uttar Pradesh,Textile Craft,Silk,320.2,4.4,57.16,251.5,3,2,Very High,1.2,571.7,941.09,962.83
Uttar Pradesh,Bamboo Toy,Cane,253.2,5.8,61.73,358.03,3,4,Very High,1.2,611.23,1047.9,1041.76
Gujarat,Home Decor,Wood,359.38,11.9,84.26,1002.69,1,4,Very High,1.2,1362.07,2349.57,2343.5
West Bengal,Wood Craft,Wood,164.76,5.5,58.02,319.11,1,3,Very High,1.2,483.87,586.71,661.18
Rajasthan,Home Decor,Cotton,198.93,13.2,63.7,840.84,2,2,High,1.1,1039.77,1506.03,1473.26
Tamil Nadu,Clay/Terracotta Toy,Terracotta,189.91,3.1,67.73,209.96,3,2,Very High,1.2,399.87,566.63,614.88
West Bengal,Bamboo Toy,Bamboo,104.19,4.7,54.29,255.16,2,2,Low,0.9,359.35,518.62,453.78
Andhra Pradesh,Wooden Toy,Bamboo,147.36,8.0,54.38,435.04,4,3,Medium,1.0,582.4,939.7,851.04
Odisha,Textile Craft,Silk,293.84,8.8,66.55,585.64,4,3,Medium,1.0,879.48,1056.49,1146.04
Kerala,Bamboo Craft,Bamboo,144.7,10.6,82.63,875.88,3,2,Very High,1.2,1020.58,1539.14,1646.57
Telangana,Bamboo Craft,Cane,101.96,6.9,69.63,480.45,4,3,Medium,1.0,582.41,727.57,783.66
Gujarat,Bamboo Craft,Bamboo,197.39,3.6,70.53,253.91,1,5,High,1.1,451.3,666.34,676.16
Rajasthan,Handmade Jewelry,Brass,643.15,4.2,54.86,230.41,3,2,Very High,1.2,873.56,1536.34,1532.78
Uttar Pradesh,Pottery,Clay,91.33,4.3,64.87,278.94,2,3,Medium,1.0,370.27,503.21,501.36
Rajasthan,Bamboo Craft,Cane,246.22,10.5,70.09,735.95,1,3,Low,0.9,982.17,1563.87,1334.59
Kerala,Wood Craft,Wood,325.57,8.1,80.66,653.35,3,5,Very High,1.2,978.92,1462.72,1641.77
Kerala,Wooden Toy,Bamboo,67.31,6.1,66.81,407.54,2,2,High,1.1,474.85,693.86,676.5
Karnataka,Home Decor,Cotton,162.3,13.6,66.85,909.16,1,1,Low,0.9,1071.46,1570.86,1330.2
Andhra Pradesh,Metal Craft,Iron,354.32,15.5,69.79,1081.75,5,1,High,1.1,1436.07,2496.12,2479.34
Telangana,Bamboo Toy,Bamboo,50.86,2.1,68.26,143.35,2,4,Very High,1.2,194.21,280.19,301.46
Tamil Nadu,Home Decor,Bamboo,214.66,3.3,79.71,263.04,1,4,Low,0.9,477.7,644.55,619.74
West Bengal,Handmade Jewelry,Silver,525.81,8.7,60.39,525.39,3,4,Low,0.9,1051.2,1820.76,1521.24
Tamil Nadu,Pottery,Clay,111.55,4.1,77.17,316.4,1,2,High,1.1,427.95,582.59,565.55
Tamil Nadu,Handmade Jewelry,Brass,705.92,11.9,74.46,886.07,4,5,Low,0.9,1591.99,2628.75,2398.15
Karnataka,Home Decor,Clay,32.44,6.6,55.28,364.85,5,1,Medium,1.0,397.29,465.18,512.91
Gujarat,Handmade Jewelry,Brass,878.64,8.8,80.94,712.27,4,2,Medium,1.0,1590.91,2050.46,2261.82
Gujarat,Bamboo Craft,Cane,255.84,9.3,56.83,528.52,2,2,Low,0.9,784.36,1096.99,947.05
Uttar Pradesh,Clay/Terracotta Toy,Clay,58.94,5.1,60.49,308.5,3,5,Medium,1.0,367.44,516.14,512.04
Andhra Pradesh,Pottery,Terracotta,127.42,5.1,69.86,356.29,3,2,Low,0.9,483.71,557.64,559.75
Rajasthan,Metal Craft,Copper,502.3,8.9,57.83,514.69,1,5,Low,0.9,1016.99,1573.56,1463.82
Tamil Nadu,Bamboo Toy,Cane,273.34,7.8,60.95,475.41,4,5,High,1.1,748.75,1031.72,1125.54
Kerala,Wood Craft,Bamboo,108.64,6.3,79.7,502.11,3,3,Medium,1.0,610.75,891.95,850.63
West Bengal,Handmade Jewelry,Brass,696.06,9.6,50.47,484.51,3,2,Low,0.9,1180.57,1653.98,1526.55
Andhra Pradesh,Bamboo Toy,Cane,257.46,7.7,68.13,524.6,1,4,Very High,1.2,782.06,1022.7,1138.47
Telangana,Handmade Jewelry,Silver,1126.39,11.5,61.05,702.07,3,3,Low,0.9,1828.47,3342.29,2847.36
Kerala,Clay/Terracotta Toy,Terracotta,92.02,4.8,73.86,354.53,3,2,Very High,1.2,446.55,649.67,699.25
Gujarat,Bamboo Craft,Cane,116.4,10.3,74.72,769.62,1,2,Low,0.9,886.02,1303.65,1091.85
Uttar Pradesh,Clay/Terracotta Toy,Terracotta,77.01,6.9,65.28,450.43,4,1,Very High,1.2,527.44,711.13,790.14
Odisha,Home Decor,Bamboo,163.13,7.6,74.41,565.52,2,4,High,1.1,728.65,867.77,1016.45
Telangana,Wood Craft,Wood,355.7,13.4,66.82,895.39,1,4,Very High,1.2,1251.09,1987.34,2028.84
Odisha,Textile Craft,Silk,478.75,3.8,69.63,264.59,5,1,Low,0.9,743.34,1157.35,1032.19
Gujarat,Clay/Terracotta Toy,Terracotta,45.29,7.4,57.69,426.91,5,3,Low,0.9,472.2,689.71,640.4
Tamil Nadu,Handmade Jewelry,Beads,200.32,9.0,62.45,562.05,1,3,High,1.1,762.37,975.35,1054.85
Tamil Nadu,Wood Craft,Wood,235.9,10.7,64.28,687.8,3,3,Very High,1.2,923.7,1165.36,1344.91
Telangana,Metal Craft,Copper,672.08,12.8,74.95,959.36,2,3,High,1.1,1631.44,2850.97,2738.73
Telangana,Clay/Terracotta Toy,Terracotta,136.81,7.1,78.86,559.91,2,3,Very High,1.2,696.72,772.1,938.67
Andhra Pradesh,Pottery,Clay,65.9,6.1,66.18,403.7,5,3,Low,0.9,469.6,803.46,693.49
Tamil Nadu,Clay/Terracotta Toy,Terracotta,52.74,2.5,72.36,180.9,4,5,Medium,1.0,233.64,385.2,362.24
Odisha,Bamboo Craft,Bamboo,120.78,10.5,63.35,665.18,2,3,Very High,1.2,785.96,1078.16,1139.09
Uttar Pradesh,Handmade Jewelry,Silver,777.57,9.3,49.07,456.35,5,5,Medium,1.0,1233.92,2125.91,2083.54
Andhra Pradesh,Bamboo Toy,Bamboo,236.03,3.3,68.15,224.9,5,4,High,1.1,460.93,697.01,725.03
Uttar Pradesh,Textile Craft,Cotton,277.77,6.8,46.78,318.1,3,1,Very High,1.2,595.87,849.86,948.62
Gujarat,Clay/Terracotta Toy,Terracotta,196.24,7.5,72.89,546.67,5,4,Medium,1.0,742.91,1117.86,1128.31
Karnataka,Pottery,Terracotta,185.84,8.0,61.98,495.84,5,5,Very High,1.2,681.68,960.86,1136.31
Kerala,Metal Craft,Copper,612.62,8.0,82.71,661.68,3,3,Medium,1.0,1274.3,2183.37,2047.17
Odisha,Metal Craft,Iron,580.91,13.0,45.55,592.15,4,4,Very High,1.2,1173.06,1646.42,1903.95
West Bengal,Home Decor,Clay,148.48,4.3,60.71,261.05,4,3,Medium,1.0,409.53,660.58,617.63
Kerala,Textile Craft,Wool,142.59,6.7,71.38,478.25,4,1,Low,0.9,620.84,1013.47,855.09
Telangana,Textile Craft,Cotton,207.96,4.2,60.87,255.65,1,1,High,1.1,463.61,679.64,648.88
Uttar Pradesh,Handmade Jewelry,Copper,523.77,11.3,64.51,728.96,2,3,High,1.1,1252.73,2395.83,2241.71
Odisha,Bamboo Craft,Cane,117.78,9.6,71.63,687.65,1,3,High,1.1,805.43,1168.51,1168.73
Karnataka,Wood Craft,Bamboo,107.64,13.4,75.81,1015.85,5,1,Very High,1.2,1123.49,1429.1,1653.66
Uttar Pradesh,Handmade Jewelry,Beads,191.58,4.8,63.35,304.08,4,2,High,1.1,495.66,914.96,890.41
Gujarat,Clay/Terracotta Toy,Terracotta,200.16,7.4,74.29,549.75,1,3,Medium,1.0,749.91,860.02,925.49
West Bengal,Bamboo Craft,Cane,251.61,3.8,61.23,232.67,2,4,Low,0.9,484.28,652.64,597.21
Odisha,Textile Craft,Silk,243.64,6.8,70.92,482.26,4,2,Very High,1.2,725.9,1015.14,1134.79
Uttar Pradesh,Bamboo Toy,Bamboo,144.8,6.4,67.76,433.66,1,5,Very High,1.2,578.46,978.52,956.33
West Bengal,Wood Craft,Wood,95.78,10.4,74.69,776.78,4,2,Medium,1.0,872.56,1440.72,1286.7
Uttar Pradesh,Pottery,Clay,172.12,4.0,51.51,206.04,2,5,Medium,1.0,378.16,531.0,533.28
Odisha,Bamboo Craft,Bamboo,207.49,7.6,52.82,401.43,1,1,Low,0.9,608.92,986.1,823.11
West Bengal,Bamboo Craft,Cane,137.51,9.3,60.4,561.72,2,3,High,1.1,699.23,808.12,928.57
Uttar Pradesh,Wood Craft,Bamboo,151.73,8.0,49.09,392.72,3,3,Very High,1.2,544.45,824.53,891.71
Telangana,Bamboo Toy,Bamboo,117.59,6.0,59.92,359.52,4,1,Medium,1.0,477.11,683.98,646.37
Karnataka,Clay/Terracotta Toy,Clay,108.69,2.4,58.2,139.68,5,5,Very High,1.2,248.37,460.19,454.51
Andhra Pradesh,Pottery,Terracotta,110.43,2.3,68.21,156.88,5,4,High,1.1,267.31,384.45,428.59
West Bengal,Home Decor,Wood,187.57,9.1,61.19,556.83,5,3,High,1.1,744.4,1079.26,1130.27
Uttar Pradesh,Pottery,Terracotta,90.27,7.4,48.53,359.12,3,3,Medium,1.0,449.39,685.72,625.1
Tamil Nadu,Clay/Terracotta Toy,Terracotta,97.56,3.5,78.91,276.19,1,5,Medium,1.0,373.75,437.21,471.96
West Bengal,Bamboo Craft,Cane,116.82,6.6,66.02,435.73,2,3,Very High,1.2,552.55,678.51,812.76
Kerala,Bamboo Craft,Cane,64.68,10.1,88.37,892.54,5,5,Medium,1.0,957.22,1444.3,1487.7
West Bengal,Textile Craft,Silk,472.24,10.7,52.95,566.56,4,3,Low,0.9,1038.8,1292.25,1287.19
Rajasthan,Handmade Jewelry,Copper,711.05,3.6,58.62,211.03,5,2,High,1.1,922.08,1634.58,1586.58
Odisha,Metal Craft,Copper,727.39,11.8,51.29,605.22,3,5,High,1.1,1332.61,2085.67,2125.61
Andhra Pradesh,Wooden Toy,Wood,108.69,7.5,79.72,597.9,1,4,High,1.1,706.59,985.39,989.04
Rajasthan,Handmade Jewelry,Silver,772.9,8.6,72.01,619.29,4,3,Very High,1.2,1392.19,2356.42,2442.0
West Bengal,Handmade Jewelry,Copper,683.6,4.2,64.43,270.61,4,3,High,1.1,954.21,1656.57,1692.11
West Bengal,Metal Craft,Brass,274.72,8.7,53.34,464.06,1,1,Medium,1.0,738.78,935.96,936.88
Uttar Pradesh,Wooden Toy,Bamboo,55.13,8.0,59.8,478.4,5,4,Medium,1.0,533.53,788.91,800.51
Tamil Nadu,Clay/Terracotta Toy,Terracotta,159.45,2.1,57.93,121.65,4,5,Medium,1.0,281.1,487.54,449.76
Rajasthan,Metal Craft,Copper,833.71,11.2,59.44,665.73,3,2,Medium,1.0,1499.44,2190.74,2105.05
Rajasthan,Wood Craft,Bamboo,191.87,3.2,47.74,152.77,3,1,Low,0.9,344.64,507.79,452.99
Gujarat,Pottery,Terracotta,214.04,5.9,57.79,340.96,4,3,Medium,1.0,555.0,945.92,833.41
Kerala,Home Decor,Bamboo,115.31,4.7,78.95,371.07,5,5,High,1.1,486.38,927.21,897.83
Karnataka,Pottery,Terracotta,51.17,7.5,59.39,445.43,2,5,Low,0.9,496.6,686.98,634.59
Gujarat,Wood Craft,Wood,379.08,3.4,72.38,246.09,4,1,Medium,1.0,625.17,789.58,869.45
Tamil Nadu,Home Decor,Wood,130.42,13.1,77.22,1011.58,5,2,Low,0.9,1142.0,1519.06,1440.52
Kerala,Textile Craft,Cotton,88.47,3.5,86.16,301.56,3,5,Low,0.9,390.03,654.42,578.94
Rajasthan,Bamboo Craft,Cane,155.63,3.2,46.21,147.87,5,1,Low,0.9,303.5,512.6,434.88
Kerala,Bamboo Craft,Bamboo,125.78,5.3,65.5,347.15,5,2,Very High,1.2,472.93,640.64,744.56
Andhra Pradesh,Pottery,Terracotta,185.4,7.5,75.14,563.55,1,4,Low,0.9,748.95,1166.43,1016.59
West Bengal,Bamboo Toy,Cane,80.54,5.6,74.76,418.66,5,1,Medium,1.0,499.2,802.87,744.44
Gujarat,Wooden Toy,Bamboo,249.15,6.0,74.72,448.32,3,3,Low,0.9,697.47,1131.1,982.81
Tamil Nadu,Clay/Terracotta Toy,Clay,157.29,6.5,60.65,394.22,2,2,Very High,1.2,551.51,783.52,832.43
Andhra Pradesh,Pottery,Terracotta,115.73,7.2,50.4,362.88,4,1,Low,0.9,478.61,747.28,636.32
Kerala,Home Decor,Clay,164.79,8.6,72.56,624.02,5,1,High,1.1,788.81,949.36,1081.79
Karnataka,Home Decor,Wood,399.63,8.3,56.12,465.8,3,2,Very High,1.2,865.43,1235.05,1368.08
Odisha,Wooden Toy,Bamboo,90.02,4.0,70.66,282.64,1,5,Medium,1.0,372.66,536.11,505.97
Telangana,Wood Craft,Wood,287.33,10.0,79.52,795.2,2,3,High,1.1,1082.53,1877.65,1757.06
Gujarat,Bamboo Craft,Bamboo,96.33,4.4,66.09,290.8,3,2,Very High,1.2,387.13,493.42,543.44
Andhra Pradesh,Handmade Jewelry,Silver,879.4,2.5,63.84,159.6,1,5,Very High,1.2,1039.0,1408.73,1692.13
Uttar Pradesh,Pottery,Clay,52.2,4.0,67.84,271.36,2,3,High,1.1,323.56,425.73,459.17
Uttar Pradesh,Metal Craft,Iron,226.81,14.9,56.12,836.19,3,4,High,1.1,1063.0,1706.65,1727.15
Uttar Pradesh,Metal Craft,Brass,597.91,4.5,63.46,285.57,5,5,High,1.1,883.48,1535.17,1489.63
Gujarat,Bamboo Craft,Cane,273.7,9.3,64.07,595.85,4,4,Medium,1.0,869.55,1195.14,1174.57
Telangana,Bamboo Craft,Bamboo,160.8,9.2,70.61,649.61,4,5,Medium,1.0,810.41,1267.25,1221.19
Andhra Pradesh,Metal Craft,Iron,192.64,15.8,78.24,1236.19,1,2,High,1.1,1428.83,2249.77,2212.0
Uttar Pradesh,Bamboo Craft,Cane,214.29,5.3,60.77,322.08,3,2,Low,0.9,536.37,799.01,673.72
Gujarat,Bamboo Craft,Bamboo,247.66,10.2,75.17,766.73,1,4,Medium,1.0,1014.39,1131.25,1248.15
Kerala,Wooden Toy,Bamboo,92.96,4.5,89.53,402.88,3,5,Medium,1.0,495.84,681.41,667.91
Rajasthan,Bamboo Toy,Bamboo,125.12,2.1,62.89,132.07,5,2,High,1.1,257.19,368.98,393.58
West Bengal,Pottery,Terracotta,141.95,7.1,77.38,549.4,4,3,Medium,1.0,691.35,975.31,970.09
West Bengal,Pottery,Terracotta,146.94,3.5,61.95,216.83,5,5,High,1.1,363.76,474.02,550.77
Karnataka,Bamboo Toy,Cane,96.33,5.2,83.41,433.73,5,4,Medium,1.0,530.06,915.63,843.1
Odisha,Metal Craft,Copper,607.36,12.2,60.18,734.2,3,4,Low,0.9,1341.56,2183.48,1881.22
Kerala,Clay/Terracotta Toy,Clay,157.96,5.6,80.38,450.13,4,5,Low,0.9,608.09,835.41,809.53
Andhra Pradesh,Metal Craft,Iron,311.2,4.8,69.92,335.62,5,4,Medium,1.0,646.82,1260.84,1145.47
Karnataka,Metal Craft,Iron,563.78,9.8,75.53,740.19,2,1,Medium,1.0,1303.97,1359.0,1499.57
Telangana,Bamboo Craft,Cane,88.61,8.3,66.7,553.61,3,1,High,1.1,642.22,1009.57,947.76
Uttar Pradesh,Wood Craft,Wood,313.91,3.1,72.79,225.65,2,3,High,1.1,539.56,850.26,855.92
Karnataka,Wood Craft,Bamboo,84.97,4.4,83.44,367.14,5,2,High,1.1,452.11,686.21,729.75
Andhra Pradesh,Metal Craft,Copper,568.36,12.3,73.61,905.4,1,5,Low,0.9,1473.76,2083.4,1895.15
Telangana,Bamboo Craft,Cane,112.12,11.2,78.78,882.34,5,5,Medium,1.0,994.46,1255.49,1340.21
Karnataka,Handmade Jewelry,Brass,826.45,10.7,68.24,730.17,5,5,Medium,1.0,1556.62,2934.19,2647.79
Andhra Pradesh,Wooden Toy,Wood,152.3,6.0,77.49,464.94,2,3,Low,0.9,617.24,934.42,812.89
West Bengal,Clay/Terracotta Toy,Clay,159.11,6.3,65.59,413.22,4,4,Very High,1.2,572.33,929.0,939.81
West Bengal,Pottery,Terracotta,203.81,3.8,64.62,245.56,5,1,Medium,1.0,449.37,671.23,612.46
West Bengal,Bamboo Craft,Cane,159.66,6.6,51.47,339.7,5,2,Very High,1.2,499.36,774.39,815.17
Odisha,Pottery,Terracotta,70.84,8.3,53.34,442.72,5,3,High,1.1,513.56,816.02,784.05
Kerala,Bamboo Craft,Cane,186.53,8.6,67.79,582.99,2,5,Very High,1.2,769.52,1165.91,1227.61
Rajasthan,Clay/Terracotta Toy,Clay,143.95,7.4,49.18,363.93,2,3,High,1.1,507.88,628.38,689.05
Karnataka,Wooden Toy,Wood,288.65,2.8,73.68,206.3,1,2,High,1.1,494.95,531.91,589.96
Telangana,Metal Craft,Copper,364.83,11.8,50.88,600.38,5,2,Medium,1.0,965.21,1552.27,1545.36
Telangana,Pottery,Terracotta,158.29,7.1,59.13,419.82,2,2,High,1.1,578.11,660.28,752.99
Telangana,Bamboo Craft,Bamboo,102.17,7.0,52.55,367.85,1,1,Low,0.9,470.02,573.07,559.86
Kerala,Pottery,Terracotta,49.23,8.2,65.08,533.66,2,2,High,1.1,582.89,748.88,775.61
West Bengal,Clay/Terracotta Toy,Terracotta,156.0,6.6,59.31,391.45,4,2,Medium,1.0,547.45,852.46,764.29
Kerala,Handmade Jewelry,Silver,800.31,7.6,73.92,561.79,5,5,High,1.1,1362.1,2327.69,2384.91
Andhra Pradesh,Home Decor,Clay,143.21,13.1,64.99,851.37,2,4,Medium,1.0,994.58,1520.57,1513.73
Odisha,Clay/Terracotta Toy,Clay,73.02,2.1,50.46,105.97,5,3,High,1.1,178.99,315.37,294.26
Karnataka,Metal Craft,Iron,448.29,10.0,78.07,780.7,2,2,High,1.1,1228.99,1305.01,1528.57
Gujarat,Wooden Toy,Bamboo,235.48,7.0,66.98,468.86,4,4,Low,0.9,704.34,1122.64,958.99
Uttar Pradesh,Handmade Jewelry,Silver,1117.78,5.9,67.2,396.48,5,3,High,1.1,1514.26,2814.61,2690.75
Rajasthan,Bamboo Craft,Cane,222.12,7.4,51.18,378.73,3,4,High,1.1,600.85,862.6,865.82
Karnataka,Bamboo Craft,Bamboo,207.5,11.7,65.46,765.88,3,1,Medium,1.0,973.38,1250.69,1296.0
Kerala,Bamboo Craft,Cane,170.31,3.9,86.03,335.52,2,2,Medium,1.0,505.83,644.38,669.64
Kerala,Metal Craft,Copper,724.85,8.0,73.91,591.28,2,1,High,1.1,1316.13,1611.77,1855.52
Telangana,Wooden Toy,Bamboo,84.44,9.9,55.91,553.51,5,2,Low,0.9,637.95,944.64,873.71
Rajasthan,Bamboo Toy,Cane,71.39,3.4,70.29,238.99,2,1,High,1.1,310.38,340.17,397.9
Rajasthan,Clay/Terracotta Toy,Clay,136.46,2.6,63.31,164.61,3,4,High,1.1,301.07,418.67,450.05
Odisha,Bamboo Craft,Bamboo,212.52,6.5,54.92,356.98,1,4,Very High,1.2,569.5,839.7,847.5
Karnataka,Bamboo Craft,Bamboo,129.12,7.4,59.51,440.37,4,3,Very High,1.2,569.49,966.78,981.96
Gujarat,Bamboo Toy,Bamboo,236.87,6.9,62.13,428.7,5,3,Low,0.9,665.57,1115.83,957.28
Karnataka,Bamboo Craft,Bamboo,179.93,11.3,76.62,865.81,4,5,High,1.1,1045.74,1643.97,1719.53
Odisha,Pottery,Clay,178.2,8.2,52.93,434.03,3,1,Medium,1.0,612.23,798.54,829.56
Kerala,Bamboo Toy,Cane,93.59,4.0,71.43,285.72,5,4,Medium,1.0,379.31,582.65,573.56
Karnataka,Home Decor,Bamboo,133.08,11.4,71.95,820.23,3,5,Very High,1.2,953.31,1532.54,1716.32
Rajasthan,Wood Craft,Wood,386.95,13.0,53.81,699.53,1,1,Very High,1.2,1086.48,1361.73,1511.15
Gujarat,Wood Craft,Bamboo,143.61,4.2,60.65,254.73,1,1,High,1.1,398.34,619.5,595.64
Karnataka,Bamboo Toy,Bamboo,140.41,4.0,76.68,306.72,5,1,Medium,1.0,447.13,561.68,579.24
Andhra Pradesh,Home Decor,Clay,56.53,11.4,73.95,843.03,3,5,Low,0.9,899.56,1094.86,1130.03
Andhra Pradesh,Handmade Jewelry,Copper,598.39,3.7,67.75,250.68,5,5,High,1.1,849.07,1552.31,1573.57
West Bengal,Pottery,Clay,173.2,3.5,57.71,201.99,1,1,Very High,1.2,375.19,525.86,521.0
Telangana,Textile Craft,Silk,675.38,4.2,71.5,300.3,2,5,High,1.1,975.68,1692.25,1585.96
Telangana,Wood Craft,Bamboo,114.48,4.1,67.11,275.15,4,1,Medium,1.0,389.63,551.74,535.64
Uttar Pradesh,Bamboo Toy,Cane,168.42,4.0,50.1,200.4,4,2,Low,0.9,368.82,512.25,465.32
Telangana,Textile Craft,Silk,437.42,4.1,77.57,318.04,1,4,Low,0.9,755.46,1071.3,986.57
Andhra Pradesh,Clay/Terracotta Toy,Clay,95.16,7.2,77.22,555.98,4,1,High,1.1,651.14,826.24,876.96
West Bengal,Home Decor,Wood,228.16,4.3,66.99,288.06,1,2,Low,0.9,516.22,693.44,622.04
Odisha,Home Decor,Bamboo,115.55,4.7,71.22,334.73,4,2,Medium,1.0,450.28,775.64,713.41
West Bengal,Clay/Terracotta Toy,Clay,144.72,7.6,50.37,382.81,5,4,Very High,1.2,527.53,930.59,909.62
Kerala,Textile Craft,Cotton,144.55,3.6,61.84,222.62,1,1,Very High,1.2,367.17,506.96,554.53
Tamil Nadu,Handmade Jewelry,Silver,939.0,11.9,73.05,869.29,4,4,Medium,1.0,1808.3,2285.33,2521.49
Telangana,Bamboo Craft,Cane,197.09,8.3,73.14,607.06,1,1,Low,0.9,804.15,828.89,924.77
Uttar Pradesh,Home Decor,Cotton,320.99,7.1,50.31,357.2,5,5,Medium,1.0,678.19,1232.24,1138.67
Kerala,Bamboo Craft,Cane,67.77,6.9,67.9,468.51,5,5,Very High,1.2,536.28,696.3,849.94
Kerala,Handmade Jewelry,Silver,680.57,11.1,74.43,826.17,2,5,Low,0.9,1506.74,2508.51,2179.26
Andhra Pradesh,Textile Craft,Silk,343.52,4.4,58.01,255.24,5,2,Very High,1.2,598.76,761.56,907.19
Odisha,Wooden Toy,Wood,227.75,6.4,70.99,454.34,1,3,Low,0.9,682.09,871.74,812.26
Uttar Pradesh,Home Decor,Cotton,231.07,6.9,52.4,361.56,5,1,Low,0.9,592.63,803.43,762.29
Odisha,Clay/Terracotta Toy,Terracotta,100.94,4.7,53.8,252.86,5,4,Very High,1.2,353.8,481.45,571.57
Telangana,Home Decor,Cotton,243.31,3.4,52.26,177.68,1,1,Low,0.9,420.99,563.28,522.97
Rajasthan,Textile Craft,Wool,368.79,5.8,72.4,419.92,1,3,Medium,1.0,788.71,1369.53,1209.74
Odisha,Wooden Toy,Bamboo,112.48,5.7,57.48,327.64,3,1,Medium,1.0,440.12,543.11,560.3
Gujarat,Clay/Terracotta Toy,Clay,133.85,7.1,67.43,478.75,1,4,Low,0.9,612.6,672.99,704.49
Uttar Pradesh,Bamboo Craft,Cane,205.0,9.3,56.54,525.82,1,4,Low,0.9,730.82,1092.8,929.61
Gujarat,Bamboo Toy,Bamboo,211.19,7.2,59.12,425.66,5,4,Medium,1.0,636.85,927.4,916.68
Uttar Pradesh,Clay/Terracotta Toy,Terracotta,125.76,2.4,57.81,138.74,5,5,Medium,1.0,264.5,394.31,384.93
Rajasthan,Handmade Jewelry,Silver,1249.48,11.3,74.22,838.69,2,2,Medium,1.0,2088.17,2694.1,2957.43
West Bengal,Textile Craft,Wool,447.2,11.0,50.35,553.85,1,2,High,1.1,1001.05,1614.05,1538.96
Telangana,Metal Craft,Brass,343.82,8.9,72.05,641.25,5,4,Medium,1.0,985.07,1222.24,1345.63
Karnataka,Bamboo Craft,Bamboo,199.83,7.3,61.81,451.21,5,5,Very High,1.2,651.04,1033.55,1132.72
West Bengal,Clay/Terracotta Toy,Terracotta,67.06,2.4,62.15,149.16,2,1,Medium,1.0,216.22,265.22,263.77
Karnataka,Home Decor,Clay,160.89,12.0,74.01,888.12,1,2,Very High,1.2,1049.01,1368.87,1588.35
Odisha,Textile Craft,Wool,266.61,5.5,45.09,248.0,4,2,Low,0.9,514.61,798.34,688.69
Rajasthan,Pottery,Terracotta,101.32,2.7,68.4,184.68,5,5,Low,0.9,286.0,410.05,386.6
Gujarat,Home Decor,Bamboo,200.49,13.2,77.02,1016.66,1,1,High,1.1,1217.15,1589.3,1731.09
Uttar Pradesh,Textile Craft,Silk,327.12,10.5,52.98,556.29,4,1,Low,0.9,883.41,1065.22,1097.98
Rajasthan,Home Decor,Cotton,265.63,10.7,61.65,659.65,1,1,Very High,1.2,925.28,1315.32,1404.4
Uttar Pradesh,Handmade Jewelry,Copper,264.74,3.0,55.35,166.05,4,1,Low,0.9,430.79,756.59,660.38
Kerala,Textile Craft,Wool,403.21,6.6,78.89,520.67,4,2,Very High,1.2,923.88,1547.98,1539.64
Andhra Pradesh,Wood Craft,Wood,152.44,6.1,65.76,401.14,2,5,Very High,1.2,553.58,938.22,932.68
Telangana,Textile Craft,Cotton,220.99,7.1,60.93,432.6,3,1,Very High,1.2,653.59,1001.63,1023.26
Uttar Pradesh,Pottery,Clay,132.47,8.4,73.41,616.64,4,2,Medium,1.0,749.11,1263.93,1138.01
Karnataka,Handmade Jewelry,Silver,1180.73,2.3,59.43,136.69,1,2,Low,0.9,1317.42,1810.01,1684.59
West Bengal,Clay/Terracotta Toy,Terracotta,94.51,2.3,60.0,138.0,1,3,High,1.1,232.51,285.11,296.06
Gujarat,Bamboo Toy,Cane,251.91,5.1,78.63,401.01,5,4,Very High,1.2,652.92,877.59,1011.54
Odisha,Home Decor,Wood,284.18,3.7,53.58,198.25,1,3,Medium,1.0,482.43,603.58,599.19
Karnataka,Clay/Terracotta Toy,Terracotta,207.26,2.2,72.14,158.71,5,4,High,1.1,365.97,586.72,601.47
Gujarat,Wood Craft,Wood,159.24,10.1,74.84,755.88,5,1,Low,0.9,915.12,1224.54,1228.0
Andhra Pradesh,Bamboo Craft,Bamboo,134.61,7.0,59.29,415.03,3,4,Medium,1.0,549.64,952.64,853.16
Karnataka,Clay/Terracotta Toy,Clay,58.03,6.4,65.48,419.07,1,5,Very High,1.2,477.1,757.0,747.68
Gujarat,Bamboo Craft,Bamboo,97.54,7.9,76.65,605.54,4,3,High,1.1,703.08,1040.87,1016.47
Uttar Pradesh,Clay/Terracotta Toy,Clay,57.69,6.0,51.79,310.74,3,4,High,1.1,368.43,476.24,538.7
Karnataka,Handmade Jewelry,Silver,995.82,2.5,61.03,152.57,2,1,Very High,1.2,1148.39,1827.71,1817.65
Andhra Pradesh,Textile Craft,Wool,191.53,5.9,64.35,379.66,4,5,Medium,1.0,571.19,983.25,908.44
Tamil Nadu,Wood Craft,Bamboo,50.6,13.4,58.01,777.33,4,4,Medium,1.0,827.93,1019.62,1123.56
Odisha,Wooden Toy,Wood,245.21,5.2,59.24,308.05,4,5,Medium,1.0,553.26,677.61,732.19
Andhra Pradesh,Bamboo Toy,Bamboo,73.69,4.4,75.9,333.96,3,5,Very High,1.2,407.65,656.3,647.2
Odisha,Pottery,Clay,174.9,8.4,66.0,554.4,2,4,Very High,1.2,729.3,1070.25,1177.43
West Bengal,Home Decor,Wood,228.4,4.5,79.29,356.81,4,2,High,1.1,585.21,971.24,954.99
Gujarat,Handmade Jewelry,Copper,354.41,5.4,57.49,310.45,3,1,Medium,1.0,664.86,1048.73,995.23
West Bengal,Wooden Toy,Wood,366.76,3.9,61.76,240.86,1,2,Very High,1.2,607.62,980.81,974.05
Kerala,Pottery,Terracotta,185.6,3.2,61.53,196.9,2,4,Medium,1.0,382.5,554.4,532.06
Kerala,Home Decor,Clay,163.58,4.2,88.6,372.12,2,3,Medium,1.0,535.7,796.04,785.78
Rajasthan,Wooden Toy,Bamboo,129.95,3.0,72.48,217.44,2,3,Low,0.9,347.39,498.7,457.19
Karnataka,Bamboo Craft,Cane,180.03,5.2,71.08,369.62,3,5,High,1.1,549.65,781.17,839.38
Kerala,Handmade Jewelry,Copper,334.47,8.5,84.93,721.91,4,3,Very High,1.2,1056.38,1749.25,1850.38
Kerala,Metal Craft,Iron,488.44,12.3,82.72,1017.46,4,5,Low,0.9,1505.9,2781.1,2366.94
Tamil Nadu,Home Decor,Clay,168.91,6.6,83.7,552.42,2,2,Medium,1.0,721.33,1227.71,1103.6
West Bengal,Wood Craft,Bamboo,205.46,5.1,50.02,255.1,3,4,Very High,1.2,460.56,753.45,789.7
Uttar Pradesh,Clay/Terracotta Toy,Clay,178.91,7.8,66.97,522.37,1,3,Very High,1.2,701.28,763.03,915.06
Gujarat,Wood Craft,Bamboo,121.45,4.5,65.8,296.1,5,4,High,1.1,417.55,801.25,760.92
Karnataka,Metal Craft,Brass,774.54,15.4,77.94,1200.28,2,4,Medium,1.0,1974.82,2884.83,2873.82
Gujarat,Clay/Terracotta Toy,Clay,61.77,2.9,77.93,226.0,1,4,Medium,1.0,287.77,353.38,372.71
Uttar Pradesh,Bamboo Toy,Cane,231.55,2.8,68.56,191.97,4,4,Very High,1.2,423.52,610.31,666.26
Rajasthan,Bamboo Toy,Bamboo,215.88,2.1,60.73,127.53,4,2,Medium,1.0,343.41,569.95,502.14
Karnataka,Bamboo Toy,Bamboo,93.01,5.0,57.3,286.5,3,2,Low,0.9,379.51,422.25,436.44
Uttar Pradesh,Clay/Terracotta Toy,Terracotta,171.87,7.0,61.28,428.96,5,5,Very High,1.2,600.83,1002.42,1062.58
Karnataka,Bamboo Craft,Cane,172.4,10.5,68.44,718.62,2,1,Medium,1.0,891.02,1054.71,1108.79
Odisha,Wooden Toy,Bamboo,67.58,4.1,46.47,190.53,4,5,Medium,1.0,258.11,364.07,361.79
Andhra Pradesh,Clay/Terracotta Toy,Terracotta,88.89,5.4,59.9,323.46,1,5,Very High,1.2,412.35,519.69,608.23
Rajasthan,Metal Craft,Iron,456.9,4.8,49.44,237.31,3,5,High,1.1,694.21,1264.96,1237.62
Karnataka,Home Decor,Cotton,339.77,11.2,61.39,687.57,4,3,Very High,1.2,1027.34,1844.06,1901.63
Rajasthan,Wood Craft,Wood,219.31,4.3,66.56,286.21,5,5,High,1.1,505.52,768.35,850.34
Odisha,Home Decor,Cotton,265.45,10.5,66.55,698.77,1,1,Low,0.9,964.22,1269.95,1169.89
Gujarat,Clay/Terracotta Toy,Terracotta,214.73,3.9,73.4,286.26,2,4,Low,0.9,500.99,589.03,584.38
Kerala,Pottery,Terracotta,147.35,4.4,81.83,360.05,2,3,Very High,1.2,507.4,601.87,709.05
Karnataka,Handmade Jewelry,Beads,292.2,4.1,71.9,294.79,1,5,Medium,1.0,586.99,741.41,801.65
Karnataka,Bamboo Craft,Cane,185.47,10.4,82.38,856.75,5,5,Medium,1.0,1042.22,1636.57,1533.57
Kerala,Handmade Jewelry,Copper,499.89,10.0,65.77,657.7,5,4,Very High,1.2,1157.59,2158.03,2270.93
Telangana,Home Decor,Bamboo,68.27,5.1,66.56,339.46,1,2,High,1.1,407.73,462.42,509.29
Telangana,Bamboo Toy,Cane,260.5,3.6,55.43,199.55,1,2,Low,0.9,460.05,548.92,529.06
Tamil Nadu,Clay/Terracotta Toy,Terracotta,89.2,5.3,62.3,330.19,1,3,Very High,1.2,419.39,686.96,680.94
Andhra Pradesh,Home Decor,Bamboo,70.43,13.5,64.46,870.21,3,1,High,1.1,940.64,1159.37,1324.03
Gujarat,Pottery,Terracotta,107.33,6.5,57.0,370.5,3,5,Medium,1.0,477.83,842.33,762.59
Gujarat,Textile Craft,Wool,303.09,7.7,66.12,509.12,2,5,High,1.1,812.21,1331.04,1334.68
Kerala,Clay/Terracotta Toy,Clay,127.54,7.2,72.87,524.66,3,3,Low,0.9,652.2,933.2,869.0
Gujarat,Handmade Jewelry,Copper,282.91,8.8,69.21,609.05,4,2,Medium,1.0,891.96,1556.41,1454.89
Tamil Nadu,Wooden Toy,Bamboo,111.98,5.9,82.32,485.69,3,5,Medium,1.0,597.67,993.54,898.18
Telangana,Home Decor,Cotton,102.31,10.6,79.77,845.56,4,1,Low,0.9,947.87,1084.69,1107.62
Rajasthan,Pottery,Clay,75.74,6.4,52.03,332.99,5,5,Medium,1.0,408.73,614.2,616.24
Odisha,Handmade Jewelry,Copper,749.5,2.3,45.2,103.96,2,3,Very High,1.2,853.46,1348.6,1456.89
Kerala,Bamboo Toy,Cane,242.34,2.4,68.06,163.34,5,1,Low,0.9,405.68,653.02,554.23
Rajasthan,Wooden Toy,Wood,281.92,2.7,65.03,175.58,5,3,High,1.1,457.5,734.31,746.81
Andhra Pradesh,Pottery,Clay,169.97,4.0,61.54,246.16,3,5,Medium,1.0,416.13,683.94,613.03
Andhra Pradesh,Clay/Terracotta Toy,Terracotta,120.39,7.5,71.9,539.25,5,3,High,1.1,659.64,893.56,950.08
Karnataka,Textile Craft,Wool,231.16,11.3,64.41,727.83,1,3,Medium,1.0,958.99,1331.53,1324.04
Uttar Pradesh,Bamboo Toy,Cane,278.06,6.0,68.28,409.68,1,4,Very High,1.2,687.74,948.68,994.12
West Bengal,Clay/Terracotta Toy,Terracotta,125.45,4.3,76.83,330.37,1,4,Very High,1.2,455.82,654.59,678.42
Tamil Nadu,Wooden Toy,Wood,195.06,5.3,81.8,433.54,5,1,High,1.1,628.6,938.28,917.58
Rajasthan,Wooden Toy,Wood,208.72,7.7,51.05,393.08,3,5,Very High,1.2,601.8,1098.86,1080.44
Kerala,Metal Craft,Copper,724.53,13.4,65.13,872.74,4,2,Very High,1.2,1597.27,2439.52,2526.26
Gujarat,Bamboo Toy,Bamboo,78.29,4.2,81.54,342.47,5,2,Low,0.9,420.76,700.15,584.15
Kerala,Pottery,Clay,162.89,5.3,76.6,405.98,4,1,Medium,1.0,568.87,827.6,772.96
Rajasthan,Home Decor,Clay,35.65,12.2,53.07,647.45,2,4,High,1.1,683.1,867.1,938.38
Kerala,Clay/Terracotta Toy,Clay,92.41,2.6,84.17,218.84,3,2,Low,0.9,311.25,390.23,373.74
Andhra Pradesh,Pottery,Clay,173.43,5.7,63.67,362.92,3,2,Very High,1.2,536.35,752.94,776.26
Kerala,Clay/Terracotta Toy,Terracotta,123.76,6.6,60.37,398.44,1,2,Very High,1.2,522.2,750.72,766.75
Kerala,Textile Craft,Cotton,307.2,3.5,69.06,241.71,2,5,High,1.1,548.91,758.41,850.21
West Bengal,Wood Craft,Bamboo,236.74,11.7,60.46,707.38,3,3,Low,0.9,944.12,1425.5,1291.45
Karnataka,Textile Craft,Cotton,100.24,9.7,62.78,608.97,2,1,Medium,1.0,709.21,1211.67,1079.56
Gujarat,Wooden Toy,Bamboo,244.42,8.9,71.37,635.19,5,3,Medium,1.0,879.61,1556.17,1370.68
Gujarat,Bamboo Toy,Bamboo,94.1,3.7,76.9,284.53,1,4,Very High,1.2,378.63,461.57,529.87
Kerala,Home Decor,Bamboo,94.95,9.4,86.36,811.78,4,1,High,1.1,906.73,1320.64,1418.13
Karnataka,Bamboo Craft,Cane,80.13,11.5,65.82,756.93,4,3,High,1.1,837.06,970.69,1112.24
Karnataka,Clay/Terracotta Toy,Clay,93.55,5.0,70.08,350.4,5,4,Low,0.9,443.95,825.3,702.55
Andhra Pradesh,Metal Craft,Brass,384.09,14.5,61.61,893.35,1,1,Medium,1.0,1277.43,1728.44,1667.07
Gujarat,Clay/Terracotta Toy,Clay,73.44,5.1,66.09,337.06,1,3,High,1.1,410.5,545.53,588.9
Uttar Pradesh,Bamboo Craft,Cane,226.08,7.5,55.0,412.5,3,3,Low,0.9,638.58,871.63,833.45
Karnataka,Pottery,Terracotta,40.78,8.8,75.07,660.62,5,5,Low,0.9,701.4,911.63,913.04
Karnataka,Bamboo Craft,Bamboo,100.65,6.1,67.2,409.92,2,3,Medium,1.0,510.57,729.04,708.71
Kerala,Wooden Toy,Bamboo,181.24,7.5,82.89,621.67,1,4,Very High,1.2,802.91,1135.76,1260.66
Rajasthan,Home Decor,Clay,72.88,3.8,49.53,188.21,4,2,Low,0.9,261.09,343.87,327.59
Odisha,Handmade Jewelry,Copper,788.49,3.4,64.33,218.72,1,1,Low,0.9,1007.21,1208.0,1203.25
Tamil Nadu,Metal Craft,Copper,509.67,12.0,76.33,915.96,4,5,Medium,1.0,1425.63,2449.32,2343.07
Odisha,Wooden Toy,Bamboo,168.21,5.0,52.9,264.5,3,3,High,1.1,432.71,593.28,597.81
Odisha,Textile Craft,Silk,270.05,4.5,53.79,242.06,3,3,Low,0.9,512.11,757.99,689.49
Rajasthan,Clay/Terracotta Toy,Terracotta,82.95,3.1,68.99,213.87,1,2,Low,0.9,296.82,320.99,341.34
Uttar Pradesh,Bamboo Toy,Cane,100.59,5.4,52.81,285.17,1,3,High,1.1,385.76,473.41,492.9
Odisha,Home Decor,Cotton,323.31,12.3,54.64,672.07,4,2,Low,0.9,995.38,1546.99,1402.4
Andhra Pradesh,Metal Craft,Copper,664.57,9.7,79.53,771.44,5,4,Medium,1.0,1436.01,2714.56,2495.75
Gujarat,Wooden Toy,Wood,333.95,9.6,72.71,698.02,5,1,Low,0.9,1031.97,1427.74,1386.56
West Bengal,Bamboo Toy,Bamboo,147.65,4.2,79.15,332.43,3,4,Very High,1.2,480.08,822.86,816.02
Rajasthan,Wooden Toy,Bamboo,104.46,8.2,62.18,509.88,5,3,High,1.1,614.34,800.39,924.45
Karnataka,Wood Craft,Wood,292.8,10.5,76.52,803.46,2,2,High,1.1,1096.26,1438.37,1523.9
Gujarat,Textile Craft,Wool,406.54,5.1,57.11,291.26,1,3,High,1.1,697.8,1051.86,986.44
Telangana,Textile Craft,Cotton,160.92,10.5,55.64,584.22,2,5,Medium,1.0,745.14,1029.93,1055.04
Rajasthan,Bamboo Toy,Bamboo,241.02,4.7,50.64,238.01,1,2,Low,0.9,479.03,704.55,606.81
Rajasthan,Wood Craft,Wood,216.51,9.3,52.3,486.39,5,3,Low,0.9,702.9,1239.51,1084.56
Gujarat,Wooden Toy,Wood,167.92,9.8,70.88,694.62,1,5,Very High,1.2,862.54,1456.69,1446.68
Andhra Pradesh,Wood Craft,Bamboo,194.08,3.5,73.61,257.63,4,4,Medium,1.0,451.72,731.77,711.97
Rajasthan,Bamboo Toy,Cane,143.16,7.6,60.7,461.32,2,5,Very High,1.2,604.48,947.25,943.09
Tamil Nadu,Bamboo Craft,Cane,93.16,3.9,82.71,322.57,4,1,Medium,1.0,415.73,674.95,608.76
Andhra Pradesh,Clay/Terracotta Toy,Terracotta,193.32,6.9,77.32,533.51,3,5,Very High,1.2,726.83,934.75,1163.41
Rajasthan,Bamboo Toy,Cane,164.18,2.1,61.96,130.12,3,4,Medium,1.0,294.3,378.41,382.93
Telangana,Wood Craft,Bamboo,228.08,14.0,68.07,952.98,2,5,Very High,1.2,1181.06,1503.11,1805.14
Gujarat,Wood Craft,Wood,237.84,5.0,84.4,422.0,1,1,Low,0.9,659.84,951.13,819.11
Tamil Nadu,Clay/Terracotta Toy,Clay,59.03,7.6,59.2,449.92,4,3,Very High,1.2,508.95,797.36,841.65
Odisha,Pottery,Terracotta,208.39,6.4,66.36,424.7,2,2,High,1.1,633.09,1016.2,956.91
Uttar Pradesh,Home Decor,Wood,330.16,10.0,45.45,454.5,5,3,Medium,1.0,784.66,1281.88,1178.12
Andhra Pradesh,Handmade Jewelry,Silver,1463.02,5.5,75.3,414.15,4,3,Very High,1.2,1877.17,2714.63,3251.42
Gujarat,Bamboo Craft,Bamboo,219.21,5.1,70.0,357.0,4,3,Low,0.9,576.21,671.96,688.2
West Bengal,Textile Craft,Wool,346.76,4.3,78.99,339.66,2,5,Low,0.9,686.42,937.3,915.35
Telangana,Handmade Jewelry,Copper,517.98,9.8,69.92,685.22,3,4,Very High,1.2,1203.2,2262.5,2236.42
West Bengal,Textile Craft,Wool,202.51,11.8,64.72,763.7,4,4,Medium,1.0,966.21,1696.28,1525.4
West Bengal,Clay/Terracotta Toy,Clay,32.07,3.3,67.62,223.15,1,4,High,1.1,255.22,355.4,365.47
Rajasthan,Handmade Jewelry,Silver,1455.55,10.6,57.48,609.29,5,5,Very High,1.2,2064.84,3589.86,3945.58
Karnataka,Wood Craft,Wood,181.33,3.4,60.4,205.36,5,3,Very High,1.2,386.69,599.95,646.15
Odisha,Handmade Jewelry,Beads,115.53,7.4,68.4,506.16,4,4,Low,0.9,621.69,990.87,890.81
Telangana,Textile Craft,Cotton,206.48,3.6,57.61,207.4,1,4,Very High,1.2,413.88,644.12,651.9
West Bengal,Metal Craft,Iron,450.36,6.4,62.82,402.05,1,2,Low,0.9,852.41,1191.1,1115.49
Tamil Nadu,Bamboo Toy,Cane,184.07,3.3,75.08,247.76,3,3,Medium,1.0,431.83,715.4,633.58
Karnataka,Pottery,Clay,86.63,6.7,68.92,461.76,4,2,Very High,1.2,548.39,781.06,855.73
West Bengal,Metal Craft,Brass,304.24,11.4,52.33,596.56,4,3,Medium,1.0,900.8,1209.04,1223.5
Uttar Pradesh,Wood Craft,Wood,117.67,8.4,68.75,577.5,4,2,Medium,1.0,695.17,1205.33,1077.16
Kerala,Wooden Toy,Bamboo,187.12,6.6,82.28,543.05,1,5,Very High,1.2,730.17,974.14,1054.2
Rajasthan,Clay/Terracotta Toy,Clay,170.61,7.9,52.15,411.99,2,4,Very High,1.2,582.6,821.87,915.69
Gujarat,Bamboo Craft,Cane,242.78,7.6,68.32,519.23,5,2,Very High,1.2,762.01,962.68,1168.94
Kerala,Handmade Jewelry,Copper,719.7,2.6,86.69,225.39,3,3,High,1.1,945.09,1611.42,1550.77
Kerala,Pottery,Clay,32.81,4.9,72.22,353.88,2,3,High,1.1,386.69,587.32,567.34
Kerala,Metal Craft,Iron,515.3,15.6,88.95,1387.62,1,1,High,1.1,1902.92,2602.92,2515.64
Karnataka,Wooden Toy,Bamboo,169.75,9.0,75.67,681.03,3,2,Very High,1.2,850.78,1102.75,1255.27
Rajasthan,Home Decor,Bamboo,57.41,4.2,48.36,203.11,5,1,High,1.1,260.52,432.41,440.99
Uttar Pradesh,Metal Craft,Brass,429.58,14.6,52.94,772.92,3,3,High,1.1,1202.5,1651.9,1887.27
Gujarat,Handmade Jewelry,Brass,864.28,8.9,58.36,519.4,2,5,Low,0.9,1383.68,2365.66,2125.81
Gujarat,Handmade Jewelry,Beads,363.27,9.8,64.34,630.53,2,4,High,1.1,993.8,1431.85,1550.59
Tamil Nadu,Wooden Toy,Bamboo,103.45,3.0,71.3,213.9,3,4,Low,0.9,317.35,461.83,426.81
Tamil Nadu,Home Decor,Wood,310.82,8.3,69.78,579.17,4,1,Low,0.9,889.99,1294.31,1148.14
Kerala,Wooden Toy,Wood,384.15,5.3,70.73,374.87,2,2,Very High,1.2,759.02,1269.71,1261.38
Kerala,Bamboo Craft,Bamboo,216.72,4.4,80.64,354.82,4,1,Medium,1.0,571.54,792.94,764.66
Rajasthan,Clay/Terracotta Toy,Terracotta,202.17,6.9,55.04,379.78,3,5,Low,0.9,581.95,767.69,763.15
Rajasthan,Bamboo Toy,Bamboo,159.92,2.7,67.34,181.82,4,3,Medium,1.0,341.74,399.99,435.59
Uttar Pradesh,Handmade Jewelry,Silver,1493.62,2.9,70.01,203.03,1,3,Medium,1.0,1696.65,2544.41,2501.2
Tamil Nadu,Handmade Jewelry,Copper,734.26,5.8,76.79,445.38,3,1,High,1.1,1179.64,1403.19,1581.77
Tamil Nadu,Metal Craft,Brass,588.14,12.3,58.28,716.84,3,5,High,1.1,1304.98,2072.21,2023.73
Karnataka,Bamboo Toy,Bamboo,215.33,4.0,71.72,286.88,4,1,Low,0.9,502.21,560.72,577.54
Kerala,Home Decor,Clay,40.55,10.0,61.73,617.3,5,1,High,1.1,657.85,1006.67,1010.61
Gujarat,Bamboo Toy,Bamboo,213.5,7.9,83.48,659.49,3,4,High,1.1,872.99,1514.4,1409.95
Rajasthan,Wood Craft,Wood,371.07,8.4,73.87,620.51,3,4,High,1.1,991.58,1509.86,1596.12
Kerala,Bamboo Toy,Bamboo,247.63,3.5,73.23,256.31,4,4,Very High,1.2,503.94,649.58,779.34
West Bengal,Wood Craft,Wood,112.48,9.2,58.69,539.95,2,2,Very High,1.2,652.43,993.06,986.14
Odisha,Home Decor,Clay,87.23,12.3,61.28,753.74,4,3,Low,0.9,840.97,1566.5,1348.13
Gujarat,Metal Craft,Iron,584.79,7.0,69.75,488.25,4,1,Medium,1.0,1073.04,1753.9,1597.53
West Bengal,Clay/Terracotta Toy,Clay,48.19,5.5,78.31,430.71,3,3,Medium,1.0,478.9,776.64,683.92
Andhra Pradesh,Textile Craft,Wool,415.07,11.6,73.08,847.73,1,2,High,1.1,1262.8,1496.72,1677.06
Kerala,Wood Craft,Bamboo,233.45,6.6,65.5,432.3,3,4,Very High,1.2,665.75,925.18,1010.5
Tamil Nadu,Handmade Jewelry,Brass,877.14,5.5,83.71,460.4,2,2,Medium,1.0,1337.55,2000.63,1835.08
Karnataka,Bamboo Toy,Cane,114.57,3.6,64.71,232.96,2,4,High,1.1,347.53,466.62,503.89
Andhra Pradesh,Wooden Toy,Bamboo,156.14,4.2,60.83,255.49,3,2,Very High,1.2,411.63,584.59,605.78
Odisha,Pottery,Clay,142.05,5.0,69.04,345.2,5,4,Low,0.9,487.25,899.81,763.65
Tamil Nadu,Pottery,Terracotta,99.64,3.8,78.64,298.83,3,4,Low,0.9,398.47,655.17,557.74
Andhra Pradesh,Bamboo Craft,Cane,247.14,11.3,60.63,685.12,1,2,Low,0.9,932.26,1205.14,1084.69
Andhra Pradesh,Bamboo Toy,Bamboo,183.34,5.6,59.93,335.61,5,4,Low,0.9,518.95,818.65,717.58
Odisha,Wood Craft,Bamboo,66.81,3.7,56.05,207.38,3,1,Low,0.9,274.19,392.21,351.24
Tamil Nadu,Bamboo Craft,Cane,248.98,4.3,65.99,283.76,2,2,Low,0.9,532.74,591.36,612.65
Karnataka,Textile Craft,Wool,424.41,5.6,68.4,383.04,1,2,Very High,1.2,807.45,1044.92,1126.16
Uttar Pradesh,Textile Craft,Cotton,211.85,7.8,55.0,429.0,2,2,Low,0.9,640.85,872.01,811.13
West Bengal,Wood Craft,Bamboo,115.65,6.0,75.86,455.16,3,2,Very High,1.2,570.81,892.72,883.77
Rajasthan,Bamboo Toy,Bamboo,148.76,2.3,51.31,118.01,3,5,Low,0.9,266.77,345.96,335.69
Tamil Nadu,Home Decor,Bamboo,192.98,9.3,81.8,760.74,2,2,Medium,1.0,953.72,1109.94,1191.95
Telangana,Home Decor,Wood,244.8,4.7,55.2,259.44,2,3,Low,0.9,504.24,736.05,704.91
Karnataka,Metal Craft,Copper,398.34,11.7,62.78,734.53,5,4,Medium,1.0,1132.87,1475.76,1595.37
Odisha,Home Decor,Wood,376.91,5.6,73.01,408.86,4,2,Medium,1.0,785.77,1039.24,1110.36
West Bengal,Pottery,Terracotta,41.15,4.6,54.49,250.65,5,2,High,1.1,291.8,487.22,456.35
Tamil Nadu,Pottery,Clay,159.85,6.7,62.58,419.29,2,4,Very High,1.2,579.14,905.58,896.05
Karnataka,Bamboo Craft,Bamboo,176.31,9.4,78.13,734.42,5,3,High,1.1,910.73,1264.02,1305.38
West Bengal,Home Decor,Cotton,267.15,11.8,65.13,768.53,4,5,Low,0.9,1035.68,1701.37,1468.09
Tamil Nadu,Pottery,Terracotta,195.44,6.5,82.21,534.37,2,3,Low,0.9,729.81,942.87,915.06
Uttar Pradesh,Pottery,Clay,65.57,5.3,61.46,325.74,5,3,High,1.1,391.31,545.3,571.11
Karnataka,Handmade Jewelry,Silver,805.9,2.8,80.73,226.04,5,3,Medium,1.0,1031.94,1607.98,1652.51
Tamil Nadu,Wooden Toy,Wood,122.55,3.7,75.52,279.42,1,5,Low,0.9,401.97,621.69,543.97
Odisha,Home Decor,Cotton,129.46,8.2,51.65,423.53,3,2,High,1.1,552.99,808.3,826.79
West Bengal,Wood Craft,Wood,174.98,5.4,74.48,402.19,4,2,High,1.1,577.17,862.7,855.22
Tamil Nadu,Clay/Terracotta Toy,Clay,169.81,3.0,81.41,244.23,1,1,Medium,1.0,414.04,599.01,537.97
Rajasthan,Wooden Toy,Bamboo,87.43,6.5,66.21,430.36,2,4,Very High,1.2,517.79,619.51,743.82
Tamil Nadu,Pottery,Terracotta,181.75,7.7,66.37,511.05,1,4,High,1.1,692.8,1042.83,1030.55
Telangana,Wooden Toy,Wood,83.03,2.5,67.03,167.57,3,4,Medium,1.0,250.6,310.59,331.07
West Bengal,Handmade Jewelry,Silver,1280.23,2.6,55.95,145.47,4,1,Medium,1.0,1425.7,2270.03,2061.37
Karnataka,Textile Craft,Silk,324.08,8.4,74.34,624.46,5,3,Low,0.9,948.54,1636.45,1448.29
West Bengal,Wood Craft,Wood,295.16,6.2,57.85,358.67,5,3,Medium,1.0,653.83,1038.62,963.8
Telangana,Clay/Terracotta Toy,Clay,53.4,2.6,64.74,168.32,5,2,Medium,1.0,221.72,394.8,349.65
Rajasthan,Wood Craft,Bamboo,247.03,11.8,50.73,598.61,3,4,High,1.1,845.64,1486.75,1393.79
Uttar Pradesh,Wooden Toy,Wood,151.97,7.0,69.17,484.19,3,5,High,1.1,636.16,1138.44,1069.91
Odisha,Metal Craft,Copper,757.5,14.4,59.79,860.98,1,3,Low,0.9,1618.48,1982.2,1903.65
Gujarat,Handmade Jewelry,Brass,674.16,5.9,81.81,482.68,3,3,High,1.1,1156.84,1950.68,1868.75
Tamil Nadu,Pottery,Clay,115.13,4.4,76.52,336.69,3,5,Very High,1.2,451.82,562.02,661.85
Odisha,Metal Craft,Brass,888.93,14.4,67.33,969.55,5,4,Medium,1.0,1858.48,2703.69,2704.86
Karnataka,Wooden Toy,Bamboo,212.54,9.8,69.3,679.14,1,2,High,1.1,891.68,1289.57,1268.57
Uttar Pradesh,Handmade Jewelry,Brass,777.45,5.2,54.1,281.32,2,4,Medium,1.0,1058.77,1527.3,1492.13
Tamil Nadu,Metal Craft,Brass,891.03,13.8,66.89,923.08,1,2,Low,0.9,1814.11,2754.0,2472.82
Kerala,Bamboo Toy,Bamboo,222.06,6.5,74.31,483.01,2,4,Medium,1.0,705.08,1011.7,940.69
Rajasthan,Textile Craft,Silk,358.55,7.2,47.65,343.08,2,2,Low,0.9,701.63,829.86,845.1
Kerala,Metal Craft,Iron,435.95,15.4,89.33,1375.68,5,2,Low,0.9,1811.63,2195.16,2263.02
Uttar Pradesh,Wood Craft,Bamboo,230.83,7.2,48.47,348.98,3,3,Low,0.9,579.81,734.51,720.53
Tamil Nadu,Wooden Toy,Wood,93.88,2.5,56.31,140.78,4,2,Medium,1.0,234.66,356.1,329.47
Rajasthan,Pottery,Terracotta,142.17,2.6,68.31,177.61,1,2,Medium,1.0,319.78,359.09,391.31
Andhra Pradesh,Bamboo Craft,Cane,253.33,4.5,75.25,338.62,2,3,High,1.1,591.96,793.79,861.25
Telangana,Bamboo Toy,Cane,175.06,6.7,78.59,526.55,3,2,High,1.1,701.61,1010.55,977.98
West Bengal,Handmade Jewelry,Silver,1142.53,4.0,61.62,246.48,1,1,Very High,1.2,1389.01,1882.86,2010.27
Andhra Pradesh,Home Decor,Wood,193.95,8.1,71.72,580.93,1,3,High,1.1,774.88,836.16,966.87
Gujarat,Textile Craft,Silk,442.72,6.0,80.68,484.08,4,3,Medium,1.0,926.8,1390.06,1407.86
Gujarat,Bamboo Craft,Cane,237.72,3.6,75.03,270.11,1,5,Medium,1.0,507.83,767.15,732.81
Odisha,Pottery,Terracotta,188.63,6.1,58.95,359.59,3,2,Low,0.9,548.22,720.62,665.93
Gujarat,Bamboo Toy,Cane,100.19,4.0,56.32,225.28,5,4,Medium,1.0,325.47,560.27,510.6
Telangana,Home Decor,Bamboo,74.76,9.2,66.83,614.84,2,5,Low,0.9,689.6,1138.42,1036.03
Gujarat,Wooden Toy,Wood,239.86,2.8,75.75,212.1,1,5,Medium,1.0,451.96,624.48,598.15
West Bengal,Textile Craft,Wool,414.9,8.4,68.48,575.23,2,1,High,1.1,990.13,1309.9,1355.66
Karnataka,Bamboo Craft,Bamboo,110.24,4.2,77.2,324.24,4,5,Very High,1.2,434.48,711.96,707.47
Gujarat,Textile Craft,Wool,155.57,7.0,82.87,580.09,5,5,Very High,1.2,735.66,1381.48,1408.27
Telangana,Home Decor,Clay,137.01,10.5,60.3,633.15,4,3,High,1.1,770.16,1417.33,1355.49
Uttar Pradesh,Handmade Jewelry,Silver,1383.58,4.0,50.81,203.24,3,4,Very High,1.2,1586.82,2086.58,2583.44
Gujarat,Bamboo Toy,Cane,172.57,3.9,61.41,239.5,3,2,Low,0.9,412.07,589.52,508.21
Rajasthan,Wood Craft,Bamboo,155.89,7.7,58.1,447.37,4,4,Low,0.9,603.26,918.52,841.94
Telangana,Home Decor,Clay,124.83,5.8,54.24,314.59,1,4,Medium,1.0,439.42,536.24,570.24
Karnataka,Wood Craft,Bamboo,226.58,6.3,60.04,378.25,2,5,Very High,1.2,604.83,947.83,970.4
Uttar Pradesh,Clay/Terracotta Toy,Terracotta,53.71,6.2,67.91,421.04,4,5,Medium,1.0,474.75,716.24,721.24
Tamil Nadu,Wooden Toy,Wood,319.58,4.1,78.48,321.77,1,5,Very High,1.2,641.35,795.06,967.32
Uttar Pradesh,Wooden Toy,Bamboo,162.72,6.5,73.43,477.3,2,4,High,1.1,640.02,706.07,821.05
Uttar Pradesh,Wooden Toy,Bamboo,181.02,6.0,71.54,429.24,2,1,Low,0.9,610.26,761.21,736.46
Gujarat,Bamboo Craft,Bamboo,178.54,7.6,71.01,539.68,1,2,Medium,1.0,718.22,935.45,923.56
Kerala,Handmade Jewelry,Brass,805.32,10.7,62.16,665.11,4,2,High,1.1,1470.43,2431.21,2485.12
Gujarat,Bamboo Craft,Cane,98.89,7.2,56.75,408.6,4,1,Medium,1.0,507.49,677.18,647.01
Rajasthan,Home Decor,Bamboo,117.89,5.8,61.87,358.85,1,1,Medium,1.0,476.74,650.39,640.95
Telangana,Metal Craft,Iron,470.6,7.3,56.84,414.93,5,1,Medium,1.0,885.53,1321.86,1347.96
Andhra Pradesh,Pottery,Terracotta,159.94,4.7,51.06,239.98,2,4,Low,0.9,399.92,643.42,543.62
West Bengal,Pottery,Terracotta,130.56,5.6,75.5,422.8,1,4,Very High,1.2,553.36,760.99,785.89
West Bengal,Home Decor,Wood,204.2,12.7,55.02,698.75,5,3,Very High,1.2,902.95,1256.33,1484.04
Uttar Pradesh,Home Decor,Cotton,193.62,10.0,53.88,538.8,1,1,Very High,1.2,732.42,836.17,966.8
Telangana,Pottery,Terracotta,96.29,7.2,74.05,533.16,1,1,Low,0.9,629.45,898.91,794.78
Andhra Pradesh,Pottery,Clay,115.11,7.6,74.17,563.69,2,5,Low,0.9,678.8,1034.45,914.04
Kerala,Wood Craft,Wood,149.61,9.1,70.85,644.73,3,4,Very High,1.2,794.34,1217.25,1310.19
West Bengal,Wooden Toy,Wood,116.98,8.3,71.95,597.19,1,1,Medium,1.0,714.17,1124.53,991.08
Telangana,Pottery,Terracotta,208.31,5.3,61.99,328.55,5,5,Very High,1.2,536.86,813.24,916.38
Tamil Nadu,Bamboo Toy,Cane,156.71,2.6,62.78,163.23,3,5,High,1.1,319.94,482.38,480.62
Gujarat,Handmade Jewelry,Beads,125.76,8.7,80.76,702.61,4,2,Very High,1.2,828.37,1483.73,1535.22
Andhra Pradesh,Wooden Toy,Bamboo,237.54,9.0,60.45,544.05,4,1,High,1.1,781.59,1036.61,1055.78
Andhra Pradesh,Handmade Jewelry,Silver,1017.53,2.4,72.73,174.55,1,3,Low,0.9,1192.08,1952.45,1629.56
Kerala,Bamboo Craft,Bamboo,83.15,11.9,77.82,926.06,5,2,Medium,1.0,1009.21,1650.56,1510.63
Karnataka,Textile Craft,Silk,414.01,9.3,74.04,688.57,3,3,Very High,1.2,1102.58,1440.01,1726.75
West Bengal,Wooden Toy,Bamboo,241.24,5.0,54.27,271.35,5,2,Medium,1.0,512.59,889.67,795.61
Gujarat,Textile Craft,Wool,222.14,3.9,68.38,266.68,2,1,Very High,1.2,488.82,728.89,755.97
Uttar Pradesh,Wood Craft,Bamboo,93.65,3.8,48.64,184.83,5,3,High,1.1,278.48,347.04,402.18
Kerala,Textile Craft,Wool,157.04,10.1,69.07,697.61,2,1,Very High,1.2,854.65,1300.68,1320.96
West Bengal,Textile Craft,Cotton,179.42,8.0,54.6,436.8,5,4,High,1.1,616.22,869.54,963.52
Tamil Nadu,Wood Craft,Bamboo,90.61,13.1,61.74,808.79,5,2,Very High,1.2,899.4,1274.34,1445.46
Rajasthan,Bamboo Craft,Cane,172.58,10.1,58.84,594.28,2,2,Very High,1.2,766.86,943.07,1104.19
Rajasthan,Wooden Toy,Wood,168.61,7.8,62.03,483.83,4,3,Low,0.9,652.44,1091.45,913.36
Kerala,Home Decor,Clay,39.8,10.3,77.95,802.89,1,1,Low,0.9,842.69,840.95,969.09
Gujarat,Home Decor,Clay,72.42,12.3,59.89,736.65,4,3,Low,0.9,809.07,1217.18,1081.11
West Bengal,Textile Craft,Silk,208.87,7.6,62.6,475.76,1,5,Medium,1.0,684.63,892.09,886.72
Uttar Pradesh,Bamboo Craft,Cane,180.72,10.9,71.83,782.95,1,3,Low,0.9,963.67,1204.06,1189.57
Andhra Pradesh,Bamboo Craft,Bamboo,212.07,8.6,77.98,670.63,5,1,Very High,1.2,882.7,1152.56,1368.89
Gujarat,Wood Craft,Wood,154.68,4.0,78.18,312.72,1,5,Very High,1.2,467.4,657.04,748.92
Uttar Pradesh,Clay/Terracotta Toy,Clay,51.15,3.2,64.99,207.97,5,2,Low,0.9,259.12,318.53,326.06
Tamil Nadu,Metal Craft,Copper,397.39,13.0,78.19,1016.47,5,2,Medium,1.0,1413.86,1896.75,2053.03
Odisha,Textile Craft,Silk,649.08,9.7,59.96,581.61,3,1,Low,0.9,1230.69,1947.17,1689.12
West Bengal,Home Decor,Wood,88.86,6.5,69.21,449.86,1,2,Very High,1.2,538.72,629.22,715.19
Gujarat,Textile Craft,Silk,292.47,3.0,72.62,217.86,2,5,Very High,1.2,510.33,891.85,879.88
Rajasthan,Home Decor,Bamboo,148.01,7.7,73.21,563.72,4,5,Low,0.9,711.73,1396.03,1165.96
Gujarat,Bamboo Craft,Cane,191.08,8.0,77.11,616.88,3,1,Very High,1.2,807.96,1082.84,1171.9
Tamil Nadu,Clay/Terracotta Toy,Clay,62.36,5.0,64.93,324.65,4,5,Medium,1.0,387.01,574.51,551.21
Gujarat,Home Decor,Cotton,100.88,5.1,68.82,350.98,2,4,Low,0.9,451.86,721.75,659.16
Telangana,Pottery,Terracotta,42.16,4.0,50.06,200.24,2,1,Medium,1.0,242.4,290.22,293.12
Tamil Nadu,Pottery,Clay,165.85,7.9,75.86,599.29,2,4,Low,0.9,765.14,1207.79,1023.98
Odisha,Metal Craft,Copper,324.33,6.2,59.4,368.28,2,4,Medium,1.0,692.61,941.25,942.75
Rajasthan,Metal Craft,Copper,694.42,9.2,63.92,588.06,4,2,Medium,1.0,1282.48,2076.19,1977.73
Gujarat,Textile Craft,Silk,236.76,8.3,81.74,678.44,1,4,Medium,1.0,915.2,1294.56,1227.97
Kerala,Wood Craft,Bamboo,78.35,7.3,78.17,570.64,3,4,Low,0.9,648.99,970.6,896.4
Uttar Pradesh,Bamboo Toy,Cane,264.29,5.3,73.13,387.59,4,4,Low,0.9,651.88,811.23,824.46
Rajasthan,Wooden Toy,Bamboo,87.02,5.8,57.91,335.88,3,1,Low,0.9,422.9,617.93,551.68
Gujarat,Wood Craft,Bamboo,127.5,8.6,67.4,579.64,4,2,High,1.1,707.14,1027.23,1031.6
Odisha,Bamboo Craft,Cane,226.9,11.0,54.83,603.13,3,1,Medium,1.0,830.03,1053.08,1039.25
Karnataka,Bamboo Craft,Bamboo,94.45,7.8,81.05,632.19,3,1,Medium,1.0,726.64,1213.27,1079.16
Odisha,Pottery,Terracotta,189.07,5.3,51.88,274.96,3,4,Low,0.9,464.03,598.63,575.92
Tamil Nadu,Bamboo Craft,Cane,199.13,8.7,59.27,515.65,4,4,Low,0.9,714.78,1243.03,1055.62
Telangana,Textile Craft,Cotton,83.16,7.3,61.9,451.87,3,2,Very High,1.2,535.03,681.23,796.56
Odisha,Textile Craft,Silk,484.42,11.3,59.4,671.22,2,1,High,1.1,1155.64,1889.76,1817.29
Telangana,Textile Craft,Cotton,183.4,4.4,64.15,282.26,1,5,Very High,1.2,465.66,585.68,678.48
Odisha,Wood Craft,Wood,296.51,10.6,55.63,589.68,1,3,High,1.1,886.19,1002.77,1117.38
Uttar Pradesh,Clay/Terracotta Toy,Clay,128.48,2.9,55.99,162.37,2,4,Medium,1.0,290.85,369.28,373.34
Karnataka,Metal Craft,Brass,623.14,9.6,81.18,779.33,4,3,Medium,1.0,1402.47,2109.13,2174.35
Kerala,Bamboo Toy,Bamboo,244.89,4.5,69.72,313.74,3,2,High,1.1,558.63,611.49,712.82
Uttar Pradesh,Home Decor,Cotton,111.11,10.4,56.38,586.35,4,1,High,1.1,697.46,1101.95,1069.53
Karnataka,Bamboo Toy,Bamboo,158.2,3.4,82.19,279.45,1,3,Very High,1.2,437.65,540.89,599.02
Rajasthan,Handmade Jewelry,Silver,887.25,8.2,64.67,530.29,5,3,Very High,1.2,1417.54,2267.01,2556.29
Gujarat,Handmade Jewelry,Brass,479.17,2.7,56.62,152.87,2,4,Very High,1.2,632.04,906.64,1046.59
Odisha,Wooden Toy,Bamboo,207.32,8.8,50.37,443.26,2,2,Low,0.9,650.58,895.49,820.49
West Bengal,Metal Craft,Iron,342.36,10.5,61.68,647.64,3,2,Very High,1.2,990.0,1338.34,1466.26
Rajasthan,Metal Craft,Brass,456.93,9.3,47.49,441.66,1,2,Very High,1.2,898.59,1069.37,1305.04
Rajasthan,Pottery,Clay,95.2,8.2,58.4,478.88,2,1,High,1.1,574.08,770.27,785.36
Andhra Pradesh,Handmade Jewelry,Beads,185.42,4.1,75.53,309.67,3,5,Medium,1.0,495.09,673.67,718.13
Rajasthan,Textile Craft,Wool,190.29,10.6,49.52,524.91,3,5,High,1.1,715.2,1247.61,1196.09
West Bengal,Bamboo Craft,Cane,167.86,11.2,70.58,790.5,1,1,High,1.1,958.36,1034.32,1192.77
West Bengal,Bamboo Toy,Cane,60.39,5.8,54.7,317.26,5,1,High,1.1,377.65,556.93,556.05
Odisha,Bamboo Craft,Cane,224.54,8.2,58.75,481.75,5,2,Very High,1.2,706.29,1000.38,1068.85
Rajasthan,Metal Craft,Copper,419.35,8.2,70.37,577.03,5,2,Low,0.9,996.38,1642.43,1437.91
Andhra Pradesh,Pottery,Clay,111.82,6.8,74.77,508.44,1,1,Low,0.9,620.26,833.55,763.14
Odisha,Metal Craft,Brass,306.21,9.6,54.79,525.98,5,4,Medium,1.0,832.19,1351.15,1276.9
Rajasthan,Pottery,Clay,139.12,3.2,53.53,171.3,5,2,High,1.1,310.42,437.57,455.44
Andhra Pradesh,Pottery,Terracotta,100.07,4.5,52.29,235.31,1,1,Medium,1.0,335.38,409.67,395.28
Odisha,Bamboo Toy,Bamboo,60.65,5.7,70.31,400.77,5,1,Medium,1.0,461.42,687.56,638.38
Gujarat,Textile Craft,Wool,183.58,8.8,84.2,740.96,1,5,Very High,1.2,924.54,1333.41,1402.58
Karnataka,Handmade Jewelry,Beads,147.97,5.0,63.8,319.0,1,5,Medium,1.0,466.97,618.81,682.47
Kerala,Handmade Jewelry,Brass,452.9,6.9,76.79,529.85,1,3,Medium,1.0,982.75,1406.14,1371.81
Karnataka,Textile Craft,Wool,315.49,4.5,74.46,335.07,2,2,Low,0.9,650.56,733.82,748.14
Rajasthan,Wooden Toy,Wood,211.8,7.5,47.09,353.18,3,1,Medium,1.0,564.98,746.37,720.59
Uttar Pradesh,Clay/Terracotta Toy,Clay,94.22,4.0,69.37,277.48,2,1,Low,0.9,371.7,504.13,434.2
West Bengal,Bamboo Toy,Bamboo,136.79,4.2,60.61,254.56,2,1,Medium,1.0,391.35,421.72,450.05
Rajasthan,Handmade Jewelry,Brass,413.37,8.2,45.39,372.2,4,2,High,1.1,785.57,1300.19,1323.08
Karnataka,Pottery,Terracotta,103.51,6.0,55.05,330.3,2,1,High,1.1,433.81,535.25,547.24
Andhra Pradesh,Metal Craft,Brass,508.35,9.9,59.25,586.58,3,1,Very High,1.2,1094.93,1695.89,1692.34
Andhra Pradesh,Bamboo Craft,Cane,64.92,5.1,75.86,386.89,2,3,Low,0.9,451.81,551.3,532.44
Andhra Pradesh,Metal Craft,Brass,761.38,7.1,57.74,409.95,4,2,Medium,1.0,1171.33,1562.19,1656.3
Tamil Nadu,Clay/Terracotta Toy,Terracotta,47.71,3.2,66.08,211.46,3,4,Very High,1.2,259.17,456.17,455.57
Telangana,Textile Craft,Cotton,94.35,3.3,56.59,186.75,3,2,Low,0.9,281.1,371.5,357.53
Andhra Pradesh,Bamboo Toy,Cane,97.7,4.7,68.08,319.98,5,1,Very High,1.2,417.68,697.11,687.69
Odisha,Textile Craft,Cotton,202.19,6.0,71.51,429.06,1,4,Medium,1.0,631.25,890.69,840.45
Rajasthan,Bamboo Toy,Bamboo,228.54,5.2,66.43,345.44,4,1,Low,0.9,573.98,719.9,687.36
Uttar Pradesh,Clay/Terracotta Toy,Terracotta,83.22,3.9,49.43,192.78,1,5,Very High,1.2,276.0,329.39,386.66
Tamil Nadu,Wooden Toy,Bamboo,241.97,9.9,79.18,783.88,1,4,High,1.1,1025.85,1607.4,1560.47
Karnataka,Wood Craft,Wood,294.2,5.6,83.46,467.38,4,5,High,1.1,761.58,1373.51,1324.23
Odisha,Wood Craft,Wood,336.11,5.7,55.29,315.15,1,1,Very High,1.2,651.26,947.83,926.1
Telangana,Metal Craft,Iron,355.25,4.5,52.33,235.48,4,5,High,1.1,590.74,801.96,907.88
Uttar Pradesh,Bamboo Toy,Cane,241.17,6.4,64.92,415.49,3,1,Medium,1.0,656.66,1064.14,947.49
Gujarat,Clay/Terracotta Toy,Clay,81.62,2.6,55.29,143.75,1,1,Low,0.9,225.37,301.64,266.93
Karnataka,Handmade Jewelry,Copper,383.68,4.4,73.25,322.3,2,5,Very High,1.2,705.98,1112.33,1208.3
Andhra Pradesh,Metal Craft,Brass,484.73,10.5,64.08,672.84,3,2,Medium,1.0,1157.57,1370.38,1444.46
Gujarat,Wooden Toy,Wood,232.52,6.0,68.92,413.52,4,4,Medium,1.0,646.04,780.74,856.0
Kerala,Bamboo Craft,Cane,250.07,5.3,85.52,453.26,4,2,Medium,1.0,703.33,943.3,963.42
Uttar Pradesh,Pottery,Terracotta,98.83,3.7,49.96,184.85,5,4,Medium,1.0,283.68,401.9,403.25
Kerala,Bamboo Toy,Cane,91.48,5.7,62.35,355.4,1,3,High,1.1,446.88,660.5,629.38
Telangana,Home Decor,Bamboo,204.6,6.2,72.68,450.62,3,2,Low,0.9,655.22,951.4,847.08
Tamil Nadu,Clay/Terracotta Toy,Clay,167.2,6.0,76.35,458.1,3,2,High,1.1,625.3,836.72,882.16
West Bengal,Handmade Jewelry,Beads,122.77,4.6,72.88,335.25,2,5,Medium,1.0,458.02,555.48,612.26
Gujarat,Bamboo Toy,Bamboo,124.35,6.9,62.16,428.9,5,4,High,1.1,553.25,907.03,893.83
West Bengal,Handmade Jewelry,Silver,937.09,2.4,79.96,191.9,1,1,Low,0.9,1128.99,1760.98,1577.3
Telangana,Bamboo Toy,Cane,117.98,6.7,66.86,447.96,2,3,High,1.1,565.94,856.44,820.2
Gujarat,Wooden Toy,Bamboo,120.33,6.6,73.01,481.87,2,2,Very High,1.2,602.2,658.89,794.63
Gujarat,Bamboo Craft,Cane,214.51,3.9,82.03,319.92,5,3,Very High,1.2,534.43,805.94,873.3
Odisha,Home Decor,Bamboo,67.03,13.4,51.19,685.95,1,2,Medium,1.0,752.98,865.41,948.84
West Bengal,Bamboo Craft,Cane,212.43,9.2,72.92,670.86,2,5,Low,0.9,883.29,1143.67,1148.81
Uttar Pradesh,Pottery,Clay,58.66,3.7,60.5,223.85,4,4,Medium,1.0,282.51,456.57,429.79
Tamil Nadu,Bamboo Toy,Cane,181.5,2.6,71.53,185.98,1,4,Low,0.9,367.48,434.53,431.22
Andhra Pradesh,Clay/Terracotta Toy,Terracotta,45.26,7.6,79.8,606.48,3,4,High,1.1,651.74,822.44,898.52
Uttar Pradesh,Textile Craft,Silk,425.56,6.6,57.23,377.72,3,1,Very High,1.2,803.28,1174.83,1264.98
Andhra Pradesh,Wooden Toy,Wood,150.08,6.7,71.36,478.11,5,2,Low,0.9,628.19,854.12,820.98
Gujarat,Bamboo Toy,Bamboo,190.81,3.2,66.24,211.97,2,5,Low,0.9,402.78,633.44,544.3
Kerala,Pottery,Terracotta,212.54,2.4,81.79,196.3,5,2,Medium,1.0,408.84,618.88,570.37
Rajasthan,Textile Craft,Cotton,204.75,7.3,72.03,525.82,4,4,Medium,1.0,730.57,911.34,987.42
Kerala,Bamboo Craft,Cane,246.05,3.5,83.79,293.27,4,3,Medium,1.0,539.32,937.88,847.73
Uttar Pradesh,Wood Craft,Wood,347.79,7.3,63.89,466.4,4,2,Low,0.9,814.19,1084.75,1015.28
Kerala,Wood Craft,Bamboo,125.64,7.6,71.81,545.76,2,5,High,1.1,671.4,907.45,952.6
Tamil Nadu,Textile Craft,Cotton,84.91,7.7,56.83,437.59,2,3,Very High,1.2,522.5,767.49,815.13
Karnataka,Bamboo Craft,Bamboo,216.8,3.8,68.02,258.48,2,3,Medium,1.0,475.28,725.28,679.98
Uttar Pradesh,Wood Craft,Bamboo,63.66,7.9,49.53,391.29,3,3,Low,0.9,454.95,548.44,556.04
Odisha,Wooden Toy,Wood,356.31,4.8,60.36,289.73,4,2,High,1.1,646.04,852.3,901.98
Uttar Pradesh,Wooden Toy,Bamboo,83.37,4.9,74.81,366.57,4,3,Medium,1.0,449.94,747.35,676.96
Tamil Nadu,Clay/Terracotta Toy,Terracotta,88.66,6.8,77.56,527.41,1,4,Low,0.9,616.07,925.68,821.32
Kerala,Handmade Jewelry,Copper,372.26,2.9,88.46,256.53,4,1,Medium,1.0,628.79,952.5,885.4
Rajasthan,Clay/Terracotta Toy,Clay,136.14,7.9,46.17,364.74,5,5,Medium,1.0,500.88,891.8,796.33
Uttar Pradesh,Metal Craft,Brass,570.41,14.3,59.78,854.85,1,2,Low,0.9,1425.26,1910.32,1746.46
Gujarat,Pottery,Terracotta,84.76,3.9,66.51,259.39,5,4,Low,0.9,344.15,512.92,467.78
Rajasthan,Metal Craft,Copper,708.05,7.8,59.99,467.92,2,2,Medium,1.0,1175.97,1446.1,1453.84
Gujarat,Clay/Terracotta Toy,Terracotta,113.76,6.2,75.14,465.87,4,5,Low,0.9,579.63,920.62,853.1
Kerala,Home Decor,Wood,222.97,11.9,69.25,824.08,5,4,High,1.1,1047.05,1625.19,1700.99
Rajasthan,Bamboo Toy,Cane,119.92,7.7,45.44,349.89,3,4,High,1.1,469.81,610.01,664.81
Kerala,Pottery,Terracotta,99.19,6.7,79.21,530.71,3,3,Low,0.9,629.9,895.7,784.34
Telangana,Wood Craft,Wood,347.51,5.3,57.15,302.89,1,4,Very High,1.2,650.4,914.17,996.81
Telangana,Bamboo Craft,Bamboo,158.92,7.5,79.12,593.4,2,1,Medium,1.0,752.32,885.58,896.73
Gujarat,Home Decor,Wood,341.24,7.0,76.22,533.54,1,1,Low,0.9,874.78,1108.61,1028.57
Telangana,Clay/Terracotta Toy,Terracotta,170.65,7.7,56.91,438.21,4,4,Low,0.9,608.86,734.03,748.39
Kerala,Pottery,Terracotta,179.67,5.5,73.62,404.91,2,1,High,1.1,584.58,721.42,792.15
Tamil Nadu,Wooden Toy,Wood,370.79,2.7,84.82,229.01,4,1,High,1.1,599.8,915.42,898.88
Tamil Nadu,Metal Craft,Iron,332.71,9.1,79.77,725.91,1,3,High,1.1,1058.62,1446.85,1525.24
Tamil Nadu,Clay/Terracotta Toy,Terracotta,210.33,6.8,76.49,520.13,1,5,Very High,1.2,730.46,1022.16,1127.51
Tamil Nadu,Bamboo Craft,Bamboo,206.66,3.2,56.14,179.65,5,2,High,1.1,386.31,584.12,581.59
Tamil Nadu,Home Decor,Bamboo,227.65,9.4,75.3,707.82,5,1,Medium,1.0,935.47,1420.44,1401.38
Tamil Nadu,Bamboo Toy,Cane,93.75,4.2,62.93,264.31,3,4,Very High,1.2,358.06,510.62,550.24
Telangana,Metal Craft,Iron,336.03,14.6,58.67,856.58,2,3,High,1.1,1192.61,1800.66,1746.88
Karnataka,Wood Craft,Bamboo,244.51,6.3,76.58,482.45,5,5,Medium,1.0,726.96,1165.08,1179.89
Tamil Nadu,Textile Craft,Silk,349.13,4.7,56.21,264.19,3,3,High,1.1,613.32,869.3,942.49
Andhra Pradesh,Wood Craft,Wood,188.12,13.9,65.99,917.26,4,2,High,1.1,1105.38,1898.33,1771.81
Andhra Pradesh,Textile Craft,Wool,300.04,3.2,51.06,163.39,4,5,Very High,1.2,463.43,740.07,782.02
Telangana,Textile Craft,Wool,359.66,3.3,79.79,263.31,2,4,High,1.1,622.97,743.71,835.28
Tamil Nadu,Home Decor,Cotton,140.16,8.2,59.33,486.51,2,4,Low,0.9,626.67,807.57,816.25
Andhra Pradesh,Wood Craft,Wood,212.69,7.5,75.56,566.7,5,1,Low,0.9,779.39,1101.27,1036.57
Gujarat,Wooden Toy,Wood,167.71,2.8,67.15,188.02,5,1,High,1.1,355.73,549.11,529.8
Odisha,Bamboo Toy,Cane,245.01,4.6,66.18,304.43,2,4,Very High,1.2,549.44,852.09,832.75
Andhra Pradesh,Metal Craft,Copper,356.09,11.6,68.93,799.59,1,4,High,1.1,1155.68,1745.03,1691.37
Tamil Nadu,Bamboo Craft,Bamboo,123.44,7.8,70.71,551.54,2,4,Medium,1.0,674.98,1150.11,1023.44
Telangana,Bamboo Craft,Cane,271.13,5.3,69.19,366.71,4,2,Low,0.9,637.84,795.29,801.18
Rajasthan,Textile Craft,Cotton,237.03,6.3,57.13,359.92,3,4,High,1.1,596.95,911.04,961.21
West Bengal,Wooden Toy,Wood,337.1,7.1,58.68,416.63,2,2,High,1.1,753.73,1004.39,1070.35
Karnataka,Bamboo Craft,Bamboo,122.32,4.9,58.73,287.78,1,2,Very High,1.2,410.1,467.63,546.16
West Bengal,Home Decor,Wood,250.96,10.5,66.73,700.67,2,4,High,1.1,951.63,1692.84,1610.35
Odisha,Bamboo Craft,Cane,103.12,9.9,56.71,561.43,2,1,Very High,1.2,664.55,930.57,948.78
West Bengal,Clay/Terracotta Toy,Clay,78.87,4.2,57.11,239.86,4,1,Very High,1.2,318.73,406.32,485.0
West Bengal,Metal Craft,Iron,294.76,11.8,53.15,627.17,3,2,Low,0.9,921.93,1210.82,1220.27
West Bengal,Bamboo Toy,Bamboo,104.58,7.0,66.77,467.39,5,5,Very High,1.2,571.97,773.38,901.23
Rajasthan,Pottery,Terracotta,196.5,5.1,51.05,260.35,4,1,High,1.1,456.85,777.38,727.71
Rajasthan,Home Decor,Wood,293.45,8.0,46.6,372.8,1,5,Low,0.9,666.25,1169.09,973.79
Kerala,Handmade Jewelry,Copper,828.51,2.6,64.3,167.18,1,4,Low,0.9,995.69,1329.56,1313.95
West Bengal,Handmade Jewelry,Silver,1457.79,11.9,76.05,905.0,2,2,Medium,1.0,2362.78,3629.54,3490.89
Uttar Pradesh,Home Decor,Wood,111.75,6.3,58.28,367.16,2,5,Medium,1.0,478.91,629.47,690.66
Andhra Pradesh,Clay/Terracotta Toy,Clay,58.28,3.4,50.82,172.79,1,3,Very High,1.2,231.07,354.34,369.12
Telangana,Bamboo Toy,Bamboo,174.35,3.5,67.96,237.86,4,5,High,1.1,412.21,683.82,649.17
West Bengal,Bamboo Toy,Bamboo,199.83,2.1,76.02,159.64,4,2,High,1.1,359.47,615.09,575.9
Kerala,Metal Craft,Iron,407.78,4.3,67.17,288.83,4,1,Medium,1.0,696.61,1098.3,983.05
Karnataka,Wood Craft,Bamboo,164.33,12.3,73.94,909.46,1,1,Medium,1.0,1073.79,1286.93,1306.41
Telangana,Handmade Jewelry,Beads,152.39,5.9,70.02,413.12,4,2,Medium,1.0,565.51,808.5,801.2
West Bengal,Bamboo Craft,Cane,200.8,8.0,79.69,637.52,3,1,Medium,1.0,838.32,1330.69,1213.51
Rajasthan,Home Decor,Cotton,125.99,4.5,53.1,238.95,4,1,Medium,1.0,364.94,451.2,478.23
West Bengal,Bamboo Toy,Bamboo,160.24,5.7,51.62,294.23,5,2,Medium,1.0,454.47,736.97,654.81
Telangana,Wooden Toy,Bamboo,190.27,8.3,69.34,575.52,2,4,Medium,1.0,765.79,1071.29,1027.37
Tamil Nadu,Metal Craft,Iron,317.99,7.2,84.9,611.28,1,2,Very High,1.2,929.27,980.85,1207.92
Telangana,Handmade Jewelry,Brass,454.62,11.8,52.54,619.97,2,4,Low,0.9,1074.59,1336.7,1369.31
Telangana,Wooden Toy,Wood,294.12,4.3,69.54,299.02,2,2,Very High,1.2,593.14,744.98,884.26
Uttar Pradesh,Home Decor,Clay,55.66,7.8,58.92,459.58,1,1,Low,0.9,515.24,788.52,688.5
Andhra Pradesh,Pottery,Terracotta,205.21,6.4,60.59,387.78,2,4,Medium,1.0,592.99,769.12,765.19
Andhra Pradesh,Bamboo Craft,Cane,229.2,11.1,66.25,735.38,3,2,Medium,1.0,964.58,1354.4,1351.99
Telangana,Pottery,Terracotta,114.7,7.8,53.69,418.78,5,3,High,1.1,533.48,1008.86,941.37
West Bengal,Home Decor,Wood,173.87,5.5,65.31,359.21,4,5,Very High,1.2,533.08,776.57,879.45
Kerala,Bamboo Toy,Bamboo,201.86,6.8,75.73,514.96,2,3,Medium,1.0,716.82,931.87,924.1
Tamil Nadu,Pottery,Terracotta,185.07,6.7,60.74,406.96,5,5,Medium,1.0,592.03,891.64,918.06
Gujarat,Textile Craft,Cotton,138.98,11.7,76.48,894.82,2,4,Low,0.9,1033.8,1640.33,1397.56
West Bengal,Bamboo Craft,Bamboo,170.54,5.7,69.55,396.44,5,1,Medium,1.0,566.98,741.69,747.1
Telangana,Home Decor,Cotton,272.82,5.6,67.02,375.31,2,2,High,1.1,648.13,856.18,972.7
Andhra Pradesh,Pottery,Terracotta,77.21,6.3,75.27,474.2,4,3,High,1.1,551.41,699.66,803.86
West Bengal,Handmade Jewelry,Brass,384.63,4.8,66.14,317.47,4,1,Very High,1.2,702.1,1177.52,1261.92
Uttar Pradesh,Wooden Toy,Wood,112.29,2.3,51.18,117.71,5,1,Medium,1.0,230.0,329.73,327.59
Rajasthan,Textile Craft,Wool,416.03,9.8,49.16,481.77,3,1,High,1.1,897.8,1549.1,1468.17
West Bengal,Home Decor,Wood,232.35,10.7,66.56,712.19,4,2,Low,0.9,944.54,1718.14,1479.71
West Bengal,Clay/Terracotta Toy,Terracotta,149.74,3.8,66.84,253.99,3,1,Low,0.9,403.73,438.97,464.29
Uttar Pradesh,Textile Craft,Silk,526.85,10.7,48.8,522.16,3,1,Very High,1.2,1049.01,1280.16,1512.77
Kerala,Handmade Jewelry,Brass,750.83,9.7,66.4,644.08,1,3,High,1.1,1394.91,1770.78,1887.98
Andhra Pradesh,Bamboo Craft,Bamboo,87.85,11.2,62.71,702.35,5,5,Low,0.9,790.2,1204.49,1110.24
Tamil Nadu,Bamboo Toy,Cane,212.2,2.3,75.15,172.84,3,2,Medium,1.0,385.04,427.78,460.05
Andhra Pradesh,Pottery,Clay,93.91,2.2,56.62,124.56,5,1,High,1.1,218.47,314.57,325.16
Telangana,Bamboo Toy,Bamboo,126.07,6.7,51.33,343.91,4,4,Medium,1.0,469.98,651.43,667.92
Tamil Nadu,Pottery,Terracotta,76.38,6.2,69.19,428.98,5,4,Medium,1.0,505.36,793.83,784.03
Andhra Pradesh,Home Decor,Clay,153.73,13.7,61.23,838.85,1,1,Low,0.9,992.58,1328.7,1273.69
Tamil Nadu,Pottery,Terracotta,135.47,2.7,64.6,174.42,3,5,Medium,1.0,309.89,402.44,425.78
Rajasthan,Wooden Toy,Bamboo,237.12,5.4,52.13,281.5,1,5,Low,0.9,518.62,585.98,596.42
Karnataka,Clay/Terracotta Toy,Clay,89.44,2.3,84.05,193.31,3,3,Medium,1.0,282.75,359.38,356.87
Kerala,Handmade Jewelry,Brass,321.39,8.4,89.8,754.32,4,3,Very High,1.2,1075.71,1540.28,1709.81
Karnataka,Metal Craft,Iron,151.18,13.7,58.86,806.38,2,1,Very High,1.2,957.56,1157.03,1404.61
Odisha,Textile Craft,Cotton,332.6,3.2,55.34,177.09,1,4,Low,0.9,509.69,817.98,705.25
Gujarat,Wood Craft,Wood,278.16,13.1,64.11,839.84,5,5,Low,0.9,1118.0,2186.02,1825.77
Telangana,Clay/Terracotta Toy,Terracotta,190.68,2.5,73.53,183.82,3,5,Very High,1.2,374.5,492.03,585.22
Rajasthan,Metal Craft,Copper,744.12,11.8,57.92,683.46,5,2,High,1.1,1427.58,2509.03,2351.11
Tamil Nadu,Wood Craft,Bamboo,177.95,10.6,75.61,801.47,1,3,High,1.1,979.42,1473.57,1478.26
West Bengal,Bamboo Craft,Cane,245.75,10.1,65.32,659.73,3,4,Very High,1.2,905.48,1459.82,1526.63
Rajasthan,Metal Craft,Iron,388.57,10.6,64.98,688.79,4,3,Medium,1.0,1077.36,1639.41,1667.13
West Bengal,Wood Craft,Wood,331.83,3.9,70.29,274.13,1,1,High,1.1,605.96,786.34,846.66
Telangana,Wood Craft,Wood,389.45,3.4,57.19,194.45,3,4,Medium,1.0,583.9,750.04,779.05
West Bengal,Bamboo Toy,Bamboo,73.87,7.0,61.85,432.95,1,5,Medium,1.0,506.82,657.51,656.07
Kerala,Clay/Terracotta Toy,Clay,76.27,5.5,67.16,369.38,5,4,Very High,1.2,445.65,556.43,672.65
West Bengal,Wooden Toy,Wood,212.79,2.4,61.62,147.89,2,4,Medium,1.0,360.68,522.34,488.26
Kerala,Wood Craft,Wood,192.35,10.5,72.35,759.67,5,2,Medium,1.0,952.02,1418.5,1450.43
Kerala,Pottery,Clay,172.87,8.1,76.3,618.03,5,5,Very High,1.2,790.9,1443.29,1419.18
Karnataka,Bamboo Craft,Cane,107.91,11.1,65.56,727.72,3,3,High,1.1,835.63,1282.9,1272.07
Kerala,Textile Craft,Wool,182.25,6.5,78.21,508.36,1,2,Very High,1.2,690.62,828.25,961.39
Kerala,Wooden Toy,Bamboo,70.95,4.7,67.83,318.8,4,2,Low,0.9,389.75,645.41,546.38
West Bengal,Wood Craft,Bamboo,151.58,9.7,50.14,486.36,2,2,Very High,1.2,637.94,966.13,1022.28
Andhra Pradesh,Textile Craft,Silk,560.13,7.3,74.34,542.68,4,4,Medium,1.0,1102.81,1819.89,1712.65
Tamil Nadu,Pottery,Terracotta,163.67,2.2,67.09,147.6,4,5,Medium,1.0,311.27,443.82,441.26
Uttar Pradesh,Clay/Terracotta Toy,Terracotta,45.82,7.8,67.97,530.17,1,5,Medium,1.0,575.99,912.67,817.09
West Bengal,Home Decor,Wood,380.55,9.5,64.57,613.41,2,5,Very High,1.2,993.96,1299.53,1474.99
Karnataka,Wood Craft,Bamboo,234.91,4.2,63.4,266.28,1,5,High,1.1,501.19,651.91,689.81
Gujarat,Wood Craft,Wood,372.19,7.1,72.1,511.91,3,4,Medium,1.0,884.1,1450.45,1333.89
Odisha,Metal Craft,Brass,812.3,5.1,53.71,273.92,3,5,Very High,1.2,1086.22,1656.21,1889.52
Kerala,Clay/Terracotta Toy,Terracotta,144.5,6.2,63.57,394.13,5,4,Medium,1.0,538.63,904.26,818.03
Andhra Pradesh,Pottery,Clay,141.54,5.9,59.58,351.52,2,4,Low,0.9,493.06,569.96,584.46
Rajasthan,Wooden Toy,Bamboo,151.67,5.3,47.53,251.91,1,2,Low,0.9,403.58,468.36,464.12
Telangana,Bamboo Toy,Cane,157.97,3.6,66.81,240.52,3,1,Very High,1.2,398.49,463.66,534.13
Odisha,Handmade Jewelry,Brass,606.81,7.8,69.35,540.93,5,3,High,1.1,1147.74,1689.23,1777.95
Uttar Pradesh,Textile Craft,Cotton,301.7,6.6,50.88,335.81,3,5,Very High,1.2,637.51,824.32,969.63
Kerala,Wood Craft,Bamboo,118.35,7.6,75.11,570.84,2,5,Low,0.9,689.19,1107.92,945.82
Gujarat,Home Decor,Wood,282.92,8.7,81.36,707.83,2,5,Medium,1.0,990.75,1337.11,1351.83
Andhra Pradesh,Clay/Terracotta Toy,Clay,122.97,3.5,57.23,200.3,3,3,Very High,1.2,323.27,504.84,496.56
Andhra Pradesh,Handmade Jewelry,Brass,303.47,4.8,51.8,248.64,5,1,Low,0.9,552.11,1061.28,886.61
Odisha,Pottery,Terracotta,141.38,2.4,45.68,109.63,2,2,Low,0.9,251.01,316.46,297.31
Andhra Pradesh,Bamboo Toy,Bamboo,150.94,5.9,66.5,392.35,5,5,Very High,1.2,543.29,1006.64,1001.16
Uttar Pradesh,Pottery,Terracotta,44.3,3.1,52.92,164.05,5,3,High,1.1,208.35,348.5,327.88
Andhra Pradesh,Wooden Toy,Bamboo,97.86,8.4,60.86,511.22,1,4,High,1.1,609.08,734.63,803.43
Odisha,Bamboo Craft,Bamboo,84.18,10.5,54.8,575.4,1,2,Very High,1.2,659.58,796.11,873.08
Uttar Pradesh,Bamboo Toy,Bamboo,133.26,3.2,52.5,168.0,3,1,High,1.1,301.26,423.03,422.72
Andhra Pradesh,Bamboo Toy,Bamboo,215.77,6.7,52.83,353.96,3,3,Low,0.9,569.73,823.44,746.77
Rajasthan,Clay/Terracotta Toy,Clay,119.6,3.6,60.18,216.65,3,1,Medium,1.0,336.25,418.61,419.2
Rajasthan,Handmade Jewelry,Copper,781.25,6.8,59.69,405.89,5,5,Very High,1.2,1187.14,1829.76,2024.75
Tamil Nadu,Metal Craft,Iron,438.31,8.8,73.1,643.28,2,1,High,1.1,1081.59,1341.09,1495.97
Tamil Nadu,Pottery,Clay,177.34,6.5,77.64,504.66,4,4,High,1.1,682.0,1028.53,1054.18
Uttar Pradesh,Bamboo Toy,Cane,115.29,2.8,65.77,184.16,1,5,Medium,1.0,299.45,380.82,392.41
Telangana,Wooden Toy,Wood,359.89,2.9,76.92,223.07,1,2,Very High,1.2,582.96,708.63,789.92
Tamil Nadu,Clay/Terracotta Toy,Clay,162.97,2.1,66.53,139.71,4,2,Low,0.9,302.68,514.99,442.68
Odisha,Handmade Jewelry,Beads,126.57,5.7,71.48,407.44,5,5,Very High,1.2,534.01,770.74,930.44
Tamil Nadu,Bamboo Craft,Bamboo,202.09,9.5,56.59,537.61,3,1,Low,0.9,739.7,891.73,886.24
Odisha,Pottery,Terracotta,143.8,2.4,51.66,123.98,4,4,Low,0.9,267.78,383.23,358.7
Uttar Pradesh,Wooden Toy,Wood,132.17,3.3,58.63,193.48,2,3,Low,0.9,325.65,394.27,401.47
Andhra Pradesh,Bamboo Craft,Cane,64.42,3.8,61.2,232.56,2,2,Very High,1.2,296.98,491.66,480.94
Rajasthan,Bamboo Toy,Cane,148.79,3.6,53.28,191.81,1,5,Medium,1.0,340.6,498.81,457.36
Odisha,Handmade Jewelry,Brass,473.7,11.4,54.26,618.56,3,2,Low,0.9,1092.26,1619.41,1447.75
Rajasthan,Handmade Jewelry,Beads,169.64,8.8,61.63,542.34,3,5,Very High,1.2,711.98,1224.95,1274.88
Andhra Pradesh,Handmade Jewelry,Beads,242.29,6.0,61.49,368.94,3,5,Medium,1.0,611.23,1108.19,1038.29
Andhra Pradesh,Pottery,Terracotta,56.68,6.2,62.83,389.55,5,3,High,1.1,446.23,535.34,612.34
West Bengal,Home Decor,Clay,70.44,7.7,72.09,555.09,4,4,Medium,1.0,625.53,922.56,928.07
West Bengal,Wood Craft,Wood,127.89,13.8,74.47,1027.69,2,2,High,1.1,1155.58,1666.65,1640.56
Kerala,Metal Craft,Copper,341.18,10.8,66.77,721.12,5,1,Medium,1.0,1062.3,1356.15,1435.68
Rajasthan,Handmade Jewelry,Silver,1091.31,2.4,69.31,166.34,2,1,Medium,1.0,1257.65,1676.77,1802.53
Uttar Pradesh,Textile Craft,Cotton,303.82,6.9,51.79,357.35,5,3,Medium,1.0,661.17,979.62,940.88
Karnataka,Handmade Jewelry,Brass,674.82,2.5,65.7,164.25,5,3,Medium,1.0,839.07,1255.12,1235.9
Karnataka,Wooden Toy,Bamboo,69.3,3.5,59.32,207.62,3,4,High,1.1,276.92,369.67,386.45
Odisha,Home Decor,Bamboo,198.59,11.9,53.54,637.13,4,2,Low,0.9,835.72,1094.2,1049.44
Kerala,Wooden Toy,Wood,229.14,8.8,78.09,687.19,4,3,High,1.1,916.33,1266.93,1328.75
Uttar Pradesh,Bamboo Craft,Cane,148.58,7.1,68.16,483.94,3,1,Very High,1.2,632.52,772.97,898.86
Tamil Nadu,Metal Craft,Copper,487.81,6.6,82.84,546.74,4,2,High,1.1,1034.55,1661.84,1600.73
Tamil Nadu,Wooden Toy,Wood,130.67,7.9,72.13,569.83,5,3,High,1.1,700.5,1010.11,1099.81
Rajasthan,Metal Craft,Brass,786.58,13.1,51.78,678.32,2,1,Very High,1.2,1464.9,1640.78,1928.87
Andhra Pradesh,Metal Craft,Copper,775.75,12.3,67.55,830.87,4,3,Medium,1.0,1606.62,2092.15,2254.58
Tamil Nadu,Clay/Terracotta Toy,Clay,76.85,6.7,76.8,514.56,4,5,Very High,1.2,591.41,829.01,919.99
Kerala,Clay/Terracotta Toy,Terracotta,102.05,5.8,77.19,447.7,2,1,Very High,1.2,549.75,641.31,775.74
Uttar Pradesh,Bamboo Toy,Bamboo,226.15,3.3,68.36,225.59,1,2,High,1.1,451.74,568.14,584.59
West Bengal,Pottery,Clay,110.98,5.0,52.26,261.3,5,1,Very High,1.2,372.28,493.03,583.65
Odisha,Home Decor,Wood,150.9,9.8,58.56,573.89,5,3,Very High,1.2,724.79,963.18,1189.35
Gujarat,Clay/Terracotta Toy,Terracotta,110.38,2.5,81.11,202.78,3,1,Very High,1.2,313.15,473.86,471.68
Andhra Pradesh,Clay/Terracotta Toy,Terracotta,183.7,4.1,79.44,325.7,2,3,Medium,1.0,509.4,753.6,678.5
Telangana,Pottery,Clay,76.59,6.3,60.16,379.01,5,1,Medium,1.0,455.6,618.37,623.47
Uttar Pradesh,Pottery,Terracotta,205.78,4.0,47.7,190.8,2,3,High,1.1,396.58,630.48,609.41
Andhra Pradesh,Bamboo Toy,Bamboo,83.09,5.8,77.38,448.8,4,3,Very High,1.2,531.89,730.13,789.95
West Bengal,Metal Craft,Copper,495.05,6.7,72.31,484.48,4,5,Medium,1.0,979.53,1686.05,1520.18
Rajasthan,Bamboo Craft,Bamboo,131.87,11.7,48.71,569.91,3,5,High,1.1,701.78,867.9,978.94
Tamil Nadu,Pottery,Clay,45.76,8.0,56.07,448.56,3,1,High,1.1,494.32,818.57,777.9
Gujarat,Handmade Jewelry,Beads,326.79,5.3,83.15,440.69,4,2,High,1.1,767.49,1040.38,1120.38
Andhra Pradesh,Handmade Jewelry,Silver,888.21,8.1,68.49,554.77,3,4,Very High,1.2,1442.98,2049.92,2478.09
Telangana,Wooden Toy,Bamboo,113.94,4.8,67.68,324.86,1,4,Medium,1.0,438.8,599.21,575.62
West Bengal,Metal Craft,Copper,652.58,5.7,71.18,405.73,3,4,Medium,1.0,1058.31,1435.13,1543.05
Kerala,Pottery,Clay,125.82,6.0,66.04,396.24,3,1,Very High,1.2,522.06,793.46,816.02
Andhra Pradesh,Wooden Toy,Bamboo,77.91,2.8,57.35,160.58,5,1,Very High,1.2,238.49,270.15,327.23
Odisha,Wood Craft,Bamboo,157.82,3.7,72.98,270.03,1,3,Low,0.9,427.85,545.58,519.45
Andhra Pradesh,Bamboo Toy,Cane,137.32,3.1,55.16,171.0,2,5,High,1.1,308.32,460.89,454.44
Kerala,Bamboo Toy,Cane,272.08,4.6,78.89,362.89,5,4,Low,0.9,634.97,1134.83,945.79
Rajasthan,Home Decor,Bamboo,60.18,8.7,53.55,465.88,1,4,Very High,1.2,526.06,754.3,816.22
Karnataka,Pottery,Terracotta,162.11,2.0,78.54,157.08,3,1,Low,0.9,319.19,449.62,398.51
Kerala,Metal Craft,Brass,883.53,14.3,65.41,935.36,2,1,Very High,1.2,1818.89,2034.09,2482.57
Uttar Pradesh,Metal Craft,Brass,641.94,4.4,57.96,255.02,4,5,High,1.1,896.96,1588.27,1487.23
Rajasthan,Wooden Toy,Bamboo,217.53,5.1,64.49,328.9,3,2,High,1.1,546.43,856.07,812.12
Telangana,Clay/Terracotta Toy,Terracotta,116.25,4.9,66.09,323.84,5,1,Medium,1.0,440.09,569.25,583.47
West Bengal,Bamboo Toy,Cane,166.43,7.9,66.77,527.48,5,3,Very High,1.2,693.91,1191.39,1196.19
Uttar Pradesh,Textile Craft,Wool,132.21,12.0,57.44,689.28,3,3,Medium,1.0,821.49,1068.84,1086.43
Karnataka,Bamboo Toy,Bamboo,216.81,2.7,57.48,155.2,4,1,High,1.1,372.01,494.32,503.31
Uttar Pradesh,Handmade Jewelry,Beads,290.37,10.0,65.12,651.2,4,3,Low,0.9,941.57,1332.33,1269.6
Andhra Pradesh,Metal Craft,Iron,282.71,5.8,65.02,377.12,4,3,High,1.1,659.83,992.43,1041.83
Uttar Pradesh,Bamboo Craft,Bamboo,102.13,8.8,61.5,541.2,2,4,Very High,1.2,643.33,769.37,889.83
West Bengal,Bamboo Toy,Bamboo,214.38,2.9,79.72,231.19,4,4,High,1.1,445.57,748.13,718.13
Kerala,Bamboo Toy,Cane,237.12,2.5,86.0,215.0,1,5,Very High,1.2,452.12,651.5,699.56
Gujarat,Clay/Terracotta Toy,Clay,62.19,6.0,79.16,474.96,5,3,Medium,1.0,537.15,864.67,824.74
Andhra Pradesh,Bamboo Craft,Cane,62.15,7.8,77.06,601.07,1,3,Low,0.9,663.22,926.31,825.95
Uttar Pradesh,Metal Craft,Iron,559.85,16.0,54.39,870.24,5,5,Medium,1.0,1430.09,2570.5,2411.37
Uttar Pradesh,Handmade Jewelry,Silver,1148.03,4.0,64.17,256.68,5,4,Low,0.9,1404.71,2343.37,2199.12
Andhra Pradesh,Clay/Terracotta Toy,Clay,100.99,4.0,57.01,228.04,2,2,Medium,1.0,329.03,372.36,385.6
Gujarat,Home Decor,Bamboo,155.37,10.2,72.26,737.05,5,2,Low,0.9,892.42,1174.4,1208.93
Karnataka,Metal Craft,Brass,372.87,12.8,79.58,1018.62,4,4,Very High,1.2,1391.49,2001.18,2327.71
Uttar Pradesh,Bamboo Toy,Bamboo,85.83,7.7,58.39,449.6,2,4,High,1.1,535.43,770.32,748.47
Kerala,Handmade Jewelry,Beads,318.56,6.7,65.66,439.92,4,1,Low,0.9,758.48,1047.59,1034.54
Uttar Pradesh,Bamboo Craft,Cane,146.52,11.4,71.4,813.96,1,5,Medium,1.0,960.48,1259.5,1233.4
Karnataka,Pottery,Clay,42.54,5.6,82.03,459.37,2,3,High,1.1,501.91,584.05,676.61
Gujarat,Pottery,Clay,91.72,3.7,63.62,235.39,2,5,Low,0.9,327.11,527.69,453.62
Odisha,Clay/Terracotta Toy,Terracotta,119.15,2.9,57.66,167.21,3,2,High,1.1,286.36,502.81,467.68
Telangana,Clay/Terracotta Toy,Terracotta,195.33,4.9,75.65,370.69,1,2,Medium,1.0,566.02,743.47,708.49
Andhra Pradesh,Wood Craft,Wood,85.81,9.7,59.54,577.54,4,5,Very High,1.2,663.35,1071.31,1106.61
Tamil Nadu,Textile Craft,Wool,307.66,3.8,66.51,252.74,1,5,Medium,1.0,560.4,672.82,740.46
Tamil Nadu,Wooden Toy,Wood,182.49,5.4,84.65,457.11,2,4,Medium,1.0,639.6,794.49,855.97
Telangana,Textile Craft,Silk,376.65,5.6,61.56,344.74,4,1,Very High,1.2,721.39,847.42,1021.41
Tamil Nadu,Metal Craft,Copper,602.79,9.6,62.43,599.33,2,5,Medium,1.0,1202.12,2195.29,1986.64
Tamil Nadu,Wooden Toy,Bamboo,120.2,2.8,73.37,205.44,4,2,High,1.1,325.64,479.67,467.38
West Bengal,Metal Craft,Brass,849.74,4.6,54.79,252.03,3,3,Medium,1.0,1101.77,1526.76,1541.92
Telangana,Pottery,Terracotta,202.52,2.9,64.08,185.83,5,3,Low,0.9,388.35,636.38,553.51
Telangana,Bamboo Craft,Bamboo,186.23,3.4,65.26,221.88,2,1,Very High,1.2,408.11,660.04,657.76
Andhra Pradesh,Wood Craft,Bamboo,70.06,12.7,73.1,928.37,2,2,Low,0.9,998.43,1128.1,1162.52
Karnataka,Home Decor,Wood,158.77,13.2,74.96,989.47,2,3,Low,0.9,1148.24,1779.18,1588.42
West Bengal,Wooden Toy,Bamboo,185.83,5.2,60.08,312.42,2,4,Medium,1.0,498.25,761.1,733.77
Odisha,Clay/Terracotta Toy,Terracotta,80.86,2.4,51.29,123.1,4,5,High,1.1,203.96,345.07,340.53
Andhra Pradesh,Wood Craft,Wood,183.75,7.1,62.38,442.9,1,1,Medium,1.0,626.65,824.16,783.83
Andhra Pradesh,Bamboo Craft,Cane,272.31,10.8,55.34,597.67,1,1,Medium,1.0,869.98,1162.35,1065.23
Uttar Pradesh,Bamboo Toy,Cane,245.36,4.3,53.61,230.52,2,2,Very High,1.2,475.88,702.08,731.95
Tamil Nadu,Handmade Jewelry,Brass,400.99,3.1,79.25,245.68,1,4,Very High,1.2,646.66,1054.73,1113.15
Uttar Pradesh,Bamboo Toy,Bamboo,205.61,4.0,69.22,276.88,2,4,Medium,1.0,482.49,625.78,636.73
Uttar Pradesh,Home Decor,Cotton,135.14,7.3,74.41,543.19,5,4,Medium,1.0,678.33,1017.82,1029.31
Odisha,Wooden Toy,Wood,146.79,2.2,72.35,159.17,1,5,Low,0.9,305.96,403.16,375.54
Odisha,Clay/Terracotta Toy,Clay,122.4,2.7,61.87,167.05,2,5,High,1.1,289.45,408.97,419.09
Telangana,Textile Craft,Wool,330.52,10.9,78.2,852.38,2,5,High,1.1,1182.9,1732.58,1802.11
West Bengal,Bamboo Toy,Cane,113.65,6.0,50.72,304.32,3,1,Very High,1.2,417.97,465.67,563.96
Uttar Pradesh,Bamboo Toy,Cane,206.8,3.8,49.51,188.14,3,3,Low,0.9,394.94,535.07,489.28
Gujarat,Metal Craft,Brass,860.45,11.0,73.11,804.21,5,4,High,1.1,1664.66,3030.22,2816.62
Odisha,Bamboo Toy,Cane,216.81,4.4,47.76,210.14,2,4,High,1.1,426.95,490.13,552.95
West Bengal,Pottery,Terracotta,124.3,2.5,74.13,185.32,2,4,High,1.1,309.62,392.58,414.12
Uttar Pradesh,Home Decor,Clay,172.6,14.0,65.04,910.56,1,5,High,1.1,1083.16,1811.3,1740.01
Uttar Pradesh,Metal Craft,Brass,796.37,10.5,58.47,613.93,4,5,Low,0.9,1410.3,2330.99,2085.03
West Bengal,Bamboo Craft,Cane,266.36,4.1,71.05,291.3,5,4,Low,0.9,557.66,882.13,821.42
Karnataka,Pottery,Terracotta,43.89,6.0,83.0,498.0,3,2,Very High,1.2,541.89,642.0,745.07
Tamil Nadu,Metal Craft,Brass,790.8,8.8,75.46,664.05,5,1,Medium,1.0,1454.85,2578.84,2381.28
Karnataka,Home Decor,Cotton,310.15,11.8,65.43,772.07,3,3,Very High,1.2,1082.22,1348.22,1613.94
Kerala,Pottery,Terracotta,167.62,4.7,85.4,401.38,1,3,High,1.1,569.0,807.86,803.44
Tamil Nadu,Metal Craft,Iron,366.34,13.2,61.39,810.35,3,4,Medium,1.0,1176.69,1986.38,1804.21
Gujarat,Wood Craft,Bamboo,160.32,9.0,73.4,660.6,3,3,Low,0.9,820.92,1102.71,1070.05
Kerala,Bamboo Craft,Cane,220.64,7.2,62.3,448.56,4,1,Very High,1.2,669.2,996.34,1040.43
Karnataka,Metal Craft,Iron,355.06,8.7,76.73,667.55,2,3,Very High,1.2,1022.61,1318.16,1522.52
Odisha,Bamboo Craft,Bamboo,70.99,8.7,68.42,595.25,4,2,High,1.1,666.24,1020.6,1022.42
Karnataka,Clay/Terracotta Toy,Clay,33.53,4.1,65.56,268.8,4,3,High,1.1,302.33,437.8,454.99
Rajasthan,Textile Craft,Cotton,82.83,7.5,73.49,551.17,2,4,High,1.1,634.0,1087.46,1036.89
Rajasthan,Textile Craft,Wool,320.56,4.9,53.0,259.7,1,1,Very High,1.2,580.26,606.99,730.22
Andhra Pradesh,Bamboo Craft,Bamboo,105.49,11.7,77.05,901.48,4,4,Very High,1.2,1006.97,1388.96,1591.74
West Bengal,Metal Craft,Brass,538.37,6.9,70.51,486.52,2,4,Low,0.9,1024.89,1810.94,1549.51
Telangana,Clay/Terracotta Toy,Terracotta,119.54,4.7,77.08,362.28,5,4,Medium,1.0,481.82,674.12,716.57
West Bengal,Textile Craft,Cotton,226.14,10.3,72.02,741.81,2,5,High,1.1,967.95,1467.13,1432.5
Tamil Nadu,Bamboo Toy,Cane,125.65,3.2,58.03,185.7,3,1,Medium,1.0,311.35,393.28,388.52
Tamil Nadu,Home Decor,Bamboo,175.3,7.2,57.65,415.08,2,2,Medium,1.0,590.38,943.11,871.09
West Bengal,Wood Craft,Bamboo,213.32,12.3,74.76,919.55,3,5,Very High,1.2,1132.87,1695.1,1904.25
Rajasthan,Wood Craft,Wood,177.87,13.1,54.5,713.95,1,4,High,1.1,891.82,1355.35,1351.09
Karnataka,Wooden Toy,Bamboo,61.02,8.9,68.29,607.78,5,2,High,1.1,668.8,1041.02,1076.35
Andhra Pradesh,Wood Craft,Bamboo,93.32,4.9,56.07,274.74,5,2,Very High,1.2,368.06,632.1,635.82
Andhra Pradesh,Handmade Jewelry,Beads,126.28,8.6,76.01,653.69,4,3,Very High,1.2,779.97,1243.55,1291.1
Odisha,Handmade Jewelry,Beads,174.58,11.0,64.42,708.62,5,2,Very High,1.2,883.2,1173.48,1413.5
Andhra Pradesh,Wood Craft,Bamboo,101.47,3.1,62.87,194.9,2,3,Very High,1.2,296.37,458.0,471.28
West Bengal,Wooden Toy,Wood,121.92,4.3,58.01,249.44,4,1,Low,0.9,371.36,578.55,517.11
Uttar Pradesh,Metal Craft,Copper,613.77,15.1,54.47,822.5,1,2,Very High,1.2,1436.27,2103.95,2148.58
Odisha,Bamboo Craft,Cane,71.95,6.7,74.83,501.36,4,1,Medium,1.0,573.31,677.68,714.46
Telangana,Wooden Toy,Wood,262.31,5.9,51.0,300.9,1,3,Low,0.9,563.21,777.01,724.28
Telangana,Bamboo Toy,Bamboo,249.94,2.8,52.61,147.31,4,3,Medium,1.0,397.25,493.28,510.45
Kerala,Bamboo Toy,Bamboo,84.55,3.8,77.38,294.04,2,5,Low,0.9,378.59,456.05,460.12
Gujarat,Bamboo Toy,Cane,198.4,4.6,81.66,375.64,3,1,Low,0.9,574.04,664.41,666.7
Tamil Nadu,Handmade Jewelry,Copper,735.17,6.7,64.28,430.68,2,3,Very High,1.2,1165.85,1599.85,1836.45
West Bengal,Metal Craft,Iron,583.76,7.9,55.98,442.24,1,1,Medium,1.0,1026.0,1512.27,1401.37
Kerala,Wood Craft,Wood,198.79,7.9,88.59,699.86,2,1,Low,0.9,898.65,1301.45,1199.87
Karnataka,Bamboo Toy,Bamboo,246.69,5.4,66.35,358.29,5,3,Low,0.9,604.98,831.99,808.83
Rajasthan,Bamboo Toy,Bamboo,169.16,7.5,50.61,379.57,5,1,High,1.1,548.74,691.56,754.41
Telangana,Home Decor,Cotton,152.18,11.2,64.54,722.85,4,2,Very High,1.2,875.03,1295.59,1364.99
Karnataka,Handmade Jewelry,Brass,363.16,7.4,65.58,485.29,2,1,High,1.1,848.45,1265.59,1322.01
Uttar Pradesh,Pottery,Terracotta,80.52,2.6,72.77,189.2,5,1,Low,0.9,269.72,414.89,371.86
Tamil Nadu,Clay/Terracotta Toy,Terracotta,45.81,7.6,67.37,512.01,4,1,Very High,1.2,557.82,729.32,807.52
Gujarat,Bamboo Toy,Cane,245.94,4.5,60.59,272.66,2,2,Very High,1.2,518.6,560.8,678.93
Uttar Pradesh,Bamboo Craft,Bamboo,134.94,7.5,51.99,389.93,5,5,High,1.1,524.87,946.79,912.63
Tamil Nadu,Wood Craft,Bamboo,215.45,12.1,60.94,737.37,1,2,Medium,1.0,952.82,1186.03,1156.98
Rajasthan,Textile Craft,Silk,535.85,5.7,56.87,324.16,3,1,Low,0.9,860.01,1430.84,1190.76
West Bengal,Home Decor,Bamboo,167.11,11.5,60.66,697.59,1,1,Very High,1.2,864.7,961.52,1134.75
Rajasthan,Wooden Toy,Bamboo,240.41,3.0,69.67,209.01,4,1,High,1.1,449.42,687.4,648.96
Andhra Pradesh,Handmade Jewelry,Copper,322.78,7.8,66.33,517.37,2,3,Very High,1.2,840.15,1043.04,1273.29
Rajasthan,Home Decor,Bamboo,134.14,11.4,56.18,640.45,3,1,High,1.1,774.59,1402.14,1321.6
Kerala,Home Decor,Cotton,146.56,9.1,65.77,598.51,2,3,High,1.1,745.07,1205.02,1188.26
Uttar Pradesh,Home Decor,Bamboo,207.12,3.1,58.32,180.79,3,4,Medium,1.0,387.91,620.56,615.63
Tamil Nadu,Clay/Terracotta Toy,Clay,78.68,3.0,73.99,221.97,3,5,Low,0.9,300.65,395.61,383.78
West Bengal,Bamboo Craft,Bamboo,144.88,4.4,66.42,292.25,1,3,Very High,1.2,437.13,634.75,663.79
Kerala,Metal Craft,Brass,369.56,12.4,63.34,785.42,5,2,Medium,1.0,1154.98,2202.81,1966.1
Andhra Pradesh,Home Decor,Cotton,168.41,7.3,72.75,531.07,4,5,Very High,1.2,699.48,1269.55,1310.97
West Bengal,Wood Craft,Bamboo,215.29,12.8,54.46,697.09,5,1,Low,0.9,912.38,1206.45,1196.32
Uttar Pradesh,Bamboo Craft,Cane,113.96,5.8,68.83,399.21,3,1,Low,0.9,513.17,658.32,617.19
Uttar Pradesh,Handmade Jewelry,Silver,709.74,11.6,73.14,848.42,2,1,Low,0.9,1558.16,2620.84,2211.79
Andhra Pradesh,Home Decor,Cotton,290.87,10.8,65.06,702.65,5,3,Low,0.9,993.52,1945.63,1623.98
Gujarat,Handmade Jewelry,Brass,535.71,10.8,60.7,655.56,3,4,Medium,1.0,1191.27,1938.35,1837.2
Tamil Nadu,Clay/Terracotta Toy,Terracotta,125.63,6.2,60.68,376.22,4,5,High,1.1,501.85,821.33,832.12
Andhra Pradesh,Textile Craft,Silk,335.93,9.7,68.98,669.11,3,4,Medium,1.0,1005.04,1543.04,1513.44
Karnataka,Wood Craft,Wood,200.84,13.9,75.96,1055.84,5,5,Medium,1.0,1256.68,1945.14,1893.35
Rajasthan,Home Decor,Wood,165.17,12.2,66.53,811.67,5,5,High,1.1,976.84,1202.61,1412.65
Gujarat,Handmade Jewelry,Beads,112.87,9.8,73.13,716.67,2,4,Medium,1.0,829.54,1257.99,1182.01
Karnataka,Wooden Toy,Bamboo,105.28,4.3,74.8,321.64,1,1,Low,0.9,426.92,581.59,519.45
Uttar Pradesh,Clay/Terracotta Toy,Terracotta,72.72,2.1,53.57,112.5,4,3,Medium,1.0,185.22,276.48,262.9
Andhra Pradesh,Textile Craft,Cotton,170.69,9.5,68.82,653.79,1,4,Low,0.9,824.48,1275.72,1141.91
Tamil Nadu,Textile Craft,Cotton,138.18,3.3,61.49,202.92,4,3,Very High,1.2,341.1,573.76,572.99
Odisha,Home Decor,Cotton,113.02,8.2,70.67,579.49,5,3,High,1.1,692.51,1318.56,1243.23
Rajasthan,Wood Craft,Bamboo,182.6,13.3,59.86,796.14,1,2,Very High,1.2,978.74,1248.75,1384.67
Tamil Nadu,Home Decor,Wood,267.25,6.9,55.13,380.4,1,1,High,1.1,647.65,996.42,941.55
West Bengal,Metal Craft,Brass,264.69,12.1,61.27,741.37,4,3,High,1.1,1006.06,1672.53,1574.43
Gujarat,Clay/Terracotta Toy,Clay,98.05,7.0,74.21,519.47,2,1,Low,0.9,617.52,938.17,791.77
Kerala,Wood Craft,Bamboo,182.45,3.4,77.1,262.14,4,4,Very High,1.2,444.59,587.05,675.44
Karnataka,Bamboo Toy,Cane,97.55,2.3,76.72,176.46,5,4,High,1.1,274.01,374.95,422.24
Karnataka,Textile Craft,Cotton,345.19,5.3,57.35,303.95,1,4,Low,0.9,649.14,728.27,746.52
Tamil Nadu,Metal Craft,Copper,807.31,14.7,65.69,965.64,2,4,Medium,1.0,1772.95,2086.61,2249.23
Uttar Pradesh,Handmade Jewelry,Brass,493.96,5.2,60.38,313.98,1,1,Very High,1.2,807.94,1010.45,1221.01
Karnataka,Home Decor,Cotton,248.58,9.6,65.93,632.93,3,4,High,1.1,881.51,1572.54,1495.89
Rajasthan,Metal Craft,Iron,331.55,5.7,74.04,422.03,1,4,Medium,1.0,753.58,1003.98,996.38
Telangana,Wooden Toy,Bamboo,66.58,4.5,60.17,270.76,2,1,Low,0.9,337.34,418.53,397.75
Odisha,Bamboo Toy,Cane,260.0,7.2,51.7,372.24,1,1,Very High,1.2,632.24,811.54,876.54
Karnataka,Wood Craft,Bamboo,140.89,12.0,75.8,909.6,2,1,Medium,1.0,1050.49,1308.01,1382.56
Rajasthan,Pottery,Clay,47.91,6.7,62.15,416.41,1,2,Medium,1.0,464.32,750.52,662.62
Telangana,Pottery,Clay,160.03,3.2,64.68,206.98,4,4,Low,0.9,367.01,474.21,464.37
Andhra Pradesh,Home Decor,Cotton,154.96,6.8,76.56,520.61,5,4,Medium,1.0,675.57,910.0,949.58
Karnataka,Pottery,Terracotta,125.62,7.9,55.42,437.82,2,2,Very High,1.2,563.44,835.17,818.26
Rajasthan,Clay/Terracotta Toy,Clay,159.7,3.5,64.58,226.03,2,3,Medium,1.0,385.73,558.66,547.22
West Bengal,Handmade Jewelry,Beads,144.85,6.0,54.71,328.26,1,3,Low,0.9,473.11,839.32,710.61
Kerala,Wooden Toy,Wood,100.42,8.2,61.91,507.66,3,3,Medium,1.0,608.08,974.06,902.69
Telangana,Pottery,Clay,55.48,8.1,79.06,640.39,5,4,Very High,1.2,695.87,1003.01,1136.54
Tamil Nadu,Bamboo Toy,Bamboo,114.59,6.5,70.02,455.13,4,1,High,1.1,569.72,830.37,822.41
Karnataka,Bamboo Toy,Cane,229.48,6.0,79.48,476.88,3,5,Medium,1.0,706.36,1234.0,1091.05
Tamil Nadu,Pottery,Terracotta,196.45,6.8,56.68,385.42,5,1,Very High,1.2,581.87,785.12,917.61
West Bengal,Wooden Toy,Wood,114.09,9.9,62.16,615.38,4,4,Low,0.9,729.47,1102.67,1020.4
West Bengal,Handmade Jewelry,Beads,101.43,6.2,65.43,405.67,2,3,High,1.1,507.1,778.75,771.22
Uttar Pradesh,Handmade Jewelry,Silver,1110.04,6.0,54.09,324.54,3,3,Very High,1.2,1434.58,2437.1,2486.1
Odisha,Handmade Jewelry,Copper,640.65,4.4,63.69,280.24,3,5,Low,0.9,920.89,1562.36,1430.63
Odisha,Bamboo Craft,Bamboo,125.87,3.5,51.42,179.97,1,5,High,1.1,305.84,376.9,411.64
West Bengal,Wood Craft,Wood,288.57,9.8,71.01,695.9,5,4,Medium,1.0,984.47,1716.89,1565.55
Uttar Pradesh,Pottery,Terracotta,82.66,7.6,71.33,542.11,3,3,Low,0.9,624.77,915.1,839.91
Karnataka,Pottery,Terracotta,149.7,5.8,71.51,414.76,4,1,High,1.1,564.46,963.7,906.61
Tamil Nadu,Bamboo Toy,Bamboo,131.7,6.1,59.7,364.17,4,3,Low,0.9,495.87,744.11,652.36
Karnataka,Bamboo Craft,Cane,253.56,4.8,56.28,270.14,5,5,Low,0.9,523.7,945.87,800.71
Andhra Pradesh,Clay/Terracotta Toy,Clay,173.0,5.5,51.54,283.47,4,3,Very High,1.2,456.47,696.18,726.24
Rajasthan,Handmade Jewelry,Copper,434.99,11.4,52.54,598.96,5,2,Medium,1.0,1033.95,1830.11,1679.42
Uttar Pradesh,Textile Craft,Cotton,313.46,7.5,58.45,438.38,1,5,High,1.1,751.84,1223.45,1166.26
Gujarat,Bamboo Craft,Bamboo,99.5,5.4,83.92,453.17,5,1,Very High,1.2,552.67,784.4,824.37
Rajasthan,Wood Craft,Wood,113.21,5.6,49.3,276.08,4,1,Low,0.9,389.29,650.09,563.32
Rajasthan,Textile Craft,Cotton,148.14,11.2,50.45,565.04,2,3,High,1.1,713.18,1226.23,1138.01
Odisha,Clay/Terracotta Toy,Clay,137.5,2.2,47.67,104.87,2,3,Very High,1.2,242.37,271.13,332.5
Kerala,Home Decor,Bamboo,112.53,10.5,83.46,876.33,3,3,High,1.1,988.86,1621.56,1515.07
Telangana,Pottery,Clay,64.67,7.1,68.75,488.12,4,2,High,1.1,552.79,768.2,823.73
Tamil Nadu,Wooden Toy,Bamboo,197.41,5.7,84.48,481.54,1,1,Low,0.9,678.95,762.45,780.79
Karnataka,Home Decor,Clay,138.71,10.7,61.45,657.51,1,2,High,1.1,796.23,1121.52,1077.91
Odisha,Bamboo Toy,Bamboo,143.69,5.9,62.22,367.1,2,1,Very High,1.2,510.79,673.65,737.5
Andhra Pradesh,Textile Craft,Silk,674.62,3.9,73.49,286.61,5,4,High,1.1,961.23,1653.6,1657.58
Tamil Nadu,Clay/Terracotta Toy,Clay,85.07,5.8,71.0,411.8,1,2,High,1.1,496.87,760.71,720.48
Tamil Nadu,Clay/Terracotta Toy,Terracotta,103.79,7.6,79.56,604.66,2,2,High,1.1,708.45,898.51,916.05
Tamil Nadu,Wood Craft,Bamboo,149.68,11.4,55.2,629.28,5,3,Medium,1.0,778.96,1005.3,1068.79
Kerala,Wood Craft,Wood,358.24,13.2,81.35,1073.82,5,5,Low,0.9,1432.06,1923.54,1939.06
Tamil Nadu,Wood Craft,Wood,99.35,12.5,67.62,845.25,5,4,Low,0.9,944.6,1515.58,1401.49
Odisha,Metal Craft,Brass,620.74,9.7,69.97,678.71,3,3,Medium,1.0,1299.45,1999.51,1969.62
West Bengal,Clay/Terracotta Toy,Terracotta,183.44,5.3,71.96,381.39,4,5,Very High,1.2,564.83,779.75,878.73
Kerala,Handmade Jewelry,Brass,831.26,7.2,84.28,606.82,4,5,Medium,1.0,1438.08,1786.83,1967.65
Karnataka,Bamboo Craft,Bamboo,206.31,5.4,57.24,309.1,5,4,Low,0.9,515.41,939.35,801.67
Andhra Pradesh,Handmade Jewelry,Copper,479.74,2.2,52.76,116.07,4,2,Medium,1.0,595.81,836.07,906.55
Tamil Nadu,Home Decor,Bamboo,206.18,7.2,67.09,483.05,2,2,Low,0.9,689.23,1052.88,928.92
Uttar Pradesh,Wooden Toy,Wood,335.7,2.7,56.81,153.39,1,2,Low,0.9,489.09,652.62,586.45
Telangana,Bamboo Toy,Cane,142.67,4.5,59.22,266.49,3,3,High,1.1,409.16,544.26,570.64
West Bengal,Bamboo Craft,Cane,172.49,8.3,65.87,546.72,2,2,High,1.1,719.21,1044.1,1055.05
West Bengal,Handmade Jewelry,Brass,508.06,9.6,50.79,487.58,1,1,High,1.1,995.64,1200.61,1376.91
West Bengal,Bamboo Craft,Bamboo,62.49,10.7,75.04,802.93,5,5,High,1.1,865.42,1235.39,1391.44
Telangana,Home Decor,Wood,320.95,9.9,61.53,609.15,2,2,Very High,1.2,930.1,1229.82,1349.36
Telangana,Clay/Terracotta Toy,Clay,75.29,5.5,64.9,356.95,2,1,Low,0.9,432.24,608.51,515.54
Odisha,Handmade Jewelry,Silver,905.26,9.9,64.85,642.01,2,4,Medium,1.0,1547.28,2735.87,2415.76
Rajasthan,Wooden Toy,Bamboo,148.72,7.9,63.13,498.73,5,2,Low,0.9,647.45,825.49,838.09
Telangana,Wooden Toy,Bamboo,156.34,6.2,55.45,343.79,3,4,Very High,1.2,500.13,773.38,820.93
Tamil Nadu,Bamboo Craft,Bamboo,155.64,6.8,78.99,537.13,2,2,High,1.1,692.77,848.8,921.06
West Bengal,Clay/Terracotta Toy,Terracotta,67.45,5.1,57.43,292.89,2,3,Low,0.9,360.34,621.72,517.77
Odisha,Bamboo Toy,Bamboo,141.87,6.3,66.74,420.46,5,1,Low,0.9,562.33,642.37,656.76
Andhra Pradesh,Metal Craft,Brass,278.47,6.4,58.8,376.32,1,3,High,1.1,654.79,1100.17,1022.99
Kerala,Bamboo Craft,Bamboo,247.67,4.3,74.61,320.82,2,2,Very High,1.2,568.49,945.64,939.6
Karnataka,Wooden Toy,Wood,332.95,7.3,65.24,476.25,2,4,Low,0.9,809.2,1192.87,1061.15
Tamil Nadu,Wood Craft,Bamboo,148.43,13.9,77.55,1077.94,1,5,High,1.1,1226.38,1870.75,1865.0
Andhra Pradesh,Wood Craft,Bamboo,224.79,9.5,74.73,709.94,5,2,Low,0.9,934.73,1318.46,1253.04
Rajasthan,Clay/Terracotta Toy,Clay,149.83,3.8,58.28,221.46,4,4,Low,0.9,371.29,651.13,548.91
Karnataka,Home Decor,Bamboo,103.6,8.0,67.42,539.36,4,4,High,1.1,642.96,921.88,1034.43
Gujarat,Textile Craft,Cotton,145.9,10.7,66.9,715.83,3,4,Low,0.9,861.73,1062.71,1053.58
West Bengal,Clay/Terracotta Toy,Clay,168.92,6.2,50.22,311.36,5,3,Very High,1.2,480.28,823.12,837.13
Telangana,Textile Craft,Silk,637.49,6.1,77.97,475.62,3,5,Low,0.9,1113.11,1493.79,1427.73
Rajasthan,Metal Craft,Iron,228.47,8.7,73.31,637.8,3,2,High,1.1,866.27,1385.08,1391.66
Rajasthan,Pottery,Terracotta,179.41,8.0,71.74,573.92,5,4,Low,0.9,753.33,1126.69,1025.88
Andhra Pradesh,Wooden Toy,Bamboo,76.32,5.7,62.17,354.37,1,1,High,1.1,430.69,555.91,549.26
Andhra Pradesh,Handmade Jewelry,Brass,478.49,9.3,70.56,656.21,3,2,Low,0.9,1134.7,1334.18,1346.12
Rajasthan,Bamboo Craft,Cane,142.33,5.7,69.56,396.49,1,4,Medium,1.0,538.82,658.6,702.3
Tamil Nadu,Home Decor,Cotton,243.0,9.8,61.84,606.03,5,3,Low,0.9,849.03,1305.6,1177.98
West Bengal,Metal Craft,Copper,512.89,10.2,67.64,689.93,3,3,Medium,1.0,1202.82,1607.51,1664.7
Tamil Nadu,Clay/Terracotta Toy,Terracotta,66.13,2.2,55.12,121.26,2,4,Low,0.9,187.39,208.1,215.5
Kerala,Bamboo Toy,Cane,187.68,3.1,75.91,235.32,3,4,Very High,1.2,423.0,561.11,645.46
Tamil Nadu,Home Decor,Clay,72.45,10.4,84.86,882.54,4,2,Very High,1.2,954.99,1240.78,1533.29
Tamil Nadu,Clay/Terracotta Toy,Terracotta,178.45,3.0,72.02,216.06,1,2,High,1.1,394.51,624.9,583.62
Uttar Pradesh,Clay/Terracotta Toy,Terracotta,43.9,2.9,49.39,143.23,2,2,Medium,1.0,187.13,230.53,235.39
Rajasthan,Wooden Toy,Wood,180.68,4.7,58.65,275.66,4,3,High,1.1,456.34,735.01,713.6
Tamil Nadu,Clay/Terracotta Toy,Clay,69.36,2.7,62.91,169.86,4,2,Very High,1.2,239.22,419.57,414.34
Karnataka,Clay/Terracotta Toy,Clay,119.04,4.5,72.8,327.6,2,4,Low,0.9,446.64,682.04,583.03
West Bengal,Wood Craft,Wood,136.53,13.2,50.94,672.41,5,2,High,1.1,808.94,1252.29,1223.25
West Bengal,Metal Craft,Copper,325.16,10.4,76.09,791.34,2,4,Medium,1.0,1116.5,1655.25,1598.69
Tamil Nadu,Wood Craft,Bamboo,100.12,10.0,80.38,803.8,5,3,Medium,1.0,903.92,1490.69,1412.52
Gujarat,Clay/Terracotta Toy,Clay,79.85,5.8,62.48,362.38,3,2,Low,0.9,442.23,610.21,580.91
Tamil Nadu,Home Decor,Wood,154.48,10.0,58.39,583.9,4,1,Low,0.9,738.38,1243.32,1097.43
Odisha,Bamboo Craft,Bamboo,117.42,11.4,49.51,564.41,5,3,Medium,1.0,681.83,1070.66,1014.5
Kerala,Home Decor,Clay,103.76,13.7,89.58,1227.25,3,1,Very High,1.2,1331.01,2132.01,2278.69
Andhra Pradesh,Textile Craft,Silk,369.94,3.7,72.76,269.21,1,3,Medium,1.0,639.15,1099.33,971.51
Rajasthan,Wooden Toy,Wood,305.5,3.1,49.43,153.23,1,5,High,1.1,458.73,652.0,691.36
Andhra Pradesh,Wooden Toy,Wood,83.33,2.8,51.44,144.03,3,4,Medium,1.0,227.36,276.79,289.97
West Bengal,Handmade Jewelry,Beads,113.24,5.4,62.04,335.02,4,3,Low,0.9,448.26,654.84,622.21
Andhra Pradesh,Pottery,Clay,154.23,6.0,73.83,442.98,5,2,High,1.1,597.21,712.68,834.41
Uttar Pradesh,Home Decor,Cotton,150.54,3.4,60.16,204.54,1,1,High,1.1,355.08,497.13,475.67
Uttar Pradesh,Wooden Toy,Bamboo,199.04,3.0,47.87,143.61,1,5,Low,0.9,342.65,507.85,457.89
Rajasthan,Wood Craft,Bamboo,67.51,6.2,65.04,403.25,2,1,Low,0.9,470.76,676.74,597.17
Uttar Pradesh,Bamboo Craft,Cane,108.38,10.4,56.79,590.62,3,4,Medium,1.0,699.0,855.63,893.43
Rajasthan,Wood Craft,Wood,198.54,4.5,50.51,227.29,5,3,Low,0.9,425.83,613.59,577.47
Karnataka,Wood Craft,Bamboo,231.72,5.3,59.77,316.78,4,3,Medium,1.0,548.5,752.91,786.48
Karnataka,Home Decor,Clay,147.77,5.9,58.58,345.62,5,3,Low,0.9,493.39,762.48,713.97
Andhra Pradesh,Pottery,Clay,48.07,7.2,79.61,573.19,5,2,High,1.1,621.26,1038.39,994.2
Karnataka,Textile Craft,Cotton,170.87,4.0,57.19,228.76,1,1,Low,0.9,399.63,443.24,459.57
Kerala,Handmade Jewelry,Silver,722.11,3.1,87.38,270.88,1,1,High,1.1,992.99,1279.4,1367.03
Karnataka,Wood Craft,Wood,243.71,6.7,56.7,379.89,1,5,Very High,1.2,623.6,972.53,1050.23
Uttar Pradesh,Clay/Terracotta Toy,Terracotta,88.69,2.3,73.4,168.82,1,4,Medium,1.0,257.51,350.25,345.6
Karnataka,Textile Craft,Silk,501.23,10.1,83.97,848.1,5,5,Low,0.9,1349.33,2202.5,1943.51
Gujarat,Wood Craft,Bamboo,129.65,13.7,60.26,825.56,4,5,High,1.1,955.21,1858.02,1742.44
Kerala,Handmade Jewelry,Brass,701.64,4.5,60.11,270.5,1,4,Very High,1.2,972.13,1281.99,1516.69
Rajasthan,Home Decor,Wood,153.16,6.1,50.06,305.37,2,2,Low,0.9,458.53,608.49,599.62
Tamil Nadu,Pottery,Terracotta,104.42,8.1,66.71,540.35,2,3,Low,0.9,644.77,803.71,779.99
Odisha,Bamboo Toy,Bamboo,76.8,6.4,64.92,415.49,4,5,Medium,1.0,492.29,731.14,709.7
Kerala,Metal Craft,Copper,800.02,15.9,88.98,1414.78,3,1,High,1.1,2214.8,3793.28,3624.07
Rajasthan,Handmade Jewelry,Silver,1374.26,4.5,62.9,283.05,4,1,Low,0.9,1657.31,2185.25,2150.04
Andhra Pradesh,Home Decor,Cotton,339.97,5.4,52.51,283.55,2,1,Medium,1.0,623.52,784.83,789.01
Kerala,Handmade Jewelry,Brass,448.53,2.0,68.13,136.26,3,1,Very High,1.2,584.79,701.75,862.76
Gujarat,Home Decor,Wood,294.78,4.8,57.72,277.06,4,2,Low,0.9,571.84,838.36,780.94
Gujarat,Wooden Toy,Wood,275.12,4.8,66.75,320.4,1,1,High,1.1,595.52,860.02,827.74
Odisha,Clay/Terracotta Toy,Clay,113.04,5.3,59.2,313.76,3,1,Low,0.9,426.8,635.51,564.7
Kerala,Clay/Terracotta Toy,Clay,94.4,5.1,70.05,357.25,3,5,Low,0.9,451.65,671.05,612.12
Kerala,Metal Craft,Copper,281.98,5.7,65.59,373.86,3,3,High,1.1,655.84,1012.66,1046.38
Andhra Pradesh,Handmade Jewelry,Beads,95.06,5.0,64.81,324.05,4,4,Low,0.9,419.11,837.31,704.0
Odisha,Pottery,Clay,135.45,3.0,62.63,187.89,2,5,Low,0.9,323.34,354.18,371.84
Karnataka,Wood Craft,Bamboo,216.75,10.1,58.78,593.68,3,1,Medium,1.0,810.43,930.74,1013.13
Andhra Pradesh,Bamboo Craft,Cane,253.01,7.1,70.84,502.96,4,3,Low,0.9,755.97,1315.58,1123.79
Gujarat,Wood Craft,Bamboo,162.54,9.8,77.97,764.11,4,4,Low,0.9,926.65,1500.98,1356.78
Odisha,Wood Craft,Wood,307.12,7.5,53.61,402.07,3,4,Medium,1.0,709.19,958.86,1022.6
Telangana,Bamboo Toy,Bamboo,175.07,7.8,76.2,594.36,5,3,Low,0.9,769.43,999.43,995.64
Rajasthan,Pottery,Clay,34.31,6.4,60.69,388.42,5,5,Medium,1.0,422.73,542.52,586.74
Rajasthan,Bamboo Craft,Bamboo,64.53,8.9,55.73,496.0,3,2,High,1.1,560.53,681.81,733.11
Andhra Pradesh,Bamboo Toy,Cane,134.32,4.4,69.09,304.0,1,2,Low,0.9,438.32,666.95,567.01
Gujarat,Clay/Terracotta Toy,Terracotta,179.23,3.9,80.98,315.82,1,5,Very High,1.2,495.05,567.19,665.86
Gujarat,Bamboo Craft,Cane,235.95,10.6,78.88,836.13,5,2,High,1.1,1072.08,1363.68,1563.06
Telangana,Bamboo Toy,Cane,86.07,5.3,60.4,320.12,5,1,Low,0.9,406.19,498.76,492.13
Uttar Pradesh,Home Decor,Bamboo,228.11,6.0,53.5,321.0,4,4,Very High,1.2,549.11,673.33,825.63
Uttar Pradesh,Wood Craft,Bamboo,235.88,7.8,61.7,481.26,3,4,Medium,1.0,717.14,1307.01,1154.1
Telangana,Wooden Toy,Bamboo,130.06,8.9,74.1,659.49,3,3,High,1.1,789.55,1145.51,1196.77
Andhra Pradesh,Wood Craft,Wood,119.88,9.8,58.0,568.4,4,5,Very High,1.2,688.28,1083.15,1175.98
Telangana,Home Decor,Bamboo,165.48,3.7,54.98,203.43,2,3,Very High,1.2,368.91,598.02,615.15
Karnataka,Handmade Jewelry,Silver,1315.73,4.2,58.26,244.69,5,4,Low,0.9,1560.42,2708.25,2370.32
Tamil Nadu,Wood Craft,Wood,88.68,9.9,74.74,739.93,3,3,Very High,1.2,828.61,1154.79,1307.12
Uttar Pradesh,Pottery,Clay,178.45,7.7,72.45,557.87,4,4,High,1.1,736.32,957.08,1103.46
Tamil Nadu,Pottery,Clay,133.84,6.0,80.77,484.62,4,5,Medium,1.0,618.46,927.07,889.26
Odisha,Clay/Terracotta Toy,Terracotta,153.1,6.7,73.15,490.11,3,3,Low,0.9,643.21,1006.16,856.55
Karnataka,Wood Craft,Bamboo,166.79,11.4,79.29,903.91,3,4,Low,0.9,1070.7,1889.75,1574.38
Rajasthan,Bamboo Craft,Cane,258.53,11.3,62.79,709.53,2,4,Medium,1.0,968.06,1154.52,1182.39
Andhra Pradesh,Handmade Jewelry,Brass,828.09,3.3,74.6,246.18,2,2,Medium,1.0,1074.27,1603.18,1468.79
Uttar Pradesh,Bamboo Toy,Bamboo,58.72,4.4,58.12,255.73,5,2,Very High,1.2,314.45,499.64,514.82
Odisha,Home Decor,Bamboo,227.1,6.1,71.62,436.88,1,1,Very High,1.2,663.98,1051.97,1037.51
Uttar Pradesh,Textile Craft,Silk,452.76,8.3,62.56,519.25,1,3,High,1.1,972.01,1601.2,1540.47
Uttar Pradesh,Clay/Terracotta Toy,Clay,170.09,2.8,74.61,208.91,5,4,High,1.1,379.0,511.81,572.25
Telangana,Home Decor,Clay,96.87,4.1,55.79,228.74,5,5,High,1.1,325.61,513.0,530.86
Tamil Nadu,Handmade Jewelry,Beads,132.27,5.4,60.3,325.62,1,4,Medium,1.0,457.89,560.33,614.62
Gujarat,Wood Craft,Bamboo,78.27,4.2,61.41,257.92,4,3,Very High,1.2,336.19,425.26,496.93
Karnataka,Wood Craft,Bamboo,240.29,6.3,70.43,443.71,5,2,High,1.1,684.0,1032.66,1047.36
Karnataka,Bamboo Toy,Cane,227.55,7.0,58.1,406.7,3,4,Very High,1.2,634.25,1076.07,1056.51
Karnataka,Bamboo Craft,Cane,218.36,8.7,59.09,514.08,3,2,High,1.1,732.44,1027.96,1013.25
Rajasthan,Wooden Toy,Bamboo,106.89,9.1,74.19,675.13,3,1,Low,0.9,782.02,929.88,958.59
West Bengal,Pottery,Clay,49.74,3.4,53.53,182.0,5,3,Low,0.9,231.74,392.79,335.03
Uttar Pradesh,Wooden Toy,Bamboo,66.97,9.1,46.99,427.61,2,1,High,1.1,494.58,573.75,622.99
Uttar Pradesh,Clay/Terracotta Toy,Terracotta,104.48,2.5,69.9,174.75,3,5,Low,0.9,279.23,460.68,404.39
Gujarat,Pottery,Clay,171.44,8.1,61.33,496.77,3,2,Very High,1.2,668.21,1055.44,1047.2
Gujarat,Bamboo Toy,Bamboo,128.14,4.6,56.07,257.92,2,2,Medium,1.0,386.06,508.07,510.8
Telangana,Pottery,Clay,122.78,5.5,73.07,401.88,1,1,Medium,1.0,524.66,547.26,603.36
Karnataka,Metal Craft,Iron,177.69,12.3,79.95,983.39,1,3,Low,0.9,1161.08,1647.76,1579.69
Odisha,Handmade Jewelry,Silver,987.55,4.4,51.35,225.94,4,5,Very High,1.2,1213.49,1519.53,1876.42
Uttar Pradesh,Home Decor,Clay,63.53,6.0,55.3,331.8,4,1,Very High,1.2,395.33,697.46,695.85
Karnataka,Textile Craft,Cotton,240.01,10.5,57.75,606.38,2,2,Low,0.9,846.38,1154.21,1062.82
Rajasthan,Textile Craft,Silk,686.2,9.2,54.44,500.85,4,4,High,1.1,1187.05,1767.22,1792.7
Gujarat,Bamboo Toy,Bamboo,75.81,6.8,83.62,568.62,4,4,Low,0.9,644.43,840.84,798.6
Odisha,Pottery,Clay,159.0,7.9,57.95,457.81,4,5,Very High,1.2,616.81,892.72,973.61
Odisha,Bamboo Craft,Cane,257.41,4.3,56.49,242.91,1,5,Very High,1.2,500.32,736.28,746.27
Andhra Pradesh,Pottery,Clay,126.71,5.9,57.18,337.36,1,2,Very High,1.2,464.07,500.38,584.4
Karnataka,Bamboo Craft,Cane,117.35,10.9,75.55,823.5,4,2,Medium,1.0,940.85,1126.81,1245.55
Rajasthan,Pottery,Terracotta,216.24,4.3,69.84,300.31,2,3,Very High,1.2,516.55,657.97,714.8
West Bengal,Clay/Terracotta Toy,Terracotta,50.93,5.3,74.03,392.36,4,3,Low,0.9,443.29,616.7,594.91
Andhra Pradesh,Textile Craft,Wool,420.2,4.7,50.33,236.55,2,1,Medium,1.0,656.75,1021.63,902.73
Andhra Pradesh,Wood Craft,Bamboo,114.02,11.5,57.14,657.11,4,5,Medium,1.0,771.13,1108.74,1163.17
Rajasthan,Wooden Toy,Wood,225.75,7.4,52.84,391.02,3,2,Medium,1.0,616.77,873.4,801.75
Telangana,Home Decor,Cotton,232.56,9.8,79.25,776.65,4,4,Low,0.9,1009.21,1557.02,1384.4
Odisha,Wood Craft,Wood,144.55,13.4,66.21,887.21,4,4,Medium,1.0,1031.76,1624.7,1539.31
Rajasthan,Handmade Jewelry,Beads,348.5,7.5,65.55,491.62,5,1,Low,0.9,840.12,1154.08,1176.91
Telangana,Home Decor,Cotton,314.58,3.4,64.31,218.65,2,2,Very High,1.2,533.23,733.27,773.1
Rajasthan,Handmade Jewelry,Beads,309.23,4.5,56.56,254.52,1,4,Very High,1.2,563.75,842.22,875.34
Kerala,Bamboo Craft,Cane,228.7,3.2,80.25,256.8,3,2,High,1.1,485.5,537.31,628.72
Odisha,Wood Craft,Bamboo,74.02,10.0,64.85,648.5,3,4,High,1.1,722.52,991.04,1032.08
Uttar Pradesh,Textile Craft,Wool,347.79,4.6,55.12,253.55,5,1,Low,0.9,601.34,764.0,788.25
Telangana,Bamboo Craft,Bamboo,122.6,6.0,55.02,330.12,2,1,Medium,1.0,452.72,482.42,520.63
Telangana,Pottery,Terracotta,77.89,8.9,60.12,535.07,1,4,Medium,1.0,612.96,913.84,814.51
Telangana,Textile Craft,Silk,674.82,8.5,62.42,530.57,1,1,High,1.1,1205.39,1591.55,1644.58
Tamil Nadu,Wood Craft,Wood,215.43,4.0,58.88,235.52,3,1,Very High,1.2,450.95,721.7,717.07
Gujarat,Bamboo Toy,Cane,167.24,2.7,76.47,206.47,4,5,Very High,1.2,373.71,633.03,635.67
Andhra Pradesh,Textile Craft,Silk,395.34,4.6,52.62,242.05,1,1,Medium,1.0,637.39,874.34,814.47
Rajasthan,Bamboo Craft,Cane,87.53,9.9,54.44,538.96,4,3,Very High,1.2,626.49,1030.13,1048.03
West Bengal,Clay/Terracotta Toy,Terracotta,199.26,3.6,76.87,276.73,5,1,Very High,1.2,475.99,628.97,714.41
West Bengal,Metal Craft,Brass,569.57,6.9,52.25,360.53,3,1,Medium,1.0,930.1,1283.19,1282.07
Telangana,Pottery,Terracotta,75.79,8.8,55.5,488.4,4,5,Medium,1.0,564.19,808.76,831.83
Uttar Pradesh,Wood Craft,Bamboo,216.0,8.8,52.59,462.79,3,3,Low,0.9,678.79,1017.15,897.43
West Bengal,Bamboo Toy,Bamboo,100.02,4.3,76.87,330.54,1,1,Medium,1.0,430.56,623.43,551.04
Uttar Pradesh,Wooden Toy,Wood,262.96,8.2,60.48,495.94,1,1,High,1.1,758.9,1020.51,984.21
Telangana,Wooden Toy,Wood,321.35,8.0,55.9,447.2,5,1,Medium,1.0,768.55,1167.71,1071.95
Rajasthan,Textile Craft,Wool,192.54,11.4,65.55,747.27,4,4,Very High,1.2,939.81,1488.53,1571.24
West Bengal,Pottery,Clay,77.7,8.8,71.32,627.62,2,4,High,1.1,705.32,883.93,1009.98
West Bengal,Home Decor,Wood,222.98,12.1,55.41,670.46,5,4,Low,0.9,893.44,1197.01,1181.6
Kerala,Wood Craft,Wood,276.24,12.6,69.04,869.9,2,5,Low,0.9,1146.14,1648.48,1591.46
Tamil Nadu,Wood Craft,Wood,189.25,8.2,59.07,484.37,4,2,Very High,1.2,673.62,1010.47,1070.85
Andhra Pradesh,Pottery,Clay,83.08,5.2,51.06,265.51,5,5,Low,0.9,348.59,564.78,513.77
Tamil Nadu,Clay/Terracotta Toy,Clay,120.57,2.7,55.0,148.5,1,2,Medium,1.0,269.07,268.55,309.43
Karnataka,Metal Craft,Iron,247.99,8.9,67.09,597.1,1,1,Very High,1.2,845.09,896.15,1081.5
Andhra Pradesh,Wooden Toy,Wood,232.39,5.8,63.92,370.74,5,2,Very High,1.2,603.13,871.74,972.58
Odisha,Pottery,Terracotta,150.82,6.1,49.12,299.63,2,1,Medium,1.0,450.45,501.25,545.8
Odisha,Wood Craft,Bamboo,175.02,6.3,53.77,338.75,4,1,Medium,1.0,513.77,734.08,701.21
West Bengal,Home Decor,Bamboo,147.78,7.8,67.24,524.47,5,2,High,1.1,672.25,853.83,975.32
Telangana,Textile Craft,Cotton,198.49,10.0,65.72,657.2,2,4,Very High,1.2,855.69,1541.11,1518.86
Telangana,Pottery,Clay,160.77,3.6,51.89,186.8,5,3,Very High,1.2,347.57,558.94,585.38
West Bengal,Home Decor,Cotton,293.3,4.8,50.69,243.31,5,5,Very High,1.2,536.61,962.24,989.43
Gujarat,Bamboo Craft,Cane,157.35,5.0,83.37,416.85,4,1,High,1.1,574.2,939.07,906.28
Karnataka,Textile Craft,Cotton,263.5,3.8,66.12,251.26,1,4,Medium,1.0,514.76,878.87,789.39
Telangana,Wood Craft,Bamboo,168.54,10.9,58.95,642.56,1,4,Low,0.9,811.1,1323.26,1163.14
Gujarat,Textile Craft,Cotton,211.03,10.3,77.37,796.91,1,5,Low,0.9,1007.94,1633.18,1370.86
West Bengal,Textile Craft,Silk,475.07,8.6,69.86,600.8,2,5,Very High,1.2,1075.87,1586.8,1785.87
Tamil Nadu,Home Decor,Cotton,283.77,7.6,70.02,532.15,3,4,High,1.1,815.92,1221.31,1316.95
Kerala,Pottery,Terracotta,183.88,7.6,76.91,584.52,1,2,Low,0.9,768.4,912.34,883.69
Telangana,Wood Craft,Wood,246.84,12.1,71.11,860.43,3,5,Medium,1.0,1107.27,1591.54,1590.2
Odisha,Metal Craft,Iron,386.28,7.6,66.23,503.35,2,3,High,1.1,889.63,1142.3,1277.78
Uttar Pradesh,Pottery,Clay,168.54,3.0,73.64,220.92,3,5,Very High,1.2,389.46,585.18,602.99
West Bengal,Bamboo Craft,Cane,66.78,4.4,74.66,328.5,2,2,Very High,1.2,395.28,629.9,633.15
Gujarat,Metal Craft,Brass,314.97,6.1,75.3,459.33,2,3,Medium,1.0,774.3,1206.74,1164.21
Odisha,Metal Craft,Iron,160.29,8.3,57.74,479.24,5,2,Medium,1.0,639.53,972.43,996.2
Rajasthan,Handmade Jewelry,Silver,903.97,9.6,51.75,496.8,3,4,Medium,1.0,1400.77,2078.45,2185.35
Odisha,Clay/Terracotta Toy,Terracotta,124.26,6.2,55.76,345.71,3,4,Very High,1.2,469.97,620.47,686.79
Kerala,Bamboo Toy,Bamboo,191.87,2.4,88.53,212.47,4,2,Medium,1.0,404.34,554.42,529.72
West Bengal,Bamboo Craft,Cane,169.79,8.5,59.66,507.11,4,5,Medium,1.0,676.9,1091.0,1014.98
Rajasthan,Home Decor,Clay,102.9,7.8,64.18,500.6,3,1,High,1.1,603.5,722.89,843.59
Telangana,Bamboo Toy,Cane,156.95,4.2,54.59,229.28,4,4,High,1.1,386.23,663.02,622.99
Kerala,Bamboo Toy,Bamboo,108.05,3.3,68.86,227.24,1,3,Very High,1.2,335.29,490.08,509.21
Uttar Pradesh,Wood Craft,Bamboo,99.74,13.9,58.12,807.87,5,4,Low,0.9,907.61,1556.46,1411.05
Telangana,Wooden Toy,Bamboo,138.2,8.5,62.39,530.32,3,2,Very High,1.2,668.52,945.12,1061.32
Kerala,Home Decor,Wood,193.85,7.2,67.4,485.28,3,2,Very High,1.2,679.13,828.41,1005.18
Karnataka,Pottery,Clay,136.25,6.7,57.25,383.57,2,5,Low,0.9,519.83,675.76,630.12
Tamil Nadu,Metal Craft,Iron,286.94,9.9,70.63,699.24,3,2,High,1.1,986.18,1473.57,1419.89
West Bengal,Textile Craft,Wool,203.28,9.9,57.74,571.63,5,5,Low,0.9,774.91,1006.75,1016.93
Kerala,Home Decor,Clay,133.35,9.0,61.33,551.97,1,4,Medium,1.0,685.32,1196.53,1074.4
West Bengal,Bamboo Craft,Cane,226.64,3.9,69.43,270.78,4,4,Very High,1.2,497.42,644.97,780.16
Karnataka,Wooden Toy,Wood,292.73,3.1,59.31,183.86,3,3,High,1.1,476.59,697.31,692.32
Kerala,Clay/Terracotta Toy,Terracotta,82.34,7.2,74.18,534.1,3,4,High,1.1,616.44,842.42,873.31
Rajasthan,Wood Craft,Wood,242.9,5.0,69.52,347.6,5,1,Very High,1.2,590.5,891.08,970.91
Uttar Pradesh,Bamboo Toy,Bamboo,78.26,3.5,49.41,172.94,1,5,Very High,1.2,251.19,290.38,342.67
Andhra Pradesh,Textile Craft,Silk,647.7,10.6,50.83,538.8,5,1,Low,0.9,1186.5,1933.79,1732.76
Odisha,Metal Craft,Brass,479.57,12.3,70.54,867.64,2,3,High,1.1,1347.21,1600.43,1810.46
Telangana,Clay/Terracotta Toy,Terracotta,135.28,4.9,59.61,292.09,2,4,Medium,1.0,427.37,651.35,602.57
Kerala,Clay/Terracotta Toy,Terracotta,210.5,4.3,63.28,272.1,4,5,Medium,1.0,482.6,870.19,772.09
Tamil Nadu,Bamboo Craft,Bamboo,206.54,3.9,69.22,269.96,5,5,Medium,1.0,476.5,810.9,732.55
Kerala,Pottery,Terracotta,164.88,4.5,69.15,311.18,3,5,Low,0.9,476.06,801.56,698.42
Andhra Pradesh,Handmade Jewelry,Silver,817.76,8.1,55.83,452.22,1,3,Very High,1.2,1269.98,1977.75,1986.19
Uttar Pradesh,Bamboo Craft,Cane,132.57,6.4,49.57,317.25,2,4,High,1.1,449.82,684.7,657.29
Karnataka,Bamboo Craft,Cane,271.95,7.7,68.64,528.53,5,2,Very High,1.2,800.48,1294.45,1268.72
Rajasthan,Clay/Terracotta Toy,Terracotta,55.58,7.1,45.59,323.69,5,5,Medium,1.0,379.27,609.92,568.13
Telangana,Pottery,Terracotta,179.84,5.9,56.36,332.52,1,2,Very High,1.2,512.36,674.85,760.62
Tamil Nadu,Pottery,Clay,54.03,5.1,80.78,411.98,3,4,Low,0.9,466.01,548.65,555.36
Tamil Nadu,Metal Craft,Iron,521.65,8.6,74.2,638.12,2,3,Medium,1.0,1159.77,2088.37,1841.7
West Bengal,Bamboo Toy,Cane,155.31,3.4,73.48,249.83,5,1,Medium,1.0,405.14,494.28,541.36
Odisha,Metal Craft,Copper,548.42,5.1,71.37,363.99,4,5,Very High,1.2,912.41,1402.1,1639.31
Odisha,Wood Craft,Wood,373.66,4.4,65.33,287.45,5,2,High,1.1,661.11,858.42,939.03
Gujarat,Handmade Jewelry,Beads,239.91,2.8,57.27,160.36,2,5,Low,0.9,400.27,552.41,545.52
Telangana,Handmade Jewelry,Beads,216.49,11.5,71.36,820.64,4,5,Very High,1.2,1037.13,1910.58,1916.53
Uttar Pradesh,Bamboo Craft,Bamboo,241.59,9.5,63.74,605.53,5,1,High,1.1,847.12,1208.08,1223.86
Rajasthan,Handmade Jewelry,Copper,571.43,8.8,57.42,505.3,5,2,Very High,1.2,1076.73,1691.43,1818.43
Karnataka,Wooden Toy,Wood,154.18,3.0,71.17,213.51,1,5,Low,0.9,367.69,503.35,455.15
Andhra Pradesh,Textile Craft,Silk,617.95,9.6,60.12,577.15,4,3,Low,0.9,1195.1,1982.17,1783.6
Andhra Pradesh,Wooden Toy,Bamboo,114.47,4.6,50.82,233.77,5,3,High,1.1,348.24,458.67,496.69
Gujarat,Home Decor,Bamboo,206.97,9.5,84.35,801.32,3,5,Medium,1.0,1008.29,1709.66,1579.89
Kerala,Wood Craft,Wood,339.49,10.6,66.05,700.13,1,2,High,1.1,1039.62,1551.23,1484.7
Uttar Pradesh,Handmade Jewelry,Silver,942.07,4.9,59.62,292.14,5,5,Low,0.9,1234.21,1814.58,1781.05
Karnataka,Wooden Toy,Wood,141.02,5.6,55.82,312.59,5,2,Medium,1.0,453.61,579.54,600.05
Telangana,Clay/Terracotta Toy,Terracotta,69.9,2.5,58.38,145.95,2,1,Low,0.9,215.85,256.28,248.23
Gujarat,Handmade Jewelry,Brass,752.19,4.9,67.8,332.22,4,5,High,1.1,1084.41,2154.55,2014.9
Odisha,Metal Craft,Brass,511.34,15.0,56.37,845.55,1,2,High,1.1,1356.89,1948.17,1959.07
Kerala,Textile Craft,Wool,201.94,8.2,73.53,602.95,4,1,Low,0.9,804.89,1325.31,1127.22
Gujarat,Home Decor,Wood,223.18,9.9,56.38,558.16,4,1,Low,0.9,781.34,1028.43,1037.27
Karnataka,Wooden Toy,Bamboo,170.08,3.2,73.54,235.33,3,2,Low,0.9,405.41,525.65,477.96
Andhra Pradesh,Bamboo Toy,Cane,158.05,7.4,69.79,516.45,5,1,High,1.1,674.5,1091.39,1065.33
Uttar Pradesh,Pottery,Terracotta,134.55,8.6,65.37,562.18,4,3,Low,0.9,696.73,1121.0,955.94
Odisha,Textile Craft,Silk,354.83,7.2,61.67,444.02,4,3,Low,0.9,798.85,1073.43,1047.03
Andhra Pradesh,Home Decor,Clay,36.25,9.9,79.08,782.89,5,4,Low,0.9,819.14,1462.19,1223.28
Uttar Pradesh,Wood Craft,Bamboo,64.75,11.4,50.72,578.21,4,3,Very High,1.2,642.96,809.26,949.18
Rajasthan,Wood Craft,Bamboo,232.67,6.6,65.59,432.89,4,4,High,1.1,665.56,1056.62,1096.99
Uttar Pradesh,Textile Craft,Wool,266.6,8.3,69.24,574.69,3,2,High,1.1,841.29,1435.22,1379.09
Tamil Nadu,Bamboo Toy,Cane,61.8,5.3,64.07,339.57,5,1,Low,0.9,401.37,506.9,484.65
Uttar Pradesh,Bamboo Craft,Cane,137.64,11.1,50.99,565.99,1,4,Medium,1.0,703.63,1195.65,1059.97
Kerala,Clay/Terracotta Toy,Terracotta,190.36,2.4,78.34,188.02,1,1,Very High,1.2,378.38,509.78,538.73
Odisha,Pottery,Terracotta,162.29,5.8,63.08,365.86,3,1,Low,0.9,528.15,655.51,623.33
Karnataka,Clay/Terracotta Toy,Clay,109.17,3.9,72.22,281.66,4,2,Medium,1.0,390.83,468.18,516.24
Gujarat,Metal Craft,Iron,499.25,11.4,74.27,846.68,5,4,Very High,1.2,1345.93,2110.83,2290.45
Telangana,Handmade Jewelry,Beads,169.58,9.2,77.52,713.18,1,1,Medium,1.0,882.76,1208.82,1143.69
Gujarat,Bamboo Toy,Bamboo,89.32,7.8,72.14,562.69,5,1,Low,0.9,652.01,895.93,823.42
Odisha,Wooden Toy,Bamboo,238.15,8.3,73.04,606.23,3,3,High,1.1,844.38,1094.07,1242.53
Kerala,Clay/Terracotta Toy,Clay,45.84,2.0,60.2,120.4,4,5,Medium,1.0,166.24,219.76,232.55
Kerala,Bamboo Toy,Bamboo,197.42,3.3,69.04,227.83,3,3,High,1.1,425.25,598.03,621.81
Rajasthan,Metal Craft,Copper,404.67,7.3,64.85,473.4,5,2,Low,0.9,878.08,1442.32,1254.86
West Bengal,Metal Craft,Brass,706.87,9.8,56.97,558.31,3,4,Medium,1.0,1265.18,1670.89,1748.13
West Bengal,Clay/Terracotta Toy,Terracotta,136.88,4.7,53.8,252.86,4,4,Very High,1.2,389.74,618.16,641.95
Kerala,Bamboo Toy,Bamboo,112.0,7.2,70.69,508.97,1,5,Very High,1.2,620.97,811.52,905.56
West Bengal,Wood Craft,Wood,237.08,3.8,75.15,285.57,2,4,High,1.1,522.65,796.36,776.24
Gujarat,Wood Craft,Wood,143.68,8.3,59.81,496.42,3,1,Very High,1.2,640.1,897.64,975.62
Gujarat,Pottery,Terracotta,96.16,8.8,73.01,642.49,4,2,Very High,1.2,738.65,1160.7,1165.29
Telangana,Bamboo Toy,Bamboo,189.79,3.3,54.01,178.23,5,5,Low,0.9,368.02,642.08,535.23
Tamil Nadu,Home Decor,Wood,96.39,7.5,66.26,496.95,4,1,Very High,1.2,593.34,748.85,855.01
Tamil Nadu,Home Decor,Bamboo,188.75,8.4,74.13,622.69,5,3,High,1.1,811.44,1521.76,1465.16
Rajasthan,Clay/Terracotta Toy,Terracotta,141.25,5.0,56.96,284.8,4,3,High,1.1,426.05,623.58,627.12
Uttar Pradesh,Pottery,Clay,93.52,8.3,63.0,522.9,2,4,Very High,1.2,616.42,1044.3,1019.42
Kerala,Textile Craft,Cotton,97.54,9.1,61.29,557.74,4,5,Medium,1.0,655.28,864.35,947.33
West Bengal,Clay/Terracotta Toy,Clay,46.47,7.7,69.92,538.38,3,4,Very High,1.2,584.85,982.03,1004.14
Andhra Pradesh,Metal Craft,Copper,598.06,9.0,58.98,530.82,2,5,Low,0.9,1128.88,1603.1,1535.26
Kerala,Wooden Toy,Bamboo,85.6,3.1,81.18,251.66,3,4,Medium,1.0,337.26,468.08,480.05
Gujarat,Pottery,Terracotta,212.52,7.8,76.89,599.74,4,4,High,1.1,812.26,1224.96,1286.06
Tamil Nadu,Clay/Terracotta Toy,Clay,49.14,2.4,57.35,137.64,2,5,Very High,1.2,186.78,234.01,273.98
Uttar Pradesh,Pottery,Terracotta,156.61,3.6,58.91,212.08,3,2,Low,0.9,368.69,442.67,432.3
Uttar Pradesh,Textile Craft,Silk,507.85,3.2,62.88,201.22,1,3,High,1.1,709.07,1080.85,1086.83
Andhra Pradesh,Wood Craft,Bamboo,167.45,3.5,67.51,236.29,1,3,Very High,1.2,403.74,612.94,634.57
Rajasthan,Bamboo Toy,Bamboo,111.05,6.1,62.53,381.43,3,2,High,1.1,492.48,545.21,619.58
Karnataka,Pottery,Terracotta,66.22,7.2,63.94,460.37,2,2,High,1.1,526.59,588.09,662.02
Uttar Pradesh,Pottery,Clay,103.99,2.3,51.97,119.53,5,5,Very High,1.2,223.52,324.62,362.73
Uttar Pradesh,Bamboo Toy,Bamboo,175.82,3.5,49.47,173.14,3,1,Very High,1.2,348.96,380.77,460.18
West Bengal,Wood Craft,Wood,309.45,13.3,61.75,821.28,4,5,High,1.1,1130.73,1765.43,1772.8
Karnataka,Handmade Jewelry,Silver,873.96,10.5,76.36,801.78,4,4,Medium,1.0,1675.74,2302.52,2389.91
Uttar Pradesh,Wooden Toy,Wood,266.94,8.6,53.38,459.07,1,4,Medium,1.0,726.01,1094.32,1021.32
Rajasthan,Wooden Toy,Bamboo,207.26,9.5,46.98,446.31,1,1,Low,0.9,653.57,992.58,829.32
Uttar Pradesh,Bamboo Toy,Bamboo,54.86,3.6,57.44,206.78,4,3,Medium,1.0,261.64,340.65,359.15
Telangana,Pottery,Clay,67.79,3.1,76.62,237.52,5,1,Very High,1.2,305.31,369.03,433.62
Karnataka,Bamboo Craft,Bamboo,65.95,11.3,65.37,738.68,2,1,Medium,1.0,804.63,1051.6,1004.84
Gujarat,Wooden Toy,Bamboo,140.21,3.9,69.54,271.21,5,5,Low,0.9,411.42,677.64,591.12
Rajasthan,Bamboo Craft,Bamboo,125.79,8.3,70.29,583.41,5,2,Very High,1.2,709.2,985.36,1064.86
Karnataka,Wooden Toy,Wood,360.05,3.2,56.76,181.63,4,2,Medium,1.0,541.68,732.66,749.56
Andhra Pradesh,Pottery,Terracotta,81.43,2.3,65.56,150.79,5,5,High,1.1,232.22,355.25,368.2
Andhra Pradesh,Handmade Jewelry,Beads,95.77,7.5,71.78,538.35,5,4,High,1.1,634.12,964.19,1038.89
West Bengal,Wood Craft,Wood,316.02,7.2,78.17,562.82,5,3,Low,0.9,878.84,1510.92,1307.47
Rajasthan,Pottery,Clay,159.26,8.8,68.67,604.3,2,3,Medium,1.0,763.56,1119.81,1038.06
Rajasthan,Metal Craft,Brass,466.46,12.1,58.82,711.72,3,3,Low,0.9,1178.18,1741.09,1545.83
Telangana,Home Decor,Bamboo,231.49,11.9,77.68,924.39,5,2,Low,0.9,1155.88,1960.39,1680.0
Uttar Pradesh,Bamboo Craft,Bamboo,91.43,5.8,68.64,398.11,4,3,Medium,1.0,489.54,848.39,760.26
Kerala,Textile Craft,Cotton,341.23,8.9,76.63,682.01,3,4,Low,0.9,1023.24,1480.58,1396.81
Rajasthan,Handmade Jewelry,Silver,1057.66,5.4,59.27,320.06,3,3,Very High,1.2,1377.72,2278.85,2288.32
Kerala,Textile Craft,Silk,628.12,5.7,74.16,422.71,2,3,High,1.1,1050.83,1745.1,1672.71
Tamil Nadu,Bamboo Toy,Cane,149.59,6.2,68.78,426.44,2,5,High,1.1,576.03,891.06,875.78
Tamil Nadu,Clay/Terracotta Toy,Clay,64.43,4.6,74.1,340.86,3,3,High,1.1,405.29,441.46,518.94
Odisha,Bamboo Craft,Bamboo,195.58,6.5,56.32,366.08,4,4,Medium,1.0,561.66,884.65,814.43
Rajasthan,Home Decor,Clay,164.05,4.7,71.0,333.7,2,3,High,1.1,497.75,818.57,767.54
West Bengal,Metal Craft,Brass,394.04,12.3,52.79,649.32,3,5,High,1.1,1043.36,1638.61,1673.43
Odisha,Clay/Terracotta Toy,Clay,50.78,7.3,46.45,339.09,4,3,Very High,1.2,389.87,599.52,655.28
Andhra Pradesh,Clay/Terracotta Toy,Clay,81.11,4.0,78.75,315.0,2,1,Low,0.9,396.11,451.84,455.53
Uttar Pradesh,Metal Craft,Iron,528.92,14.1,64.05,903.1,4,2,Low,0.9,1432.02,1802.46,1778.01
Telangana,Bamboo Craft,Cane,217.2,5.5,63.14,347.27,2,1,High,1.1,564.47,626.44,730.13
Uttar Pradesh,Bamboo Craft,Bamboo,83.28,5.7,49.92,284.54,5,5,Medium,1.0,367.82,626.14,599.22
West Bengal,Handmade Jewelry,Copper,613.45,9.0,62.22,559.98,2,1,Medium,1.0,1173.43,1657.72,1701.9
Gujarat,Bamboo Toy,Cane,186.86,4.4,60.91,268.0,4,4,Low,0.9,454.86,697.96,633.13
Telangana,Textile Craft,Cotton,160.14,7.0,74.25,519.75,5,1,Low,0.9,679.89,1117.47,997.24
Gujarat,Bamboo Craft,Bamboo,130.54,8.3,63.82,529.71,5,5,Very High,1.2,660.25,881.36,1062.63
Karnataka,Textile Craft,Cotton,101.7,5.1,64.04,326.6,2,4,Low,0.9,428.3,560.25,555.95
Rajasthan,Clay/Terracotta Toy,Clay,112.15,5.0,46.85,234.25,5,5,Medium,1.0,346.4,587.43,530.71
Kerala,Home Decor,Bamboo,244.82,9.8,87.95,861.91,4,1,High,1.1,1106.73,1918.97,1828.92
Kerala,Textile Craft,Cotton,263.8,11.2,62.76,702.91,4,4,Low,0.9,966.71,1430.09,1297.26
Rajasthan,Clay/Terracotta Toy,Clay,82.05,2.2,73.08,160.78,3,2,High,1.1,242.83,421.29,395.04
Telangana,Wooden Toy,Wood,214.33,7.8,67.72,528.22,5,2,Medium,1.0,742.55,858.36,947.19
Gujarat,Textile Craft,Silk,604.57,11.7,71.6,837.72,1,3,High,1.1,1442.29,1782.17,2042.17
Kerala,Bamboo Craft,Cane,87.74,6.8,86.57,588.68,3,4,Very High,1.2,676.42,1054.51,1141.5
Karnataka,Pottery,Terracotta,185.16,3.3,83.44,275.35,5,2,Very High,1.2,460.51,563.64,660.85
Gujarat,Bamboo Toy,Bamboo,60.76,6.1,78.78,480.56,4,3,Low,0.9,541.32,760.11,700.65
Karnataka,Bamboo Craft,Cane,277.95,7.3,57.22,417.71,4,5,Very High,1.2,695.66,1183.52,1204.04
Tamil Nadu,Clay/Terracotta Toy,Terracotta,78.21,5.6,64.08,358.85,5,1,Medium,1.0,437.06,679.18,638.38
Tamil Nadu,Handmade Jewelry,Brass,551.34,2.0,70.94,141.88,4,2,High,1.1,693.22,1100.5,1088.21
Tamil Nadu,Pottery,Clay,169.33,7.7,69.89,538.15,1,3,High,1.1,707.48,948.76,1015.51
Uttar Pradesh,Bamboo Toy,Bamboo,179.43,7.9,55.02,434.66,2,4,Very High,1.2,614.09,788.97,876.85
Kerala,Home Decor,Clay,65.69,7.7,74.78,575.81,5,4,Medium,1.0,641.5,1002.69,1023.17
Uttar Pradesh,Handmade Jewelry,Brass,862.81,10.9,64.37,701.63,1,2,High,1.1,1564.44,2533.01,2509.8
Uttar Pradesh,Metal Craft,Brass,644.46,8.8,69.21,609.05,1,4,Low,0.9,1253.51,1543.23,1520.94
Uttar Pradesh,Home Decor,Cotton,224.97,11.6,58.93,683.59,3,1,Medium,1.0,908.56,1268.31,1248.48
Andhra Pradesh,Wood Craft,Wood,99.57,6.5,75.62,491.53,1,3,High,1.1,591.1,929.58,924.37
Andhra Pradesh,Bamboo Craft,Cane,256.51,3.7,77.83,287.97,4,4,Very High,1.2,544.48,656.17,801.47
Kerala,Handmade Jewelry,Copper,541.28,8.3,88.41,733.8,4,5,Low,0.9,1275.08,1870.65,1883.4
Karnataka,Handmade Jewelry,Beads,348.31,3.4,82.4,280.16,3,5,High,1.1,628.47,995.24,1059.97
Tamil Nadu,Bamboo Toy,Cane,110.45,6.8,80.79,549.37,3,3,Very High,1.2,659.82,967.39,996.16
Rajasthan,Home Decor,Wood,293.46,13.1,63.92,837.35,5,1,Low,0.9,1130.81,1786.11,1612.05
Uttar Pradesh,Wooden Toy,Bamboo,160.51,9.7,69.43,673.47,4,3,High,1.1,833.98,1023.35,1196.22
Kerala,Clay/Terracotta Toy,Terracotta,48.94,7.1,60.82,431.82,2,2,Medium,1.0,480.76,605.67,621.74
Kerala,Handmade Jewelry,Beads,371.72,2.8,72.42,202.78,3,2,High,1.1,574.5,680.68,791.03
Telangana,Bamboo Toy,Bamboo,187.93,5.3,59.82,317.05,5,3,Low,0.9,504.98,654.91,644.31
Telangana,Bamboo Craft,Bamboo,116.66,6.2,73.41,455.14,5,1,Low,0.9,571.8,781.45,736.75
Odisha,Home Decor,Bamboo,247.51,11.4,56.09,639.43,4,2,Very High,1.2,886.94,1256.48,1471.14
Odisha,Textile Craft,Silk,337.06,8.1,72.93,590.73,4,2,High,1.1,927.79,1133.48,1308.85
Uttar Pradesh,Textile Craft,Wool,352.88,10.7,52.27,559.29,3,5,Very High,1.2,912.17,1395.92,1489.01
West Bengal,Metal Craft,Brass,875.14,8.3,69.07,573.28,5,1,Medium,1.0,1448.42,1949.54,1959.4
Telangana,Textile Craft,Cotton,306.73,4.5,70.1,315.45,5,5,Very High,1.2,622.18,1037.42,1068.21
Rajasthan,Bamboo Craft,Bamboo,75.29,3.6,63.18,227.45,5,5,Medium,1.0,302.74,406.89,447.16
Telangana,Metal Craft,Copper,548.24,12.0,51.37,616.44,1,5,Very High,1.2,1164.68,1716.28,1929.33
Karnataka,Textile Craft,Silk,498.83,3.5,84.9,297.15,1,5,Medium,1.0,795.98,935.49,1013.43
Tamil Nadu,Clay/Terracotta Toy,Clay,67.64,4.1,59.66,244.61,4,3,Very High,1.2,312.25,383.27,463.63
West Bengal,Home Decor,Wood,119.94,6.1,50.92,310.61,5,2,High,1.1,430.55,644.29,701.9
Gujarat,Bamboo Craft,Cane,232.3,11.6,82.96,962.34,2,3,Low,0.9,1194.64,1839.01,1639.57
Tamil Nadu,Home Decor,Clay,113.72,11.2,71.75,803.6,5,3,Very High,1.2,917.32,1456.74,1610.15
Odisha,Textile Craft,Wool,185.53,9.1,58.37,531.17,1,5,Very High,1.2,716.7,1139.94,1200.45
Andhra Pradesh,Bamboo Toy,Cane,234.56,5.6,58.97,330.23,2,3,Medium,1.0,564.79,756.47,746.79
Gujarat,Pottery,Terracotta,156.76,7.8,56.26,438.83,5,5,Low,0.9,595.59,1027.38,904.84
West Bengal,Pottery,Clay,108.14,6.3,74.0,466.2,4,5,Low,0.9,574.34,875.78,786.07
Telangana,Bamboo Toy,Cane,230.21,5.8,67.91,393.88,3,4,High,1.1,624.09,912.87,896.88
Gujarat,Bamboo Craft,Cane,77.15,4.3,68.07,292.7,3,4,Medium,1.0,369.85,580.17,528.45
West Bengal,Pottery,Clay,60.33,6.6,74.56,492.1,3,3,High,1.1,552.43,707.7,740.56
Uttar Pradesh,Home Decor,Cotton,199.57,5.4,74.8,403.92,1,5,Low,0.9,603.49,814.89,786.36
Uttar Pradesh,Handmade Jewelry,Brass,824.54,4.3,74.42,320.01,5,1,Low,0.9,1144.55,2069.34,1783.93
Rajasthan,Wood Craft,Bamboo,77.39,13.3,71.17,946.56,2,2,Medium,1.0,1023.95,1096.35,1209.56
Odisha,Textile Craft,Silk,663.94,5.5,63.86,351.23,4,5,High,1.1,1015.17,1730.34,1679.37
Odisha,Metal Craft,Brass,391.51,4.7,50.7,238.29,5,1,High,1.1,629.8,910.65,918.88
Uttar Pradesh,Pottery,Terracotta,208.78,8.6,48.75,419.25,5,1,High,1.1,628.03,765.59,866.0
Telangana,Wood Craft,Wood,355.9,7.8,78.41,611.6,5,2,Medium,1.0,967.5,1360.55,1332.98
Karnataka,Pottery,Clay,58.89,8.6,59.92,515.31,2,1,Medium,1.0,574.2,743.85,708.6
Odisha,Handmade Jewelry,Copper,577.8,3.3,56.71,187.14,4,3,High,1.1,764.94,1276.0,1313.42
Odisha,Bamboo Craft,Bamboo,239.37,3.5,72.22,252.77,4,4,High,1.1,492.14,723.18,754.09
Rajasthan,Wood Craft,Bamboo,171.66,9.6,59.86,574.66,4,5,Medium,1.0,746.32,1040.88,1093.7
Uttar Pradesh,Clay/Terracotta Toy,Clay,79.31,6.5,72.24,469.56,1,1,Low,0.9,548.87,771.32,661.05
Uttar Pradesh,Clay/Terracotta Toy,Clay,93.53,4.1,65.15,267.12,3,3,Low,0.9,360.64,464.65,459.27
Tamil Nadu,Handmade Jewelry,Silver,1246.83,10.4,60.19,625.98,1,3,High,1.1,1872.81,2369.13,2690.66
West Bengal,Pottery,Clay,171.79,8.9,52.22,464.76,3,4,High,1.1,636.55,847.49,915.14
West Bengal,Clay/Terracotta Toy,Clay,49.02,2.3,73.9,169.97,5,1,Very High,1.2,218.99,327.85,343.83
Odisha,Wood Craft,Bamboo,66.8,6.3,71.8,452.34,4,1,High,1.1,519.14,857.42,827.37
Tamil Nadu,Handmade Jewelry,Copper,731.3,9.9,73.92,731.81,4,3,Very High,1.2,1463.11,2330.85,2540.02
Andhra Pradesh,Clay/Terracotta Toy,Clay,123.15,2.9,57.29,166.14,3,1,High,1.1,289.29,343.85,391.24
Tamil Nadu,Textile Craft,Wool,276.92,3.4,81.63,277.54,1,3,Low,0.9,554.46,828.76,707.52
Kerala,Metal Craft,Copper,732.79,12.3,73.53,904.42,5,3,Low,0.9,1637.21,2194.04,2256.36
Andhra Pradesh,Bamboo Toy,Bamboo,85.51,2.8,50.06,140.17,3,3,Low,0.9,225.68,342.19,289.95
Rajasthan,Wood Craft,Wood,163.95,12.5,58.73,734.12,5,3,Very High,1.2,898.08,1463.55,1556.8
West Bengal,Bamboo Craft,Bamboo,133.39,9.2,75.34,693.13,1,4,High,1.1,826.52,1200.71,1182.89
Andhra Pradesh,Bamboo Toy,Cane,136.52,3.0,78.46,235.38,5,5,Medium,1.0,371.9,478.24,518.36
Rajasthan,Wood Craft,Bamboo,177.35,3.3,62.92,207.64,4,5,Low,0.9,384.99,591.06,547.27
Karnataka,Bamboo Toy,Bamboo,51.53,7.6,82.71,628.6,3,1,High,1.1,680.13,972.78,987.69
Andhra Pradesh,Home Decor,Wood,139.42,12.4,73.37,909.79,5,1,High,1.1,1049.21,1778.25,1659.09
Karnataka,Pottery,Terracotta,158.57,5.5,65.34,359.37,4,4,Medium,1.0,517.94,725.73,708.38
Rajasthan,Bamboo Craft,Cane,89.73,4.7,47.63,223.86,1,2,Low,0.9,313.59,411.18,364.6
Kerala,Metal Craft,Copper,828.26,4.8,79.62,382.18,2,1,High,1.1,1210.44,1913.23,1885.39
Rajasthan,Textile Craft,Wool,151.1,10.0,49.18,491.8,1,4,High,1.1,642.9,842.14,881.14
Kerala,Wood Craft,Bamboo,134.82,13.2,61.55,812.46,5,4,Very High,1.2,947.28,1582.53,1616.91
Tamil Nadu,Bamboo Toy,Cane,70.34,3.7,68.9,254.93,3,2,Low,0.9,325.27,379.11,378.15
Andhra Pradesh,Clay/Terracotta Toy,Clay,31.37,3.7,66.68,246.72,5,3,Very High,1.2,278.09,370.43,450.61
Andhra Pradesh,Clay/Terracotta Toy,Clay,73.04,4.3,72.21,310.5,2,1,Very High,1.2,383.54,472.56,517.92
West Bengal,Pottery,Clay,35.82,8.5,62.26,529.21,4,5,Medium,1.0,565.03,803.98,792.44
Gujarat,Home Decor,Bamboo,89.16,6.5,64.15,416.98,3,2,Very High,1.2,506.13,793.63,842.93
Rajasthan,Bamboo Craft,Bamboo,152.97,9.8,48.48,475.1,1,2,Low,0.9,628.07,819.68,761.1
Kerala,Clay/Terracotta Toy,Terracotta,163.36,2.1,60.29,126.61,4,3,Very High,1.2,289.97,441.42,475.3
Karnataka,Pottery,Terracotta,193.91,2.8,55.67,155.88,2,1,Low,0.9,349.79,506.87,439.29
Rajasthan,Wooden Toy,Wood,295.84,5.8,66.12,383.5,3,2,Very High,1.2,679.34,1107.92,1128.81
Uttar Pradesh,Home Decor,Clay,72.68,11.6,55.51,643.92,5,2,Very High,1.2,716.6,1006.47,1166.15
West Bengal,Wood Craft,Wood,118.4,12.9,78.63,1014.33,4,3,Very High,1.2,1132.73,1876.24,1883.18
West Bengal,Home Decor,Clay,89.97,4.6,65.82,302.77,5,1,Low,0.9,392.74,681.13,574.64
Uttar Pradesh,Handmade Jewelry,Copper,789.68,11.1,60.23,668.55,1,3,Low,0.9,1458.23,2024.48,1864.29
Karnataka,Textile Craft,Wool,385.42,8.6,84.21,724.21,3,4,High,1.1,1109.63,1903.29,1773.93
Tamil Nadu,Home Decor,Cotton,105.45,8.3,71.33,592.04,3,1,High,1.1,697.49,853.72,979.04
Odisha,Bamboo Toy,Bamboo,60.27,2.9,70.28,203.81,4,5,Very High,1.2,264.08,421.58,446.17
Kerala,Wood Craft,Wood,213.43,5.0,61.47,307.35,3,5,Medium,1.0,520.78,930.03,857.36
Rajasthan,Wood Craft,Wood,361.83,9.3,66.91,622.26,4,4,Medium,1.0,984.09,1319.77,1419.97
Tamil Nadu,Pottery,Terracotta,87.0,3.1,64.07,198.62,1,2,High,1.1,285.62,343.68,359.82
West Bengal,Handmade Jewelry,Copper,550.77,12.0,67.8,813.6,4,3,High,1.1,1364.37,1948.51,2197.76
West Bengal,Metal Craft,Brass,792.24,13.4,72.72,974.45,4,1,Very High,1.2,1766.69,2299.76,2582.54
Gujarat,Bamboo Craft,Bamboo,87.76,6.8,70.56,479.81,4,3,High,1.1,567.57,838.92,856.3
Kerala,Metal Craft,Iron,550.46,5.1,62.35,317.98,4,1,High,1.1,868.44,1507.88,1424.66
Odisha,Wooden Toy,Bamboo,231.21,6.6,58.62,386.89,3,4,High,1.1,618.1,1063.96,1026.13
Odisha,Bamboo Toy,Cane,101.48,6.4,73.53,470.59,2,2,Low,0.9,572.07,850.23,741.03
Gujarat,Textile Craft,Cotton,86.87,7.9,67.71,534.91,1,1,High,1.1,621.78,774.53,840.79
Telangana,Handmade Jewelry,Beads,115.24,9.8,52.43,513.81,1,5,High,1.1,629.05,934.87,1009.02
Kerala,Home Decor,Cotton,152.26,11.2,72.88,816.26,5,3,Medium,1.0,968.52,1487.9,1460.62
Gujarat,Bamboo Toy,Cane,187.55,7.2,62.22,447.98,1,5,High,1.1,635.53,805.64,855.46
Andhra Pradesh,Wood Craft,Wood,337.45,7.7,78.16,601.83,3,2,Medium,1.0,939.28,1212.3,1292.22
Odisha,Metal Craft,Brass,287.31,11.7,73.16,855.97,4,3,Very High,1.2,1143.28,2205.87,2163.09
Telangana,Pottery,Clay,101.5,5.9,53.12,313.41,1,3,Very High,1.2,414.91,643.7,645.09
Andhra Pradesh,Handmade Jewelry,Silver,525.66,8.5,61.08,519.18,5,3,Very High,1.2,1044.84,1870.16,2002.42
West Bengal,Pottery,Clay,32.1,7.8,55.57,433.45,2,2,Very High,1.2,465.55,594.06,639.83
West Bengal,Wood Craft,Wood,95.58,10.1,56.34,569.03,3,1,Low,0.9,664.61,978.39,875.66
Odisha,Home Decor,Wood,221.22,8.2,71.63,587.37,3,4,High,1.1,808.59,1325.21,1310.53
Gujarat,Wooden Toy,Wood,208.55,9.2,61.65,567.18,3,3,Low,0.9,775.73,939.64,934.54
Uttar Pradesh,Clay/Terracotta Toy,Clay,40.89,7.6,66.03,501.83,1,3,High,1.1,542.72,674.61,732.38
Tamil Nadu,Pottery,Terracotta,183.75,8.7,74.79,650.67,3,2,Medium,1.0,834.42,1200.42,1093.83
Tamil Nadu,Bamboo Craft,Cane,147.07,5.8,70.72,410.18,3,2,High,1.1,557.25,675.09,776.04
Uttar Pradesh,Clay/Terracotta Toy,Terracotta,53.18,3.2,49.56,158.59,4,2,Low,0.9,211.77,237.83,245.88
Telangana,Textile Craft,Cotton,89.09,8.6,79.15,680.69,3,4,Low,0.9,769.78,1361.49,1167.68
Tamil Nadu,Home Decor,Wood,193.44,5.5,67.46,371.03,5,1,Low,0.9,564.47,930.87,804.7
Telangana,Bamboo Craft,Cane,149.31,5.9,63.17,372.7,1,3,Medium,1.0,522.01,633.61,665.99
West Bengal,Wood Craft,Wood,302.86,11.0,62.9,691.9,5,1,Very High,1.2,994.76,1764.18,1730.47
Tamil Nadu,Bamboo Toy,Bamboo,112.63,7.6,84.85,644.86,3,2,Medium,1.0,757.49,1011.15,995.55
Karnataka,Bamboo Craft,Bamboo,202.6,7.7,68.88,530.38,1,1,Low,0.9,732.98,1061.79,885.45
Odisha,Wood Craft,Bamboo,109.61,13.4,61.06,818.2,4,4,Very High,1.2,927.81,1460.51,1584.79
Odisha,Bamboo Toy,Cane,84.06,2.7,68.32,184.46,5,5,Low,0.9,268.52,387.74,364.97
Gujarat,Metal Craft,Brass,796.92,15.8,70.83,1119.11,3,4,Low,0.9,1916.03,3325.96,2783.31
Tamil Nadu,Pottery,Clay,76.1,7.6,69.63,529.19,1,1,High,1.1,605.29,749.34,778.76
Odisha,Textile Craft,Wool,385.18,5.3,68.58,363.47,1,4,Very High,1.2,748.65,1026.56,1164.64
Rajasthan,Metal Craft,Brass,739.64,5.2,67.35,350.22,5,3,Very High,1.2,1089.86,1900.36,1885.78
Andhra Pradesh,Pottery,Terracotta,176.99,7.9,53.55,423.05,4,5,High,1.1,600.04,904.91,959.98
Odisha,Wooden Toy,Bamboo,196.88,3.0,63.71,191.13,4,1,High,1.1,388.01,454.49,497.3
West Bengal,Bamboo Craft,Bamboo,147.64,8.6,76.73,659.88,1,1,Very High,1.2,807.52,1135.07,1199.89
Kerala,Metal Craft,Copper,583.22,11.6,70.92,822.67,5,5,Very High,1.2,1405.89,2503.64,2489.38
Gujarat,Metal Craft,Brass,639.23,4.8,84.82,407.14,3,5,Very High,1.2,1046.37,1468.52,1647.77
Karnataka,Pottery,Terracotta,78.25,7.3,62.88,459.02,3,1,Very High,1.2,537.27,734.55,800.74
Tamil Nadu,Textile Craft,Wool,292.09,4.7,81.18,381.55,1,1,Very High,1.2,673.64,733.1,862.65
Karnataka,Wood Craft,Wood,310.38,10.9,69.99,762.89,4,4,Medium,1.0,1073.27,1738.21,1696.11
Telangana,Pottery,Clay,99.8,8.8,75.22,661.94,1,5,Very High,1.2,761.74,916.27,1132.99
Andhra Pradesh,Bamboo Craft,Cane,248.67,9.4,65.88,619.27,2,1,Low,0.9,867.94,923.18,998.13
Odisha,Bamboo Toy,Bamboo,124.17,3.5,53.03,185.61,1,3,High,1.1,309.78,340.78,398.41
Odisha,Bamboo Toy,Cane,154.99,7.7,73.11,562.95,1,2,Very High,1.2,717.94,808.25,956.58
Tamil Nadu,Clay/Terracotta Toy,Terracotta,61.88,4.3,79.66,342.54,2,1,Medium,1.0,404.42,458.66,471.71
Tamil Nadu,Wooden Toy,Wood,326.72,6.2,68.83,426.75,2,4,Very High,1.2,753.47,1010.9,1150.99
Rajasthan,Home Decor,Bamboo,122.27,3.8,49.4,187.72,1,4,Very High,1.2,309.99,466.59,497.4
Odisha,Wood Craft,Bamboo,109.29,10.2,59.6,607.92,3,5,Low,0.9,717.21,1019.12,1007.81
Rajasthan,Handmade Jewelry,Beads,322.69,4.1,57.86,237.23,4,4,Very High,1.2,559.92,777.04,963.36
Andhra Pradesh,Pottery,Clay,47.26,7.9,74.31,587.05,1,2,Medium,1.0,634.31,844.37,810.89
Rajasthan,Textile Craft,Wool,145.75,11.9,74.04,881.08,2,3,Medium,1.0,1026.83,1674.41,1536.93
Kerala,Bamboo Toy,Bamboo,98.06,3.5,72.83,254.91,2,4,Medium,1.0,352.97,408.62,443.02
Karnataka,Home Decor,Wood,87.2,4.7,74.89,351.98,1,4,Medium,1.0,439.18,685.7,628.96
Telangana,Pottery,Clay,89.84,7.2,58.62,422.06,3,1,Medium,1.0,511.9,652.31,655.7
Gujarat,Bamboo Craft,Bamboo,85.96,5.9,81.18,478.96,5,4,Low,0.9,564.92,1003.98,838.64
Gujarat,Home Decor,Clay,117.47,5.6,69.93,391.61,3,4,High,1.1,509.08,921.62,871.53
Telangana,Wooden Toy,Bamboo,144.41,9.3,56.36,524.15,1,4,Medium,1.0,668.56,874.89,851.56
Tamil Nadu,Clay/Terracotta Toy,Terracotta,120.49,3.5,67.59,236.56,4,1,Medium,1.0,357.06,461.77,468.13
West Bengal,Clay/Terracotta Toy,Terracotta,41.6,2.2,65.69,144.52,4,1,High,1.1,186.12,272.03,276.02
Karnataka,Metal Craft,Copper,835.64,5.1,70.52,359.65,2,4,Very High,1.2,1195.29,2037.46,2100.34
West Bengal,Bamboo Toy,Cane,263.35,7.7,58.6,451.22,3,5,Low,0.9,714.57,1256.99,1061.32
Andhra Pradesh,Wood Craft,Bamboo,153.35,7.8,53.13,414.41,2,5,Very High,1.2,567.76,875.37,944.6
Karnataka,Textile Craft,Silk,391.12,7.2,56.17,404.42,1,2,High,1.1,795.54,956.92,1015.86
Kerala,Bamboo Toy,Cane,124.88,7.9,86.95,686.91,1,3,Medium,1.0,811.79,999.14,1022.9
Odisha,Bamboo Toy,Bamboo,208.0,4.5,53.29,239.81,5,3,Low,0.9,447.81,595.79,570.19
Karnataka,Handmade Jewelry,Copper,571.63,6.7,63.52,425.58,2,5,Medium,1.0,997.21,1589.89,1509.2
Odisha,Home Decor,Clay,67.5,13.8,71.85,991.53,4,5,High,1.1,1059.03,1440.0,1581.67
Odisha,Clay/Terracotta Toy,Terracotta,187.98,2.5,68.0,170.0,3,4,Very High,1.2,357.98,515.33,540.65
Karnataka,Wood Craft,Wood,304.67,5.5,64.08,352.44,4,3,Very High,1.2,657.11,902.35,1082.22
Uttar Pradesh,Bamboo Craft,Cane,248.01,6.8,66.5,452.2,3,3,Very High,1.2,700.21,1009.44,1125.44
Andhra Pradesh,Bamboo Craft,Cane,209.55,7.0,68.78,481.46,4,4,Very High,1.2,691.01,891.9,1033.84
Andhra Pradesh,Wooden Toy,Wood,179.91,7.5,65.81,493.58,2,1,Medium,1.0,673.49,989.47,915.54
Andhra Pradesh,Home Decor,Cotton,250.42,5.4,71.85,387.99,2,1,High,1.1,638.41,883.19,910.27
Tamil Nadu,Wooden Toy,Wood,169.98,8.5,60.95,518.08,2,2,Medium,1.0,688.06,961.54,928.85
Odisha,Clay/Terracotta Toy,Terracotta,148.52,6.9,59.53,410.76,2,4,Very High,1.2,559.28,693.41,807.69
Rajasthan,Clay/Terracotta Toy,Terracotta,85.77,3.5,63.8,223.3,4,4,Low,0.9,309.07,566.39,478.46
Gujarat,Pottery,Clay,72.63,6.4,62.42,399.49,2,5,Medium,1.0,472.12,671.8,630.09
Odisha,Wooden Toy,Bamboo,124.08,2.3,60.66,139.52,5,4,Medium,1.0,263.6,425.45,414.96
Tamil Nadu,Wood Craft,Wood,348.26,6.5,72.16,469.04,4,2,Low,0.9,817.3,1204.7,1085.32
Andhra Pradesh,Wooden Toy,Bamboo,114.62,5.8,50.99,295.74,5,5,Very High,1.2,410.36,553.81,686.77
Kerala,Home Decor,Bamboo,169.48,6.2,71.43,442.87,5,5,Very High,1.2,612.35,1014.2,1051.49
Uttar Pradesh,Metal Craft,Iron,298.25,13.3,74.06,985.0,5,3,Medium,1.0,1283.25,1625.14,1735.15
West Bengal,Clay/Terracotta Toy,Terracotta,208.44,5.1,69.42,354.04,1,2,Very High,1.2,562.48,630.64,738.36
Andhra Pradesh,Home Decor,Clay,73.28,12.4,67.34,835.02,5,1,Medium,1.0,908.3,1168.86,1190.13
Gujarat,Textile Craft,Cotton,122.57,4.9,79.45,389.31,5,5,Medium,1.0,511.88,767.35,753.71
Uttar Pradesh,Bamboo Toy,Bamboo,77.27,6.3,63.99,403.14,5,5,Medium,1.0,480.41,727.54,696.98
Odisha,Home Decor,Wood,348.89,12.3,48.33,594.46,5,3,High,1.1,943.35,1339.64,1469.54
Rajasthan,Wood Craft,Bamboo,181.99,10.6,62.81,665.79,4,2,Very High,1.2,847.78,1466.64,1451.06
Gujarat,Home Decor,Wood,381.05,4.2,63.28,265.78,3,1,High,1.1,646.83,888.97,978.99
Karnataka,Clay/Terracotta Toy,Terracotta,140.95,2.6,55.35,143.91,2,2,High,1.1,284.86,349.71,383.54
Uttar Pradesh,Pottery,Clay,127.37,7.2,54.96,395.71,5,1,Medium,1.0,523.08,752.4,749.04
Tamil Nadu,Textile Craft,Wool,166.74,4.5,84.47,380.12,5,1,Low,0.9,546.86,777.66,745.42
Rajasthan,Metal Craft,Copper,572.7,10.9,54.89,598.3,4,5,Medium,1.0,1171.0,2209.78,1970.07
Andhra Pradesh,Clay/Terracotta Toy,Terracotta,185.97,4.8,79.81,383.09,2,3,Low,0.9,569.06,763.02,732.98
Gujarat,Metal Craft,Brass,408.5,14.5,68.54,993.83,2,4,Very High,1.2,1402.33,2176.57,2404.3
Karnataka,Wooden Toy,Bamboo,117.04,4.1,66.31,271.87,5,1,High,1.1,388.91,467.32,517.9
Karnataka,Bamboo Craft,Cane,214.38,8.2,59.17,485.19,3,2,Very High,1.2,699.57,1127.58,1160.76
Andhra Pradesh,Bamboo Craft,Bamboo,152.4,10.0,66.58,665.8,4,2,Medium,1.0,818.2,1319.32,1234.04
Telangana,Bamboo Craft,Bamboo,53.72,8.0,77.41,619.28,5,1,Medium,1.0,673.0,1063.32,999.77
Tamil Nadu,Wood Craft,Wood,191.17,13.7,72.33,990.92,5,5,High,1.1,1182.09,2218.42,2105.82
Gujarat,Bamboo Toy,Cane,279.46,5.3,75.31,399.14,5,5,Low,0.9,678.6,1000.46,957.04
Uttar Pradesh,Wood Craft,Bamboo,79.86,12.2,46.99,573.28,3,4,Medium,1.0,653.14,948.76,945.46
Karnataka,Wooden Toy,Bamboo,182.71,2.3,72.49,166.73,2,1,High,1.1,349.44,469.37,462.23
Odisha,Clay/Terracotta Toy,Terracotta,170.19,7.8,67.77,528.61,4,4,Medium,1.0,698.8,1117.33,1064.45
Tamil Nadu,Handmade Jewelry,Silver,882.43,4.6,69.33,318.92,2,2,High,1.1,1201.35,1889.66,1956.87
West Bengal,Handmade Jewelry,Silver,673.18,11.1,59.41,659.45,3,5,High,1.1,1332.63,2518.83,2396.29
Tamil Nadu,Wood Craft,Wood,156.31,3.1,66.38,205.78,2,2,Very High,1.2,362.09,439.09,533.67
Andhra Pradesh,Home Decor,Wood,348.36,8.3,65.35,542.4,2,1,Low,0.9,890.76,1225.08,1088.57
Uttar Pradesh,Metal Craft,Iron,519.23,6.9,69.28,478.03,3,1,High,1.1,997.26,1525.94,1543.96
Gujarat,Bamboo Craft,Cane,146.69,8.1,69.42,562.3,2,1,High,1.1,708.99,847.76,956.77
Uttar Pradesh,Bamboo Toy,Bamboo,50.55,7.1,57.4,407.54,1,4,High,1.1,458.09,666.96,650.3
Uttar Pradesh,Handmade Jewelry,Brass,392.97,2.2,49.2,108.24,3,2,Very High,1.2,501.21,824.68,871.44
West Bengal,Bamboo Craft,Bamboo,137.86,11.3,57.75,652.58,5,2,Medium,1.0,790.44,1366.4,1231.48
Uttar Pradesh,Clay/Terracotta Toy,Clay,176.85,4.5,51.56,232.02,5,2,Very High,1.2,408.87,512.91,600.59
Gujarat,Bamboo Toy,Cane,245.91,4.6,76.67,352.68,1,3,High,1.1,598.59,848.84,806.64
West Bengal,Metal Craft,Brass,267.38,5.6,70.34,393.9,3,3,Low,0.9,661.28,885.83,830.47
Odisha,Handmade Jewelry,Brass,852.29,3.0,68.58,205.74,1,3,Low,0.9,1058.03,1463.58,1389.02
West Bengal,Metal Craft,Iron,460.31,14.3,79.52,1137.14,1,3,High,1.1,1597.45,2662.63,2607.64
Odisha,Home Decor,Clay,150.23,4.4,71.99,316.76,1,2,High,1.1,466.99,671.78,639.77
Kerala,Metal Craft,Iron,331.21,4.1,83.38,341.86,2,2,Low,0.9,673.07,1045.93,917.64
Kerala,Clay/Terracotta Toy,Clay,30.99,2.2,77.17,169.77,4,4,Low,0.9,200.76,348.79,291.47
Uttar Pradesh,Wooden Toy,Wood,179.73,4.3,69.22,297.65,3,2,Medium,1.0,477.38,701.14,681.47
Andhra Pradesh,Wood Craft,Wood,250.48,7.4,73.77,545.9,4,2,Medium,1.0,796.38,1401.36,1238.86
Odisha,Pottery,Terracotta,69.45,6.0,69.03,414.18,2,3,Very High,1.2,483.63,791.2,785.48
Telangana,Wood Craft,Bamboo,140.74,10.3,55.46,571.24,1,5,Medium,1.0,711.98,1144.4,1026.02
Kerala,Pottery,Terracotta,58.96,4.5,72.49,326.2,3,5,Very High,1.2,385.16,444.43,545.88
Rajasthan,Textile Craft,Wool,179.02,8.9,45.4,404.06,3,5,Low,0.9,583.08,943.35,814.98
Gujarat,Bamboo Craft,Cane,199.95,9.0,76.57,689.13,2,4,Medium,1.0,889.08,1126.18,1200.3
Karnataka,Wooden Toy,Wood,208.57,9.1,84.49,768.86,2,5,Medium,1.0,977.43,1508.59,1363.34
Rajasthan,Textile Craft,Cotton,252.16,6.6,62.95,415.47,2,3,Medium,1.0,667.63,761.84,841.63
Uttar Pradesh,Home Decor,Wood,131.85,13.8,74.82,1032.52,4,4,High,1.1,1164.37,1795.19,1779.29
Kerala,Handmade Jewelry,Beads,89.66,10.5,82.57,866.98,4,2,High,1.1,956.64,1411.7,1573.54
Rajasthan,Bamboo Craft,Bamboo,177.07,11.0,54.96,604.56,3,4,Low,0.9,781.63,1151.22,1029.04
Telangana,Handmade Jewelry,Beads,287.0,7.9,57.13,451.33,3,1,Low,0.9,738.33,960.95,973.93
Andhra Pradesh,Home Decor,Bamboo,57.05,10.6,75.86,804.12,4,2,Very High,1.2,861.17,1494.63,1489.59
Kerala,Pottery,Terracotta,120.08,8.0,68.14,545.12,3,5,Very High,1.2,665.2,855.66,1009.34
Telangana,Metal Craft,Iron,294.69,9.7,69.56,674.73,2,1,Very High,1.2,969.42,1437.54,1430.66
Odisha,Clay/Terracotta Toy,Terracotta,171.25,4.4,66.59,293.0,2,1,Low,0.9,464.25,500.53,533.88
Kerala,Wood Craft,Wood,348.24,5.3,78.87,418.01,2,2,Very High,1.2,766.25,1176.21,1183.31
Gujarat,Bamboo Toy,Bamboo,196.53,8.0,57.12,456.96,2,3,Medium,1.0,653.49,758.16,802.38
Uttar Pradesh,Clay/Terracotta Toy,Clay,139.31,2.8,59.11,165.51,5,2,Very High,1.2,304.82,420.06,453.57
Uttar Pradesh,Home Decor,Clay,155.22,5.5,72.69,399.79,3,3,Low,0.9,555.01,932.83,823.95
West Bengal,Metal Craft,Copper,512.07,8.4,58.57,491.99,3,1,High,1.1,1004.06,1526.42,1443.34
Uttar Pradesh,Metal Craft,Brass,784.65,7.2,47.01,338.47,4,2,Low,0.9,1123.12,1332.98,1360.19
Odisha,Home Decor,Cotton,243.87,11.6,49.78,577.45,5,2,Very High,1.2,821.32,1294.33,1398.55
Odisha,Wooden Toy,Bamboo,111.12,3.1,54.28,168.27,1,1,Very High,1.2,279.39,392.38,388.29
Gujarat,Home Decor,Clay,52.99,6.9,59.09,407.72,3,1,High,1.1,460.71,837.0,786.05
Rajasthan,Clay/Terracotta Toy,Clay,169.6,4.4,66.73,293.61,5,3,Low,0.9,463.21,829.01,711.59
Andhra Pradesh,Metal Craft,Brass,812.14,8.0,71.58,572.64,5,2,High,1.1,1384.78,1920.8,2045.48
Rajasthan,Bamboo Craft,Cane,214.58,3.9,74.22,289.46,4,5,Low,0.9,504.04,848.06,734.0
Rajasthan,Bamboo Craft,Bamboo,155.67,5.6,60.87,340.87,4,1,Very High,1.2,496.54,740.36,744.21
West Bengal,Metal Craft,Iron,536.6,13.7,60.5,828.85,2,3,High,1.1,1365.45,2282.54,2220.81
Tamil Nadu,Metal Craft,Copper,529.81,9.6,69.6,668.16,2,4,Medium,1.0,1197.97,1453.72,1583.43
Kerala,Textile Craft,Wool,349.9,3.5,74.02,259.07,5,1,Low,0.9,608.97,902.95,826.18
West Bengal,Textile Craft,Wool,206.25,4.8,57.83,277.58,3,4,Medium,1.0,483.83,658.92,661.54
West Bengal,Handmade Jewelry,Silver,1157.26,11.7,51.73,605.24,3,1,Very High,1.2,1762.5,2513.14,2807.92
Odisha,Home Decor,Bamboo,61.33,10.7,56.98,609.69,1,5,Very High,1.2,671.02,1263.97,1237.16
Uttar Pradesh,Wooden Toy,Bamboo,154.88,4.6,46.62,214.45,5,2,High,1.1,369.33,485.34,535.52
Rajasthan,Pottery,Terracotta,54.05,2.4,66.37,159.29,5,1,Very High,1.2,213.34,303.05,319.63
Karnataka,Bamboo Toy,Cane,71.84,2.5,78.66,196.65,2,3,Very High,1.2,268.49,352.49,386.39
Rajasthan,Handmade Jewelry,Silver,904.28,9.9,65.95,652.91,2,5,High,1.1,1557.18,2379.55,2419.61
Telangana,Home Decor,Wood,220.27,5.4,65.36,352.94,4,5,High,1.1,573.21,997.15,970.39
Odisha,Handmade Jewelry,Brass,546.03,2.3,65.83,151.41,2,5,High,1.1,697.44,1001.8,1137.41
Karnataka,Pottery,Clay,108.78,7.5,75.65,567.38,2,1,Very High,1.2,676.15,823.73,954.94
Gujarat,Textile Craft,Wool,259.69,8.4,66.5,558.6,1,1,Low,0.9,818.29,1170.77,985.49
Odisha,Bamboo Toy,Cane,70.66,6.5,50.18,326.17,1,2,Medium,1.0,396.83,410.01,456.35
Andhra Pradesh,Bamboo Toy,Bamboo,231.52,4.0,77.17,308.68,1,2,Medium,1.0,540.2,767.4,705.25
Tamil Nadu,Pottery,Clay,173.29,3.5,69.66,243.81,4,1,Very High,1.2,417.1,554.74,619.25
Gujarat,Clay/Terracotta Toy,Terracotta,80.29,6.3,64.11,403.89,2,4,Medium,1.0,484.18,705.53,664.39
West Bengal,Bamboo Craft,Cane,114.14,9.5,67.23,638.69,4,3,Very High,1.2,752.83,1021.64,1152.75
Tamil Nadu,Wooden Toy,Bamboo,181.98,8.6,66.78,574.31,3,5,Medium,1.0,756.29,1181.99,1096.46
Uttar Pradesh,Bamboo Craft,Bamboo,55.38,7.1,62.77,445.67,3,4,Low,0.9,501.05,847.98,734.72
Gujarat,Clay/Terracotta Toy,Terracotta,151.08,3.8,77.43,294.23,3,1,Very High,1.2,445.31,675.77,691.51
Gujarat,Metal Craft,Iron,175.24,15.2,74.58,1133.62,1,1,High,1.1,1308.86,1675.03,1840.4
West Bengal,Bamboo Toy,Bamboo,170.17,6.8,74.91,509.39,2,5,High,1.1,679.56,989.48,976.68
Gujarat,Bamboo Toy,Bamboo,176.29,5.0,70.87,354.35,1,1,Low,0.9,530.64,580.83,610.24
Odisha,Handmade Jewelry,Brass,353.76,7.9,71.26,562.95,3,2,High,1.1,916.71,1397.88,1383.79
West Bengal,Handmade Jewelry,Brass,546.04,4.6,54.79,252.03,1,2,Low,0.9,798.07,1303.45,1129.64
Rajasthan,Pottery,Clay,32.05,5.9,47.91,282.67,2,3,High,1.1,314.72,425.14,452.19
Andhra Pradesh,Metal Craft,Iron,166.06,4.3,55.68,239.42,5,2,Very High,1.2,405.48,684.87,696.45
Kerala,Wood Craft,Bamboo,76.43,8.9,65.27,580.9,3,5,High,1.1,657.33,955.79,1044.4
Odisha,Pottery,Clay,96.08,3.9,72.65,283.34,4,3,Low,0.9,379.42,538.01,510.81
Uttar Pradesh,Wood Craft,Wood,80.18,12.5,58.58,732.25,4,3,Low,0.9,812.43,1212.28,1109.52
Odisha,Pottery,Clay,163.58,9.0,61.11,549.99,5,3,Very High,1.2,713.57,1055.06,1196.11
Odisha,Handmade Jewelry,Copper,436.18,9.0,69.39,624.51,4,5,Very High,1.2,1060.69,1425.19,1749.45
Tamil Nadu,Bamboo Craft,Cane,105.95,4.2,73.01,306.64,4,2,Medium,1.0,412.59,542.71,578.16
Kerala,Home Decor,Clay,130.94,5.7,75.6,430.92,3,5,Very High,1.2,561.86,824.8,907.61
Telangana,Textile Craft,Silk,547.19,4.1,65.03,266.62,2,2,High,1.1,813.81,1187.07,1168.43
Telangana,Bamboo Toy,Bamboo,137.52,7.8,54.99,428.92,1,4,Very High,1.2,566.44,813.13,825.1
Telangana,Metal Craft,Copper,331.66,9.3,62.86,584.6,4,2,Medium,1.0,916.26,1148.78,1245.42
Rajasthan,Bamboo Craft,Cane,68.07,3.2,62.47,199.9,3,3,High,1.1,267.97,419.03,411.63
Tamil Nadu,Bamboo Toy,Cane,217.07,5.0,80.77,403.85,4,4,Medium,1.0,620.92,1046.38,958.6
West Bengal,Handmade Jewelry,Copper,543.79,3.4,66.65,226.61,3,4,Low,0.9,770.4,1513.62,1269.57
Rajasthan,Clay/Terracotta Toy,Clay,58.55,4.3,63.2,271.76,3,2,Medium,1.0,330.31,435.59,454.89
Andhra Pradesh,Pottery,Clay,79.69,6.3,66.0,415.8,4,2,Medium,1.0,495.49,706.46,710.39
Rajasthan,Metal Craft,Copper,486.13,9.0,57.76,519.84,4,1,Very High,1.2,1005.97,1613.55,1636.55
Odisha,Textile Craft,Wool,247.17,10.1,63.28,639.13,2,2,Very High,1.2,886.3,1335.34,1371.05
Karnataka,Clay/Terracotta Toy,Terracotta,172.33,6.9,69.76,481.34,5,4,Low,0.9,653.67,901.7,846.99
Rajasthan,Wooden Toy,Wood,271.21,8.7,53.44,464.93,4,3,Low,0.9,736.14,1098.38,1019.5
West Bengal,Textile Craft,Cotton,196.25,3.5,77.28,270.48,2,3,Medium,1.0,466.73,779.07,714.71
Uttar Pradesh,Home Decor,Bamboo,235.95,5.0,52.35,261.75,1,1,High,1.1,497.7,562.8,653.54
West Bengal,Bamboo Craft,Cane,173.97,4.5,58.4,262.8,5,4,Low,0.9,436.77,591.77,581.01
Uttar Pradesh,Bamboo Craft,Cane,108.19,4.0,47.03,188.12,1,3,High,1.1,296.31,394.55,391.55
Karnataka,Wood Craft,Bamboo,143.8,3.3,79.18,261.29,3,2,Very High,1.2,405.09,466.03,564.88
Kerala,Wooden Toy,Bamboo,63.43,3.8,81.88,311.14,3,2,High,1.1,374.57,582.14,554.67
Telangana,Textile Craft,Cotton,197.33,4.2,69.59,292.28,1,4,High,1.1,489.61,641.67,698.02
Gujarat,Clay/Terracotta Toy,Terracotta,165.06,4.1,82.55,338.45,5,4,Medium,1.0,503.51,716.76,730.26
Andhra Pradesh,Metal Craft,Brass,826.14,12.3,50.08,615.98,5,1,High,1.1,1442.12,1808.63,2106.11
Gujarat,Wooden Toy,Bamboo,211.67,8.7,61.53,535.31,1,3,Medium,1.0,746.98,1032.19,999.07
Odisha,Handmade Jewelry,Beads,130.37,12.0,71.59,859.08,5,5,Medium,1.0,989.45,1715.63,1695.49
Rajasthan,Clay/Terracotta Toy,Terracotta,175.52,4.8,68.89,330.67,3,3,Medium,1.0,506.19,730.86,681.41
Andhra Pradesh,Textile Craft,Cotton,312.92,8.3,72.88,604.9,3,4,High,1.1,917.82,1224.87,1321.07
Kerala,Wood Craft,Wood,367.84,8.5,66.24,563.04,5,3,High,1.1,930.88,1531.94,1485.45
West Bengal,Pottery,Terracotta,166.83,4.8,52.9,253.92,1,4,Low,0.9,420.75,506.5,500.09
Tamil Nadu,Home Decor,Cotton,154.61,5.9,84.78,500.2,2,4,High,1.1,654.81,813.17,897.26
Karnataka,Bamboo Toy,Cane,238.22,7.5,79.47,596.02,1,3,Medium,1.0,834.25,931.5,1017.45
Tamil Nadu,Bamboo Toy,Bamboo,192.26,4.7,57.7,271.19,4,1,Low,0.9,463.45,569.01,558.19
Andhra Pradesh,Bamboo Toy,Bamboo,112.31,4.2,64.39,270.44,4,5,High,1.1,382.75,511.79,552.27
Telangana,Textile Craft,Silk,584.24,7.1,68.34,485.21,5,2,Very High,1.2,1069.45,1468.3,1702.96
Uttar Pradesh,Bamboo Toy,Bamboo,221.39,4.9,47.59,233.19,2,5,Very High,1.2,454.58,610.07,700.79
Odisha,Bamboo Toy,Cane,145.16,2.3,73.34,168.68,1,5,Low,0.9,313.84,513.96,433.74
Tamil Nadu,Metal Craft,Iron,348.18,7.5,55.44,415.8,4,5,Medium,1.0,763.98,1003.52,1087.73
Tamil Nadu,Wooden Toy,Bamboo,169.37,3.3,70.97,234.2,3,3,High,1.1,403.57,613.75,629.18
Gujarat,Wooden Toy,Bamboo,139.07,5.4,68.09,367.69,4,3,High,1.1,506.76,674.6,716.58
Telangana,Metal Craft,Copper,385.65,9.1,51.75,470.92,5,5,High,1.1,856.57,1513.73,1523.04
Rajasthan,Textile Craft,Wool,213.2,9.8,54.59,534.98,1,4,Very High,1.2,748.18,1133.33,1175.83
Gujarat,Home Decor,Wood,139.97,8.1,78.64,636.98,3,3,Medium,1.0,776.95,1314.03,1206.39
Telangana,Home Decor,Clay,39.11,11.8,53.77,634.49,1,4,High,1.1,673.6,884.04,1002.13
Karnataka,Handmade Jewelry,Beads,282.97,10.3,66.72,687.22,1,3,Very High,1.2,970.19,1674.94,1684.59
West Bengal,Bamboo Craft,Cane,260.72,6.4,76.82,491.65,1,5,Medium,1.0,752.37,1184.93,1091.14
Odisha,Handmade Jewelry,Brass,737.77,9.7,66.26,642.72,2,4,Medium,1.0,1380.49,2325.63,2054.08
West Bengal,Textile Craft,Silk,386.76,8.5,53.83,457.56,2,2,Medium,1.0,844.32,1180.12,1112.27
Uttar Pradesh,Wood Craft,Bamboo,87.88,8.3,60.97,506.05,2,4,Low,0.9,593.93,912.07,839.86
Telangana,Bamboo Toy,Cane,146.98,3.8,56.78,215.76,4,2,High,1.1,362.74,474.74,495.46
Gujarat,Wooden Toy,Bamboo,109.0,6.2,82.42,511.0,4,3,High,1.1,620.0,914.95,899.47
West Bengal,Pottery,Terracotta,172.3,3.8,68.47,260.19,2,5,Very High,1.2,432.49,572.43,682.93
Gujarat,Bamboo Toy,Bamboo,91.12,7.2,75.2,541.44,2,4,Low,0.9,632.56,962.1,809.04
Karnataka,Metal Craft,Copper,496.77,4.6,58.39,268.59,3,3,Low,0.9,765.36,1266.68,1116.76
Karnataka,Clay/Terracotta Toy,Clay,126.75,2.8,78.62,220.14,5,2,Very High,1.2,346.89,544.13,585.56
Karnataka,Clay/Terracotta Toy,Terracotta,147.91,4.3,64.83,278.77,1,1,Low,0.9,426.68,582.27,516.04
West Bengal,Wooden Toy,Wood,397.81,6.3,68.26,430.04,3,4,Very High,1.2,827.85,1201.45,1249.53
Gujarat,Bamboo Toy,Bamboo,213.6,5.8,81.3,471.54,2,5,Medium,1.0,685.14,892.43,892.24
Telangana,Handmade Jewelry,Copper,637.66,2.9,63.91,185.34,5,1,Medium,1.0,823.0,1577.65,1403.7
Odisha,Home Decor,Bamboo,143.05,10.6,55.57,589.04,1,1,Very High,1.2,732.09,957.32,1111.81
Andhra Pradesh,Bamboo Craft,Bamboo,113.2,6.7,54.49,365.08,1,3,Medium,1.0,478.28,622.68,639.97
Telangana,Textile Craft,Silk,395.39,11.2,68.61,768.43,3,3,Low,0.9,1163.82,1540.46,1516.54
Andhra Pradesh,Pottery,Clay,78.95,8.0,61.54,492.32,5,3,High,1.1,571.27,802.57,890.29
Andhra Pradesh,Wood Craft,Wood,123.59,5.8,65.31,378.8,4,3,Low,0.9,502.39,685.18,650.48
Telangana,Metal Craft,Brass,733.96,15.0,58.47,877.05,2,4,Low,0.9,1611.01,2697.5,2254.4
Rajasthan,Bamboo Toy,Cane,188.16,2.3,56.44,129.81,1,4,Very High,1.2,317.97,371.31,453.79
Rajasthan,Pottery,Terracotta,166.28,8.1,63.85,517.18,2,2,Medium,1.0,683.46,759.79,814.35
Tamil Nadu,Handmade Jewelry,Beads,399.68,6.3,81.14,511.18,2,4,High,1.1,910.86,1559.46,1506.62
Rajasthan,Bamboo Toy,Bamboo,72.45,7.8,74.02,577.36,1,4,Medium,1.0,649.81,833.89,817.26
Kerala,Metal Craft,Iron,427.46,4.6,71.51,328.95,1,4,Very High,1.2,756.41,1286.78,1291.46
Odisha,Metal Craft,Brass,788.46,8.6,71.69,616.53,3,2,High,1.1,1404.99,2250.7,2191.05
Kerala,Textile Craft,Wool,213.57,10.6,73.08,774.65,3,5,Very High,1.2,988.22,1153.69,1436.27
Odisha,Wooden Toy,Bamboo,155.12,3.4,64.42,219.03,1,4,Medium,1.0,374.15,440.88,466.88
Telangana,Bamboo Craft,Bamboo,205.16,11.9,61.06,726.61,4,4,Medium,1.0,931.77,1546.24,1422.86
Kerala,Home Decor,Bamboo,132.85,5.5,66.45,365.48,4,1,High,1.1,498.33,656.09,717.22
West Bengal,Bamboo Toy,Bamboo,249.84,3.9,71.25,277.88,2,4,Medium,1.0,527.72,610.84,669.93
Odisha,Pottery,Terracotta,196.76,4.9,74.05,362.85,4,1,Very High,1.2,559.61,697.17,821.33
Uttar Pradesh,Handmade Jewelry,Copper,728.57,5.4,50.61,273.29,3,1,High,1.1,1001.86,1142.12,1334.86
West Bengal,Clay/Terracotta Toy,Clay,63.26,4.0,72.78,291.12,3,5,High,1.1,354.38,446.31,517.76
Telangana,Home Decor,Bamboo,101.7,13.0,76.55,995.15,4,5,Low,0.9,1096.85,2098.35,1808.36
Andhra Pradesh,Pottery,Terracotta,182.47,8.6,52.38,450.47,4,2,Medium,1.0,632.94,996.26,919.44
Karnataka,Bamboo Craft,Cane,235.09,5.3,74.63,395.54,4,4,High,1.1,630.63,926.72,929.18
West Bengal,Wood Craft,Wood,90.76,5.4,50.74,274.0,4,5,High,1.1,364.76,531.37,572.28
Andhra Pradesh,Clay/Terracotta Toy,Clay,71.65,4.6,77.74,357.6,3,3,Very High,1.2,429.25,535.08,634.75
West Bengal,Handmade Jewelry,Brass,534.28,11.1,58.72,651.79,4,3,Medium,1.0,1186.07,2180.55,2036.5
Gujarat,Wooden Toy,Wood,335.93,2.5,60.9,152.25,5,3,Low,0.9,488.18,808.43,677.73
West Bengal,Metal Craft,Iron,528.52,12.6,62.39,786.11,1,2,High,1.1,1314.63,1714.8,1828.26
Odisha,Bamboo Toy,Bamboo,50.23,2.1,68.06,142.93,4,1,Low,0.9,193.16,294.2,252.97
Karnataka,Bamboo Toy,Bamboo,149.84,7.6,73.98,562.25,4,2,Very High,1.2,712.09,1062.84,1135.41
Tamil Nadu,Home Decor,Cotton,103.02,5.9,55.19,325.62,1,5,Low,0.9,428.64,749.82,644.28
Gujarat,Wood Craft,Bamboo,198.69,10.0,71.14,711.4,4,2,Low,0.9,910.09,1037.09,1072.61
Uttar Pradesh,Bamboo Craft,Cane,207.66,3.3,66.07,218.03,1,1,High,1.1,425.69,546.5,550.52
Telangana,Metal Craft,Copper,650.57,13.7,70.31,963.25,2,5,Low,0.9,1613.82,2594.79,2388.93
Andhra Pradesh,Home Decor,Wood,91.05,3.8,54.28,206.26,1,3,High,1.1,297.31,347.99,405.3
West Bengal,Textile Craft,Wool,160.76,7.7,71.85,553.25,1,1,Low,0.9,714.0,831.6,821.11
Andhra Pradesh,Handmade Jewelry,Beads,388.14,4.6,63.07,290.12,1,1,Very High,1.2,678.26,1039.91,1047.06
Odisha,Bamboo Toy,Bamboo,216.28,3.7,74.52,275.72,1,1,Medium,1.0,492.0,609.39,584.89
Gujarat,Bamboo Toy,Bamboo,110.07,4.2,68.29,286.82,3,1,Medium,1.0,396.89,625.02,555.68
Karnataka,Pottery,Terracotta,41.39,7.2,64.84,466.85,2,2,Very High,1.2,508.24,615.96,717.16
Gujarat,Bamboo Craft,Cane,258.38,3.2,71.59,229.09,5,2,High,1.1,487.47,652.27,713.56
West Bengal,Wooden Toy,Bamboo,167.72,7.8,73.57,573.85,4,4,Low,0.9,741.57,1182.18,1037.79
Tamil Nadu,Home Decor,Bamboo,76.89,7.4,67.02,495.95,4,4,Medium,1.0,572.84,918.39,919.0
Odisha,Textile Craft,Cotton,131.56,4.8,51.51,247.25,5,3,Very High,1.2,378.81,652.09,667.12
Uttar Pradesh,Wooden Toy,Bamboo,133.26,4.6,68.99,317.35,4,4,High,1.1,450.61,786.12,756.34
West Bengal,Home Decor,Cotton,162.21,10.4,70.75,735.8,4,2,Low,0.9,898.01,1403.88,1289.31
Kerala,Clay/Terracotta Toy,Clay,175.6,7.9,89.87,709.97,1,2,Medium,1.0,885.57,940.99,1018.41
Kerala,Textile Craft,Wool,332.38,6.5,62.53,406.44,4,1,High,1.1,738.83,1273.62,1204.76
Gujarat,Clay/Terracotta Toy,Terracotta,67.3,5.4,76.16,411.26,3,5,Very High,1.2,478.56,821.54,843.65
West Bengal,Home Decor,Cotton,213.46,6.6,60.09,396.59,4,2,High,1.1,610.05,908.08,970.99
Tamil Nadu,Bamboo Craft,Cane,270.2,5.2,63.07,327.96,3,5,High,1.1,598.16,738.44,835.23
Gujarat,Metal Craft,Copper,256.94,4.0,70.23,280.92,2,3,Low,0.9,537.86,869.83,750.44
Kerala,Metal Craft,Iron,534.15,8.3,69.45,576.44,4,2,High,1.1,1110.59,1541.25,1702.54
Odisha,Pottery,Clay,78.59,2.1,64.6,135.66,1,2,Very High,1.2,214.25,280.53,293.45
Andhra Pradesh,Wood Craft,Wood,160.05,7.8,78.15,609.57,5,4,Medium,1.0,769.62,1452.05,1290.22
Kerala,Metal Craft,Brass,581.54,15.8,82.24,1299.39,1,1,High,1.1,1880.93,2170.77,2472.22
Tamil Nadu,Home Decor,Cotton,122.0,5.8,60.24,349.39,3,1,Medium,1.0,471.39,730.89,704.99
Uttar Pradesh,Metal Craft,Iron,284.27,8.0,45.46,363.68,1,5,Very High,1.2,647.95,845.36,1014.92
Gujarat,Handmade Jewelry,Brass,889.47,11.2,69.34,776.61,3,2,Medium,1.0,1666.08,2851.82,2548.3
Andhra Pradesh,Home Decor,Cotton,175.58,8.3,51.05,423.72,3,3,High,1.1,599.3,802.01,837.42
Kerala,Clay/Terracotta Toy,Clay,42.85,2.4,83.79,201.1,4,3,Medium,1.0,243.95,320.91,320.6
Rajasthan,Wood Craft,Bamboo,191.55,6.0,74.39,446.34,3,3,Medium,1.0,637.89,967.66,919.81
Karnataka,Wood Craft,Wood,396.31,6.5,71.37,463.91,2,3,Low,0.9,860.22,1207.49,1119.27
Karnataka,Metal Craft,Copper,457.23,9.5,81.78,776.91,5,2,Very High,1.2,1234.14,1646.12,1867.06
Gujarat,Handmade Jewelry,Copper,308.74,8.5,55.57,472.35,1,2,Medium,1.0,781.09,1277.08,1127.89
Gujarat,Wood Craft,Bamboo,115.38,13.6,58.99,802.26,4,3,Medium,1.0,917.64,1432.01,1311.41
West Bengal,Metal Craft,Brass,765.18,13.7,60.85,833.64,4,3,High,1.1,1598.82,2206.25,2307.3
Kerala,Bamboo Toy,Cane,168.18,2.5,79.04,197.6,3,4,High,1.1,365.78,433.27,493.95
Karnataka,Wood Craft,Wood,120.39,8.0,77.48,619.84,2,4,Very High,1.2,740.23,1160.18,1256.79
Odisha,Clay/Terracotta Toy,Terracotta,133.2,7.8,46.37,361.69,1,4,Very High,1.2,494.89,715.55,751.78
Karnataka,Wooden Toy,Wood,226.41,3.5,60.85,212.97,4,2,Low,0.9,439.38,523.51,509.25
Odisha,Pottery,Clay,72.28,4.4,68.1,299.64,4,4,Low,0.9,371.92,555.01,506.07
Gujarat,Wood Craft,Bamboo,82.01,6.4,70.06,448.38,3,4,High,1.1,530.39,880.29,856.37
Telangana,Pottery,Terracotta,192.09,7.9,50.48,398.79,5,1,Medium,1.0,590.88,697.53,754.06
Andhra Pradesh,Handmade Jewelry,Brass,866.71,5.4,59.36,320.54,1,2,Medium,1.0,1187.25,1403.35,1500.73
Kerala,Wooden Toy,Bamboo,189.02,3.8,66.73,253.57,2,4,Medium,1.0,442.59,544.11,554.66
Telangana,Wooden Toy,Bamboo,96.08,7.6,68.36,519.54,4,4,Very High,1.2,615.62,1060.07,1085.96
Uttar Pradesh,Metal Craft,Copper,745.14,6.8,53.27,362.24,4,1,Very High,1.2,1107.38,1810.89,1851.47
West Bengal,Textile Craft,Cotton,138.05,7.4,66.27,490.4,5,1,Very High,1.2,628.45,838.95,1010.79
Telangana,Metal Craft,Iron,548.52,15.9,67.0,1065.3,3,1,Medium,1.0,1613.82,1994.0,2030.95
Karnataka,Home Decor,Wood,351.41,5.3,76.94,407.78,5,2,Very High,1.2,759.19,1147.82,1241.7
Rajasthan,Bamboo Craft,Cane,106.02,4.4,45.11,198.48,1,5,Very High,1.2,304.5,408.47,448.7
Telangana,Bamboo Toy,Bamboo,230.64,7.6,77.07,585.73,2,5,Low,0.9,816.37,1052.28,1043.17
Gujarat,Bamboo Craft,Bamboo,160.66,11.6,79.22,918.95,3,5,Very High,1.2,1079.61,1713.14,1769.44
Kerala,Home Decor,Wood,342.38,10.3,64.27,661.98,3,3,Low,0.9,1004.36,1236.55,1259.02
Rajasthan,Textile Craft,Wool,156.85,9.7,56.58,548.83,4,4,Medium,1.0,705.68,1012.6,993.89
Odisha,Clay/Terracotta Toy,Clay,135.27,5.7,56.08,319.66,5,5,Very High,1.2,454.93,863.59,859.74
West Bengal,Bamboo Craft,Cane,196.2,4.8,50.22,241.06,1,4,Low,0.9,437.26,448.37,502.84
Uttar Pradesh,Textile Craft,Silk,532.48,11.1,74.36,825.4,3,4,Very High,1.2,1357.88,2060.75,2235.96
Karnataka,Wooden Toy,Bamboo,194.33,4.6,80.69,371.17,1,1,Low,0.9,565.5,839.0,718.36
Kerala,Bamboo Toy,Bamboo,130.59,3.7,64.83,239.87,3,4,Low,0.9,370.46,570.89,486.39
West Bengal,Clay/Terracotta Toy,Terracotta,173.43,4.0,62.9,251.6,4,3,Medium,1.0,425.03,654.41,641.72
Rajasthan,Metal Craft,Iron,460.16,8.3,50.79,421.56,2,3,Low,0.9,881.72,1248.39,1157.04
Rajasthan,Handmade Jewelry,Silver,767.59,9.6,50.32,483.07,4,2,Low,0.9,1250.66,1853.56,1683.94
West Bengal,Textile Craft,Wool,342.09,5.3,70.93,375.93,1,5,Low,0.9,718.02,1084.99,979.25
Andhra Pradesh,Pottery,Terracotta,213.72,7.5,60.88,456.6,2,5,High,1.1,670.32,1156.29,1092.38
Rajasthan,Wooden Toy,Bamboo,198.76,2.7,74.66,201.58,5,4,Low,0.9,400.34,500.84,507.05
West Bengal,Clay/Terracotta Toy,Terracotta,162.64,6.1,50.78,309.76,4,3,Low,0.9,472.4,627.55,622.79
Karnataka,Bamboo Toy,Bamboo,73.62,6.1,61.22,373.44,4,4,Very High,1.2,447.06,580.29,693.34
Kerala,Wood Craft,Wood,364.53,11.9,76.36,908.68,5,5,Very High,1.2,1273.21,2018.18,2152.08
Gujarat,Pottery,Clay,52.35,6.8,70.17,477.16,3,5,Medium,1.0,529.51,672.0,710.19
Andhra Pradesh,Wood Craft,Bamboo,240.09,4.1,64.6,264.86,4,2,Low,0.9,504.95,632.74,625.77
Rajasthan,Wooden Toy,Wood,190.09,8.1,60.57,490.62,4,1,Very High,1.2,680.71,890.52,976.18
Rajasthan,Clay/Terracotta Toy,Clay,88.27,7.5,70.73,530.48,4,3,High,1.1,618.75,954.29,915.89
Tamil Nadu,Clay/Terracotta Toy,Clay,179.05,6.7,69.59,466.25,1,5,High,1.1,645.3,1083.43,1033.58
Rajasthan,Home Decor,Wood,280.36,12.6,49.69,626.09,4,3,Low,0.9,906.45,1180.85,1203.21
Karnataka,Clay/Terracotta Toy,Clay,97.41,4.2,58.42,245.36,5,4,Medium,1.0,342.77,493.24,492.58
West Bengal,Handmade Jewelry,Copper,420.47,10.9,55.31,602.88,5,5,Medium,1.0,1023.35,1611.6,1610.68
Odisha,Bamboo Craft,Cane,215.51,11.9,72.6,863.94,3,4,Medium,1.0,1079.45,1331.8,1368.4
West Bengal,Wood Craft,Bamboo,226.03,6.2,50.06,310.37,3,2,Very High,1.2,536.4,870.5,855.31
Uttar Pradesh,Wood Craft,Wood,392.45,6.6,47.8,315.48,1,3,Medium,1.0,707.93,995.29,933.35
Telangana,Wooden Toy,Wood,97.72,9.1,76.24,693.78,3,4,Very High,1.2,791.5,1020.94,1238.64
Rajasthan,Bamboo Craft,Bamboo,134.6,3.9,63.49,247.61,4,4,High,1.1,382.21,501.31,565.31
Odisha,Bamboo Craft,Cane,144.5,8.7,50.82,442.13,4,3,Medium,1.0,586.63,817.69,847.02
Kerala,Handmade Jewelry,Brass,705.59,11.8,77.6,915.68,2,1,Low,0.9,1621.27,2439.86,2287.17
West Bengal,Handmade Jewelry,Beads,237.11,6.2,54.19,335.98,3,5,Low,0.9,573.09,897.28,840.63
Gujarat,Home Decor,Wood,217.16,12.5,57.52,719.0,2,1,High,1.1,936.16,1132.92,1253.17
Rajasthan,Clay/Terracotta Toy,Clay,144.3,8.0,50.73,405.84,4,5,Medium,1.0,550.14,690.4,725.39
Gujarat,Metal Craft,Iron,347.54,14.8,67.06,992.49,5,3,Medium,1.0,1340.03,1957.71,1946.49
Andhra Pradesh,Metal Craft,Brass,780.14,6.1,63.78,389.06,5,4,Medium,1.0,1169.2,1577.65,1733.77
West Bengal,Bamboo Toy,Bamboo,167.04,2.9,78.49,227.62,5,2,Very High,1.2,394.66,626.64,634.85
Rajasthan,Wooden Toy,Bamboo,97.35,2.6,60.59,157.53,5,5,Very High,1.2,254.88,432.62,456.18
Karnataka,Pottery,Terracotta,199.63,8.8,84.82,746.42,4,2,Low,0.9,946.05,1671.13,1405.66
Andhra Pradesh,Wood Craft,Bamboo,221.84,3.6,59.73,215.03,5,3,Low,0.9,436.87,570.94,566.83
West Bengal,Home Decor,Cotton,132.66,9.9,57.48,569.05,1,4,High,1.1,701.71,963.62,1030.53
Uttar Pradesh,Handmade Jewelry,Copper,847.87,10.9,74.69,814.12,5,5,Medium,1.0,1661.99,3344.68,2960.1
Karnataka,Home Decor,Bamboo,144.44,4.3,63.37,272.49,1,5,Medium,1.0,416.93,591.62,617.98
West Bengal,Home Decor,Cotton,278.96,11.5,65.64,754.86,5,1,Very High,1.2,1033.82,1501.75,1712.72
Odisha,Handmade Jewelry,Beads,132.67,7.8,72.35,564.33,5,1,Very High,1.2,697.0,1018.81,1098.29
Andhra Pradesh,Pottery,Clay,158.17,2.7,78.41,211.71,2,2,Very High,1.2,369.88,502.89,564.56
Andhra Pradesh,Pottery,Terracotta,72.64,7.7,75.9,584.43,3,5,Low,0.9,657.07,1165.55,985.6
Gujarat,Bamboo Craft,Cane,108.84,11.4,75.63,862.18,1,5,High,1.1,971.02,1251.75,1315.94
Kerala,Home Decor,Clay,75.37,5.7,63.2,360.24,4,3,Low,0.9,435.61,737.69,622.06
West Bengal,Bamboo Toy,Bamboo,78.55,2.1,67.71,142.19,2,3,Medium,1.0,220.74,344.42,304.21
Rajasthan,Bamboo Toy,Bamboo,69.18,6.5,50.44,327.86,5,5,High,1.1,397.04,502.34,576.17
Uttar Pradesh,Textile Craft,Wool,215.46,3.6,62.41,224.68,5,3,Low,0.9,440.14,728.78,665.66
Telangana,Clay/Terracotta Toy,Clay,138.13,2.8,66.49,186.17,2,2,Very High,1.2,324.3,517.09,521.67
Odisha,Handmade Jewelry,Beads,353.67,11.3,68.39,772.81,4,5,High,1.1,1126.48,1872.58,1860.01
Tamil Nadu,Metal Craft,Iron,336.77,13.3,70.35,935.65,2,4,High,1.1,1272.42,2360.38,2211.78
Kerala,Wood Craft,Bamboo,86.52,5.3,86.65,459.25,1,2,Low,0.9,545.76,806.46,689.59
Telangana,Metal Craft,Iron,415.98,4.8,63.14,303.07,2,1,Very High,1.2,719.05,841.02,1030.02
Telangana,Bamboo Craft,Bamboo,139.41,4.3,60.24,259.03,1,3,High,1.1,398.44,544.86,577.02
Odisha,Home Decor,Clay,53.89,11.0,72.58,798.38,3,1,Low,0.9,852.27,1069.25,1046.24
Karnataka,Bamboo Toy,Bamboo,53.42,6.1,60.8,370.88,1,3,Medium,1.0,424.3,568.96,548.8
Andhra Pradesh,Bamboo Toy,Cane,180.84,7.1,60.24,427.7,2,4,High,1.1,608.54,730.82,823.16
Gujarat,Textile Craft,Wool,438.91,7.8,83.37,650.29,3,5,Medium,1.0,1089.2,1918.65,1748.88
Odisha,Wood Craft,Wood,390.53,5.0,48.46,242.3,3,1,Low,0.9,632.83,850.13,804.57
Andhra Pradesh,Textile Craft,Silk,511.92,11.9,50.89,605.59,2,1,Medium,1.0,1117.51,1593.38,1462.71
Gujarat,Wood Craft,Wood,373.37,9.6,60.62,581.95,5,5,Low,0.9,955.32,1584.81,1424.63
Andhra Pradesh,Handmade Jewelry,Copper,558.19,3.1,50.23,155.71,2,5,Low,0.9,713.9,1229.41,1077.0
Tamil Nadu,Pottery,Clay,114.23,8.0,78.6,628.8,3,5,Very High,1.2,743.03,1271.71,1276.92
Gujarat,Pottery,Terracotta,94.77,5.5,58.79,323.34,3,3,Very High,1.2,418.11,475.79,592.4
Uttar Pradesh,Wooden Toy,Bamboo,93.77,8.5,66.5,565.25,4,5,Low,0.9,659.02,1066.11,916.08
Telangana,Pottery,Terracotta,142.26,3.1,61.44,190.46,1,3,Medium,1.0,332.72,535.3,473.48
Gujarat,Textile Craft,Silk,295.29,6.0,79.74,478.44,4,1,Low,0.9,773.73,1143.38,1056.68
Andhra Pradesh,Bamboo Craft,Cane,131.52,4.4,60.59,266.6,3,3,High,1.1,398.12,530.75,544.36
Uttar Pradesh,Textile Craft,Silk,437.72,10.6,64.84,687.3,1,5,Very High,1.2,1125.02,1757.29,1804.14
Andhra Pradesh,Metal Craft,Brass,849.13,10.2,56.69,578.24,2,4,Medium,1.0,1427.37,1835.26,2001.62
Andhra Pradesh,Wooden Toy,Wood,339.14,3.9,75.83,295.74,3,5,Medium,1.0,634.88,982.59,966.96
Odisha,Handmade Jewelry,Silver,742.98,3.5,60.31,211.09,1,1,Very High,1.2,954.07,1170.65,1366.86
Telangana,Home Decor,Wood,335.42,6.3,59.51,374.91,1,3,Low,0.9,710.33,812.87,827.47
Odisha,Handmade Jewelry,Brass,726.64,11.6,52.85,613.06,2,5,Very High,1.2,1339.7,2447.57,2420.71
Karnataka,Pottery,Clay,46.43,7.2,81.36,585.79,3,5,Medium,1.0,632.22,901.35,927.74
Andhra Pradesh,Wooden Toy,Wood,172.11,7.4,79.48,588.15,2,3,Low,0.9,760.26,1149.46,973.23
West Bengal,Wooden Toy,Bamboo,62.55,7.8,54.29,423.46,5,1,High,1.1,486.01,766.13,723.44
West Bengal,Textile Craft,Wool,315.06,9.0,64.85,583.65,1,4,Very High,1.2,898.71,1476.64,1478.0
Uttar Pradesh,Textile Craft,Silk,440.89,7.9,73.75,582.62,3,4,Medium,1.0,1023.51,1407.96,1389.85
Telangana,Pottery,Clay,103.09,4.0,58.32,233.28,2,2,Low,0.9,336.37,497.52,415.74
Telangana,Home Decor,Bamboo,83.53,11.9,70.1,834.19,2,1,High,1.1,917.72,1326.65,1394.73
Uttar Pradesh,Bamboo Craft,Bamboo,199.66,11.1,54.14,600.95,3,2,Very High,1.2,800.61,1335.55,1341.89
Uttar Pradesh,Bamboo Craft,Bamboo,190.76,4.6,54.77,251.94,4,1,Low,0.9,442.7,650.63,585.7
Gujarat,Clay/Terracotta Toy,Clay,120.24,3.3,56.82,187.51,3,4,Very High,1.2,307.75,349.54,424.48
Odisha,Home Decor,Wood,129.07,12.1,74.96,907.02,3,4,High,1.1,1036.09,1634.43,1587.86
Gujarat,Clay/Terracotta Toy,Terracotta,43.11,7.8,74.35,579.93,3,4,High,1.1,623.04,772.69,843.41
Karnataka,Textile Craft,Cotton,298.48,4.7,77.5,364.25,4,4,Low,0.9,662.73,937.56,927.46
Telangana,Handmade Jewelry,Beads,189.37,5.9,56.77,334.94,2,1,Very High,1.2,524.31,811.35,845.57
Tamil Nadu,Clay/Terracotta Toy,Terracotta,103.41,4.0,59.0,236.0,2,4,Very High,1.2,339.41,544.72,551.79
Telangana,Pottery,Clay,148.38,2.3,69.96,160.91,2,5,Low,0.9,309.29,440.18,400.73
Karnataka,Bamboo Toy,Bamboo,247.44,7.4,65.28,483.07,4,2,High,1.1,730.51,935.92,1044.23
Rajasthan,Wood Craft,Bamboo,240.24,7.6,53.35,405.46,1,4,Low,0.9,645.7,787.11,802.93
Kerala,Textile Craft,Wool,440.04,9.1,60.69,552.28,5,3,Very High,1.2,992.32,1398.34,1545.58
Gujarat,Home Decor,Cotton,238.95,4.6,70.98,326.51,3,5,Very High,1.2,565.46,865.78,922.51
Rajasthan,Metal Craft,Iron,405.68,12.5,54.51,681.38,3,4,High,1.1,1087.06,1720.0,1658.1
Gujarat,Bamboo Craft,Cane,194.48,5.3,72.67,385.15,1,4,Low,0.9,579.63,891.84,760.98
Andhra Pradesh,Wood Craft,Bamboo,133.04,4.2,73.39,308.24,5,1,Low,0.9,441.28,548.03,535.61
Tamil Nadu,Clay/Terracotta Toy,Clay,104.33,7.1,64.53,458.16,1,2,High,1.1,562.49,778.0,755.01
Andhra Pradesh,Bamboo Craft,Bamboo,120.78,8.4,58.91,494.84,1,2,Very High,1.2,615.62,737.52,830.3
Telangana,Wood Craft,Wood,143.59,8.9,65.96,587.04,4,5,Medium,1.0,730.63,1147.67,1089.15
Uttar Pradesh,Bamboo Toy,Cane,143.24,5.9,70.41,415.42,5,2,High,1.1,558.66,797.89,838.65
West Bengal,Clay/Terracotta Toy,Terracotta,154.06,8.0,52.03,416.24,2,3,Very High,1.2,570.3,844.27,913.02
Andhra Pradesh,Clay/Terracotta Toy,Terracotta,125.14,7.3,76.36,557.43,4,4,Medium,1.0,682.57,1080.36,995.24
Uttar Pradesh,Wooden Toy,Wood,92.32,7.5,48.43,363.23,4,5,High,1.1,455.55,703.55,689.83
Uttar Pradesh,Metal Craft,Brass,279.44,7.0,58.58,410.06,2,3,Low,0.9,689.5,1151.24,982.03
Telangana,Home Decor,Wood,158.34,12.0,72.23,866.76,1,2,Low,0.9,1025.1,1182.11,1178.86
West Bengal,Wood Craft,Bamboo,195.82,12.2,65.77,802.39,5,3,Very High,1.2,998.21,1684.71,1794.27
Tamil Nadu,Bamboo Craft,Cane,140.96,9.1,85.0,773.5,3,5,Very High,1.2,914.46,1053.21,1289.79
Odisha,Bamboo Craft,Bamboo,178.54,9.9,57.73,571.53,5,5,Low,0.9,750.07,1263.58,1113.11
Gujarat,Wooden Toy,Wood,95.21,2.1,74.46,156.37,2,3,Very High,1.2,251.58,350.28,384.09
Rajasthan,Bamboo Craft,Cane,76.98,6.7,73.54,492.72,4,4,Very High,1.2,569.7,1042.83,1023.89
Telangana,Clay/Terracotta Toy,Terracotta,184.74,6.2,56.57,350.73,4,1,Medium,1.0,535.47,680.1,726.17
Tamil Nadu,Textile Craft,Silk,604.06,5.9,63.41,374.12,4,1,Medium,1.0,978.18,1417.68,1392.95
Gujarat,Clay/Terracotta Toy,Terracotta,140.51,4.6,65.43,300.98,2,3,High,1.1,441.49,612.16,634.36
Karnataka,Bamboo Toy,Bamboo,75.24,4.5,79.25,356.62,4,2,Medium,1.0,431.87,570.16,586.97
Uttar Pradesh,Wooden Toy,Wood,196.87,5.8,63.66,369.23,5,4,Medium,1.0,566.1,792.68,820.78
Karnataka,Metal Craft,Brass,476.35,5.8,68.81,399.1,5,1,Very High,1.2,875.45,1589.83,1619.38
West Bengal,Metal Craft,Copper,519.71,6.9,50.59,349.07,3,5,Very High,1.2,868.78,1017.47,1265.66
Uttar Pradesh,Home Decor,Bamboo,219.99,8.4,52.24,438.82,4,4,Low,0.9,658.81,1205.22,1026.22
Rajasthan,Pottery,Terracotta,69.83,3.6,68.6,246.96,1,4,High,1.1,316.79,367.14,398.65
Telangana,Textile Craft,Cotton,344.39,11.6,60.92,706.67,5,3,Medium,1.0,1051.06,1411.25,1470.36
Gujarat,Bamboo Toy,Bamboo,148.43,5.1,70.44,359.24,5,4,Very High,1.2,507.67,809.32,839.9
Gujarat,Wooden Toy,Bamboo,93.18,6.5,60.22,391.43,2,5,Medium,1.0,484.61,721.45,676.8
Rajasthan,Handmade Jewelry,Silver,1097.98,8.5,50.31,427.63,3,4,Very High,1.2,1525.62,2746.05,2870.46
Tamil Nadu,Wooden Toy,Bamboo,232.38,8.4,80.66,677.54,5,5,Very High,1.2,909.92,1621.75,1646.06
Rajasthan,Handmade Jewelry,Silver,1123.53,7.7,65.6,505.12,4,2,Medium,1.0,1628.65,3112.91,2811.37
Odisha,Clay/Terracotta Toy,Terracotta,46.9,2.6,71.77,186.6,5,3,Medium,1.0,233.5,389.89,365.87
Karnataka,Home Decor,Bamboo,166.06,7.1,78.6,558.06,5,5,High,1.1,724.12,1250.33,1194.73
Andhra Pradesh,Bamboo Toy,Cane,133.55,2.6,57.27,148.9,1,5,Low,0.9,282.45,339.37,335.95
Karnataka,Wooden Toy,Wood,345.77,4.7,83.85,394.09,3,4,Medium,1.0,739.87,919.91,948.97
Tamil Nadu,Handmade Jewelry,Beads,263.18,4.3,55.31,237.83,2,2,High,1.1,501.01,713.72,743.77
Kerala,Handmade Jewelry,Copper,550.52,9.5,66.04,627.38,2,5,High,1.1,1177.9,1952.42,1998.92
Uttar Pradesh,Wooden Toy,Wood,300.88,7.2,65.97,474.98,1,4,Very High,1.2,775.86,1265.34,1273.55
Andhra Pradesh,Wood Craft,Bamboo,228.83,13.8,73.39,1012.78,4,1,High,1.1,1241.61,1703.22,1879.57
Tamil Nadu,Clay/Terracotta Toy,Terracotta,68.63,3.4,84.28,286.55,1,3,Very High,1.2,355.18,401.88,480.85
Andhra Pradesh,Clay/Terracotta Toy,Terracotta,139.37,7.1,66.69,473.5,5,4,Low,0.9,612.87,1022.18,911.02
Karnataka,Pottery,Clay,85.43,2.3,84.72,194.86,3,2,Very High,1.2,280.29,410.04,439.67
Karnataka,Bamboo Toy,Bamboo,115.58,3.0,73.88,221.64,4,3,Low,0.9,337.22,505.46,458.32
Rajasthan,Pottery,Clay,141.66,2.3,60.22,138.51,5,5,Medium,1.0,280.17,441.64,429.41
West Bengal,Home Decor,Bamboo,165.28,12.6,71.38,899.39,1,3,Medium,1.0,1064.67,1445.55,1452.41
Rajasthan,Metal Craft,Iron,152.26,10.3,63.0,648.9,3,1,Medium,1.0,801.16,1186.61,1143.55
Telangana,Bamboo Toy,Bamboo,100.37,2.8,63.94,179.03,4,3,Very High,1.2,279.4,424.92,458.63
Andhra Pradesh,Handmade Jewelry,Brass,269.25,4.4,63.65,280.06,3,4,Very High,1.2,549.31,956.84,963.89
Telangana,Metal Craft,Brass,704.4,7.3,74.31,542.46,3,4,Very High,1.2,1246.86,2155.98,2159.21
Odisha,Handmade Jewelry,Beads,315.31,10.0,71.22,712.2,5,5,Very High,1.2,1027.51,1853.46,1999.06
Telangana,Metal Craft,Copper,297.16,11.8,69.78,823.4,1,4,Low,0.9,1120.56,1550.77,1513.09
Rajasthan,Wood Craft,Bamboo,209.62,6.0,49.39,296.34,1,4,Medium,1.0,505.96,598.32,641.79
Rajasthan,Metal Craft,Brass,254.4,6.8,53.55,364.14,2,1,High,1.1,618.54,876.0,846.87
West Bengal,Wooden Toy,Bamboo,116.29,4.5,52.03,234.13,5,2,Low,0.9,350.43,476.97,474.33
West Bengal,Home Decor,Cotton,260.12,3.0,59.61,178.83,1,4,High,1.1,438.95,782.46,730.64
Telangana,Home Decor,Wood,302.02,11.1,73.83,819.51,4,4,Low,0.9,1121.53,1820.81,1583.09
Kerala,Clay/Terracotta Toy,Clay,74.37,5.4,83.14,448.96,1,5,High,1.1,523.33,759.03,753.43
Tamil Nadu,Home Decor,Wood,189.12,11.9,84.26,1002.69,1,2,High,1.1,1191.81,1816.69,1813.65
Gujarat,Textile Craft,Cotton,196.38,6.8,57.91,393.79,4,1,Low,0.9,590.17,870.31,759.91
Odisha,Home Decor,Wood,259.74,5.1,56.02,285.7,4,5,Medium,1.0,545.44,728.45,773.62
Kerala,Clay/Terracotta Toy,Clay,163.95,6.0,89.95,539.7,2,4,High,1.1,703.65,1189.46,1124.56
Andhra Pradesh,Pottery,Terracotta,98.31,2.0,65.2,130.4,3,3,Very High,1.2,228.71,349.78,369.61
Tamil Nadu,Metal Craft,Brass,713.73,5.9,76.31,450.23,5,1,Low,0.9,1163.96,1648.13,1643.36
Karnataka,Textile Craft,Silk,411.28,5.9,82.58,487.22,1,4,High,1.1,898.5,1175.34,1261.77
West Bengal,Pottery,Terracotta,82.21,6.6,53.53,353.3,5,1,Low,0.9,435.51,501.24,505.85
Rajasthan,Bamboo Toy,Cane,207.0,7.2,61.69,444.17,4,2,Low,0.9,651.17,816.79,811.11
Odisha,Home Decor,Cotton,104.94,4.6,64.63,297.3,3,1,Very High,1.2,402.24,550.18,591.69
Karnataka,Metal Craft,Brass,490.04,10.3,68.38,704.31,5,5,Very High,1.2,1194.35,2146.03,2284.19
Rajasthan,Metal Craft,Iron,200.16,13.6,56.27,765.27,5,2,Low,0.9,965.43,1545.11,1357.59
West Bengal,Pottery,Terracotta,96.88,2.5,54.03,135.07,1,1,Low,0.9,231.95,302.4,266.75
Kerala,Handmade Jewelry,Silver,605.3,10.0,67.8,678.0,4,1,Medium,1.0,1283.3,2173.34,2060.22
Telangana,Bamboo Craft,Cane,262.01,6.1,74.75,455.97,1,2,Medium,1.0,717.98,1072.81,984.03
Uttar Pradesh,Wooden Toy,Wood,399.3,2.6,56.43,146.72,1,2,Very High,1.2,546.02,612.16,735.41
Karnataka,Home Decor,Wood,133.65,13.3,74.84,995.37,4,3,Medium,1.0,1129.02,1380.99,1507.58
Rajasthan,Pottery,Clay,83.59,2.3,62.87,144.6,4,2,Medium,1.0,228.19,258.67,278.28
Kerala,Clay/Terracotta Toy,Terracotta,217.1,2.0,84.39,168.78,2,3,Very High,1.2,385.88,625.68,611.72
Rajasthan,Textile Craft,Cotton,212.51,6.4,45.08,288.51,2,3,High,1.1,501.02,577.91,648.35
Odisha,Wood Craft,Wood,253.28,13.7,69.89,957.49,3,4,Very High,1.2,1210.77,1914.79,1948.89
Andhra Pradesh,Clay/Terracotta Toy,Clay,141.05,7.7,54.18,417.19,5,1,Very High,1.2,558.24,892.56,907.36
Telangana,Wooden Toy,Bamboo,74.58,8.9,70.96,631.54,2,1,High,1.1,706.12,1122.9,1052.07
Rajasthan,Home Decor,Cotton,316.13,9.6,54.39,522.14,2,1,Low,0.9,838.27,1281.1,1071.78
Rajasthan,Textile Craft,Silk,607.11,9.9,62.07,614.49,1,3,Medium,1.0,1221.6,1470.73,1527.98
Tamil Nadu,Clay/Terracotta Toy,Terracotta,143.15,2.5,68.33,170.82,4,4,High,1.1,313.98,442.55,455.47
West Bengal,Wood Craft,Bamboo,148.28,5.8,70.71,410.12,1,5,Medium,1.0,558.4,776.44,782.19
Kerala,Textile Craft,Cotton,87.12,10.0,87.94,879.4,2,5,Very High,1.2,966.52,1611.97,1658.28
West Bengal,Wood Craft,Bamboo,246.28,13.8,72.77,1004.23,4,5,Very High,1.2,1250.51,1650.55,2039.1
Tamil Nadu,Clay/Terracotta Toy,Clay,112.99,8.0,71.27,570.16,1,3,Very High,1.2,683.15,1003.81,1067.01
Uttar Pradesh,Bamboo Toy,Bamboo,147.82,4.5,72.18,324.81,1,2,Medium,1.0,472.63,605.56,578.39
Kerala,Bamboo Craft,Cane,214.99,10.3,62.47,643.44,1,4,Very High,1.2,858.43,1103.54,1200.76
Telangana,Bamboo Toy,Cane,84.8,2.0,71.72,143.44,3,4,Very High,1.2,228.24,317.53,338.39
Gujarat,Handmade Jewelry,Brass,791.19,5.1,81.78,417.08,1,4,Very High,1.2,1208.27,1843.95,2057.97
Odisha,Wood Craft,Bamboo,116.75,3.7,53.48,197.88,1,5,Low,0.9,314.63,539.31,466.3
Rajasthan,Textile Craft,Silk,232.79,6.4,54.91,351.42,4,5,Very High,1.2,584.21,1030.76,1030.97
Rajasthan,Textile Craft,Wool,287.63,6.7,68.95,461.97,5,5,High,1.1,749.6,1496.87,1396.53
Telangana,Wood Craft,Wood,199.95,4.6,58.8,270.48,5,4,Medium,1.0,470.43,598.86,647.12
Odisha,Wooden Toy,Wood,82.15,4.9,67.73,331.88,2,5,High,1.1,414.03,674.34,638.75
Gujarat,Bamboo Craft,Cane,205.75,7.3,71.35,520.85,2,5,Very High,1.2,726.6,1039.19,1168.32
Telangana,Pottery,Terracotta,146.08,8.8,50.54,444.75,1,4,Very High,1.2,590.83,995.34,987.66
Karnataka,Wooden Toy,Wood,350.39,6.4,73.52,470.53,2,5,Very High,1.2,820.92,1213.58,1266.03
Kerala,Home Decor,Cotton,241.62,6.7,70.86,474.76,2,4,Low,0.9,716.38,1040.15,983.11
Tamil Nadu,Bamboo Toy,Cane,86.57,3.6,55.47,199.69,5,4,Low,0.9,286.26,340.91,349.53
Kerala,Bamboo Toy,Bamboo,203.23,3.2,70.25,224.8,2,2,Low,0.9,428.03,610.67,527.26
Odisha,Wood Craft,Bamboo,133.86,6.6,67.28,444.05,1,2,Medium,1.0,577.91,934.0,829.43
Gujarat,Bamboo Toy,Bamboo,64.85,2.0,73.48,146.96,2,4,High,1.1,211.81,324.25,307.38
Andhra Pradesh,Home Decor,Cotton,300.68,5.4,69.89,377.41,2,3,Very High,1.2,678.09,951.18,1013.15
Gujarat,Clay/Terracotta Toy,Clay,99.34,2.6,66.65,173.29,4,4,Very High,1.2,272.63,337.33,398.32
Odisha,Pottery,Terracotta,201.47,6.3,65.32,411.52,3,5,Medium,1.0,612.99,795.45,860.19
Telangana,Bamboo Craft,Cane,147.32,8.3,66.05,548.22,2,2,Medium,1.0,695.54,778.99,818.16
Karnataka,Bamboo Craft,Cane,106.34,11.9,84.71,1008.05,2,1,High,1.1,1114.39,1681.55,1625.42
Gujarat,Wooden Toy,Bamboo,116.3,3.9,81.69,318.59,4,3,High,1.1,434.89,662.35,636.37
Rajasthan,Textile Craft,Silk,598.9,8.7,72.63,631.88,3,4,Medium,1.0,1230.78,1738.65,1757.41
Odisha,Pottery,Clay,130.22,3.1,65.08,201.75,3,2,High,1.1,331.97,442.13,444.47
West Bengal,Wood Craft,Wood,319.0,6.8,52.67,358.16,3,2,Very High,1.2,677.16,976.95,1023.04
Andhra Pradesh,Metal Craft,Iron,182.67,6.0,79.7,478.2,4,3,Medium,1.0,660.87,1035.2,1027.5
Rajasthan,Bamboo Craft,Cane,247.75,9.9,73.55,728.14,3,1,High,1.1,975.89,1348.37,1337.81
Tamil Nadu,Textile Craft,Cotton,235.05,4.7,76.9,361.43,4,3,Low,0.9,596.48,991.98,848.73
Gujarat,Clay/Terracotta Toy,Clay,82.19,6.1,57.33,349.71,1,1,Very High,1.2,431.9,667.18,658.68
Gujarat,Wood Craft,Bamboo,220.73,11.6,79.09,917.44,4,3,Medium,1.0,1138.17,1979.27,1835.58
Tamil Nadu,Wood Craft,Wood,341.63,5.1,62.18,317.12,4,1,High,1.1,658.75,1057.64,984.66
Gujarat,Bamboo Toy,Cane,196.1,6.8,57.57,391.48,1,1,High,1.1,587.58,766.71,752.65
Andhra Pradesh,Clay/Terracotta Toy,Clay,30.25,3.4,66.64,226.58,1,5,Medium,1.0,256.83,391.2,366.31
Rajasthan,Textile Craft,Cotton,189.59,3.4,46.31,157.45,5,2,Medium,1.0,347.04,634.7,564.45
Gujarat,Bamboo Toy,Cane,121.87,7.1,76.0,539.6,2,1,Medium,1.0,661.47,756.3,813.06
Rajasthan,Clay/Terracotta Toy,Clay,123.82,3.9,54.2,211.38,4,5,Medium,1.0,335.2,526.67,521.23
Uttar Pradesh,Bamboo Toy,Cane,259.4,4.0,48.15,192.6,4,1,Medium,1.0,452.0,639.12,597.82
Kerala,Metal Craft,Copper,304.25,13.7,85.57,1172.31,3,5,Low,0.9,1476.56,2489.61,2123.09
Kerala,Wood Craft,Bamboo,189.17,9.7,75.74,734.68,1,5,Low,0.9,923.85,1431.47,1259.41
Karnataka,Handmade Jewelry,Copper,316.19,11.7,78.39,917.16,5,3,Medium,1.0,1233.35,1673.23,1839.43
Tamil Nadu,Bamboo Toy,Cane,98.36,7.8,74.11,578.06,3,2,High,1.1,676.42,920.75,962.51
Rajasthan,Metal Craft,Iron,574.1,9.2,69.34,637.93,5,1,Low,0.9,1212.03,1957.61,1670.95
Karnataka,Home Decor,Wood,147.67,6.4,58.19,372.42,5,5,High,1.1,520.09,872.47,923.94
West Bengal,Textile Craft,Wool,337.64,4.0,79.42,317.68,2,3,High,1.1,655.32,1094.08,1026.72
Gujarat,Clay/Terracotta Toy,Clay,147.22,7.7,79.37,611.15,3,4,High,1.1,758.37,1279.52,1224.64
Tamil Nadu,Pottery,Clay,164.82,2.2,71.16,156.55,5,4,High,1.1,321.37,419.03,486.95
Uttar Pradesh,Pottery,Clay,171.99,6.9,59.61,411.31,3,1,High,1.1,583.3,781.57,786.96
Odisha,Metal Craft,Copper,383.76,4.1,74.48,305.37,1,5,Very High,1.2,689.13,1204.27,1237.72
West Bengal,Wood Craft,Bamboo,113.39,3.9,75.16,293.12,5,2,Medium,1.0,406.51,740.44,671.57
Telangana,Metal Craft,Copper,310.94,6.0,57.08,342.48,2,1,High,1.1,653.42,924.07,922.64
Uttar Pradesh,Pottery,Terracotta,170.91,5.9,71.37,421.08,3,5,Low,0.9,591.99,1017.97,859.71
Karnataka,Wooden Toy,Wood,239.65,9.1,74.42,677.22,4,1,Low,0.9,916.87,1066.92,1063.46
Odisha,Bamboo Craft,Bamboo,191.29,8.1,71.27,577.29,3,2,Medium,1.0,768.58,1255.2,1135.59
West Bengal,Textile Craft,Cotton,229.32,8.6,55.17,474.46,1,2,Medium,1.0,703.78,870.24,923.04
Andhra Pradesh,Bamboo Craft,Cane,199.86,5.8,73.34,425.37,3,4,Very High,1.2,625.23,854.98,952.32
Andhra Pradesh,Home Decor,Cotton,154.3,7.2,61.02,439.34,1,4,Very High,1.2,593.64,784.5,935.01
West Bengal,Bamboo Toy,Bamboo,153.11,6.4,68.57,438.85,2,4,High,1.1,591.96,767.03,817.68
Karnataka,Clay/Terracotta Toy,Clay,69.39,5.0,64.58,322.9,5,5,Medium,1.0,392.29,668.6,630.73
Telangana,Wood Craft,Wood,237.2,8.5,57.55,489.17,2,2,Medium,1.0,726.38,948.02,938.01
Uttar Pradesh,Clay/Terracotta Toy,Clay,141.87,3.8,60.57,230.17,1,4,High,1.1,372.04,528.93,527.31
Tamil Nadu,Bamboo Craft,Cane,173.38,9.0,62.54,562.86,5,2,Low,0.9,736.24,1108.85,1010.3
West Bengal,Wooden Toy,Wood,292.95,6.4,76.53,489.79,3,3,Medium,1.0,782.74,1079.51,1047.54
West Bengal,Metal Craft,Brass,641.26,13.2,52.4,691.68,2,4,Very High,1.2,1332.94,1674.77,2069.88
Andhra Pradesh,Wood Craft,Wood,204.12,5.1,60.6,309.06,3,1,Low,0.9,513.18,675.36,668.76
Tamil Nadu,Metal Craft,Brass,633.16,6.4,77.89,498.5,1,3,High,1.1,1131.66,1301.91,1433.23
Odisha,Home Decor,Bamboo,165.49,8.8,59.39,522.63,2,3,Medium,1.0,688.12,780.93,842.42
Odisha,Bamboo Craft,Cane,90.41,9.8,54.12,530.38,4,3,Medium,1.0,620.79,894.51,880.84
Kerala,Textile Craft,Wool,307.27,7.2,64.23,462.46,5,5,Medium,1.0,769.73,1260.04,1248.98
Uttar Pradesh,Textile Craft,Cotton,277.39,4.3,48.7,209.41,1,1,Very High,1.2,486.8,558.47,688.54
Rajasthan,Textile Craft,Silk,490.28,9.2,51.25,471.5,4,2,High,1.1,961.78,1279.76,1438.41
Telangana,Home Decor,Clay,41.65,10.4,64.31,668.82,1,3,Very High,1.2,710.47,1122.94,1181.5
Telangana,Handmade Jewelry,Copper,842.89,5.6,55.36,310.02,2,2,Low,0.9,1152.91,1540.52,1497.42
Telangana,Wood Craft,Wood,88.74,5.2,63.25,328.9,5,4,Low,0.9,417.64,725.69,624.58
Kerala,Home Decor,Cotton,224.63,11.0,84.04,924.44,3,5,Low,0.9,1149.07,1845.2,1690.27
Karnataka,Wooden Toy,Wood,134.25,3.3,80.53,265.75,3,1,High,1.1,400.0,479.85,536.18
Gujarat,Home Decor,Clay,76.41,10.5,59.24,622.02,2,5,Low,0.9,698.43,1160.95,1035.95
Karnataka,Handmade Jewelry,Beads,136.11,9.1,60.47,550.28,2,2,Medium,1.0,686.39,1121.06,987.61
West Bengal,Home Decor,Bamboo,181.29,10.1,74.14,748.81,2,2,High,1.1,930.1,1350.71,1428.9
Tamil Nadu,Handmade Jewelry,Beads,284.36,2.4,62.52,150.05,3,3,High,1.1,434.41,554.86,610.27
Odisha,Wooden Toy,Wood,338.1,2.3,48.11,110.65,3,2,Medium,1.0,448.75,671.4,647.93
Rajasthan,Textile Craft,Cotton,339.85,5.5,66.6,366.3,4,2,High,1.1,706.15,1015.0,1078.68
Andhra Pradesh,Pottery,Clay,148.67,5.5,55.68,306.24,4,2,Medium,1.0,454.91,656.72,617.6
Telangana,Bamboo Toy,Cane,269.68,2.3,59.6,137.08,3,3,Very High,1.2,406.76,492.91,572.15
Rajasthan,Handmade Jewelry,Copper,341.35,2.1,56.92,119.53,5,3,High,1.1,460.88,762.46,782.27
Telangana,Bamboo Toy,Bamboo,103.53,7.6,73.1,555.56,5,1,Low,0.9,659.09,831.59,835.76
Andhra Pradesh,Wooden Toy,Wood,381.3,6.2,72.27,448.07,5,4,High,1.1,829.37,1337.75,1297.31
Tamil Nadu,Bamboo Craft,Cane,222.25,9.7,67.29,652.71,1,1,Low,0.9,874.96,958.47,1006.21
Odisha,Metal Craft,Brass,780.99,15.3,56.76,868.43,5,2,Medium,1.0,1649.42,2576.26,2494.47
Tamil Nadu,Bamboo Toy,Bamboo,188.22,7.2,56.88,409.54,3,1,High,1.1,597.76,672.23,743.94
Uttar Pradesh,Wooden Toy,Wood,373.27,8.1,46.32,375.19,4,1,Low,0.9,748.46,1122.97,1005.54
Uttar Pradesh,Pottery,Clay,118.75,5.5,58.92,324.06,2,5,Medium,1.0,442.81,704.06,627.05
Telangana,Home Decor,Wood,291.91,13.3,75.24,1000.69,2,3,Very High,1.2,1292.6,2132.07,2097.43
Odisha,Wood Craft,Wood,280.29,13.9,61.3,852.07,2,2,Very High,1.2,1132.36,1619.24,1797.11
Telangana,Wooden Toy,Wood,248.42,6.8,67.68,460.22,2,1,Very High,1.2,708.64,1013.97,1045.51
Karnataka,Clay/Terracotta Toy,Clay,162.48,7.5,73.14,548.55,5,3,High,1.1,711.03,1008.3,1110.91
Rajasthan,Bamboo Toy,Cane,156.74,3.6,46.34,166.82,3,5,Low,0.9,323.56,486.65,427.51
Gujarat,Home Decor,Clay,179.56,8.8,71.84,632.19,2,1,High,1.1,811.75,1108.39,1190.3
Gujarat,Pottery,Terracotta,210.31,4.6,59.7,274.62,3,1,Medium,1.0,484.93,580.21,601.79
Uttar Pradesh,Handmade Jewelry,Brass,704.79,11.9,57.23,681.04,4,2,Very High,1.2,1385.83,2175.79,2387.02
West Bengal,Bamboo Craft,Cane,182.64,7.8,53.97,420.97,1,2,Low,0.9,603.61,820.67,729.59
Andhra Pradesh,Bamboo Craft,Bamboo,159.46,11.5,67.77,779.35,1,2,High,1.1,938.81,1091.96,1161.83
Uttar Pradesh,Textile Craft,Cotton,298.9,8.2,57.43,470.93,1,1,High,1.1,769.83,1043.01,1106.67
Karnataka,Wooden Toy,Wood,138.36,6.6,62.15,410.19,3,1,Low,0.9,548.55,647.16,636.44
Odisha,Pottery,Clay,113.19,8.5,65.04,552.84,1,2,High,1.1,666.03,691.62,787.92
Rajasthan,Pottery,Clay,147.51,4.3,70.97,305.17,1,4,Very High,1.2,452.68,612.6,637.06
Tamil Nadu,Textile Craft,Wool,179.63,6.1,55.69,339.71,4,4,Very High,1.2,519.34,804.57,866.78
Karnataka,Wood Craft,Bamboo,234.71,12.3,70.06,861.74,4,2,Low,0.9,1096.45,1921.44,1657.61
Kerala,Textile Craft,Silk,220.71,5.5,76.27,419.48,4,1,Low,0.9,640.19,1050.23,919.99
Rajasthan,Bamboo Craft,Cane,263.16,9.7,57.01,553.0,1,4,Very High,1.2,816.16,1128.59,1258.88
Rajasthan,Bamboo Craft,Cane,92.57,6.2,67.07,415.83,5,4,Low,0.9,508.4,894.11,767.95
Uttar Pradesh,Handmade Jewelry,Brass,477.71,5.2,51.2,266.24,2,3,Medium,1.0,743.95,980.82,996.19
Rajasthan,Handmade Jewelry,Beads,344.15,7.1,62.79,445.81,2,3,Medium,1.0,789.96,978.63,1072.55
West Bengal,Pottery,Clay,50.49,2.0,67.95,135.9,1,2,Low,0.9,186.39,199.24,214.35
Uttar Pradesh,Pottery,Clay,106.56,4.8,58.94,282.91,5,1,Medium,1.0,389.47,657.47,599.4
Andhra Pradesh,Bamboo Toy,Cane,101.26,5.7,65.86,375.4,4,1,Very High,1.2,476.66,576.32,653.4
Kerala,Handmade Jewelry,Silver,1119.96,9.2,71.57,658.44,2,4,Medium,1.0,1778.4,3109.94,2786.67
West Bengal,Bamboo Toy,Cane,233.46,4.1,58.09,238.17,1,2,Low,0.9,471.63,490.89,542.37
Telangana,Metal Craft,Brass,350.04,15.4,50.06,770.92,4,3,High,1.1,1120.96,1557.98,1663.01
Uttar Pradesh,Wood Craft,Bamboo,147.72,4.7,64.77,304.42,3,5,Medium,1.0,452.14,556.79,610.3
Andhra Pradesh,Wood Craft,Wood,313.26,3.7,76.51,283.09,5,4,Low,0.9,596.35,975.45,887.72
West Bengal,Home Decor,Bamboo,68.93,9.4,79.36,745.98,1,3,Medium,1.0,814.91,1234.74,1171.98
Odisha,Metal Craft,Iron,280.79,4.8,61.49,295.15,1,2,Very High,1.2,575.94,816.5,918.71
Telangana,Pottery,Terracotta,146.04,3.6,62.53,225.11,1,1,Very High,1.2,371.15,530.18,545.34
Rajasthan,Wood Craft,Bamboo,86.96,9.7,56.36,546.69,1,3,High,1.1,633.65,974.56,949.43
Karnataka,Metal Craft,Iron,349.76,9.2,80.2,737.84,1,3,High,1.1,1087.6,1795.58,1734.04
Rajasthan,Bamboo Craft,Bamboo,150.44,7.6,49.52,376.35,1,4,High,1.1,526.79,583.63,676.38
Andhra Pradesh,Home Decor,Cotton,136.79,11.4,58.56,667.58,3,4,High,1.1,804.37,1344.2,1334.76
Kerala,Clay/Terracotta Toy,Terracotta,65.96,6.8,73.91,502.59,4,3,Medium,1.0,568.55,745.21,739.54
West Bengal,Bamboo Toy,Cane,70.43,3.6,60.08,216.29,2,5,Medium,1.0,286.72,457.19,412.29
Karnataka,Wood Craft,Bamboo,224.2,8.2,73.32,601.22,3,2,Low,0.9,825.42,1167.7,1053.42
Andhra Pradesh,Handmade Jewelry,Brass,435.68,4.6,54.22,249.41,1,4,Low,0.9,685.09,892.74,890.45
Rajasthan,Home Decor,Cotton,107.54,10.2,64.05,653.31,3,1,Low,0.9,760.85,1098.87,1036.0
Tamil Nadu,Bamboo Craft,Cane,279.74,4.8,69.11,331.73,3,4,Very High,1.2,611.47,917.17,991.79
Gujarat,Home Decor,Bamboo,80.59,11.4,84.35,961.59,3,1,High,1.1,1042.18,1663.21,1560.83
Kerala,Bamboo Toy,Cane,263.99,4.7,60.36,283.69,3,5,Low,0.9,547.68,770.82,700.08
Odisha,Textile Craft,Silk,574.18,11.0,60.82,669.02,5,2,Very High,1.2,1243.2,1665.02,1921.1
Gujarat,Home Decor,Clay,33.45,9.1,55.62,506.14,5,2,Low,0.9,539.59,799.07,783.95
Karnataka,Pottery,Terracotta,96.55,8.2,69.54,570.23,2,2,Low,0.9,666.78,722.3,766.79
Kerala,Clay/Terracotta Toy,Terracotta,79.75,7.7,71.03,546.93,4,2,Very High,1.2,626.68,964.86,1021.95
Andhra Pradesh,Bamboo Craft,Cane,118.89,9.0,52.76,474.84,3,4,Medium,1.0,593.73,851.38,820.33
West Bengal,Metal Craft,Copper,512.77,8.5,64.28,546.38,1,2,Very High,1.2,1059.15,1218.23,1483.37
Kerala,Bamboo Toy,Cane,82.78,7.8,78.91,615.5,5,1,Medium,1.0,698.28,1053.35,1000.92
Kerala,Clay/Terracotta Toy,Terracotta,79.19,6.0,81.73,490.38,1,5,Medium,1.0,569.57,801.12,789.65
Rajasthan,Bamboo Toy,Cane,137.56,4.8,72.94,350.11,3,2,Medium,1.0,487.67,700.99,640.41
Telangana,Metal Craft,Brass,406.25,11.2,62.2,696.64,5,5,Very High,1.2,1102.89,2048.06,2085.4
Uttar Pradesh,Wood Craft,Bamboo,182.26,9.2,74.0,680.8,2,1,Low,0.9,863.06,1285.44,1082.19
Kerala,Pottery,Clay,55.62,2.7,85.41,230.61,5,2,Low,0.9,286.23,402.29,366.24
Rajasthan,Textile Craft,Wool,298.25,5.9,70.67,416.95,3,3,Very High,1.2,715.2,1079.77,1113.92
Uttar Pradesh,Home Decor,Cotton,208.72,13.8,56.88,784.94,4,2,Low,0.9,993.66,1388.4,1285.02
Telangana,Wood Craft,Bamboo,113.05,10.9,61.06,665.55,5,1,Very High,1.2,778.6,1137.67,1267.52
Kerala,Wood Craft,Wood,386.75,6.7,75.76,507.59,4,3,Medium,1.0,894.34,1161.48,1220.34
Gujarat,Home Decor,Bamboo,174.39,4.1,59.58,244.28,1,5,Very High,1.2,418.67,576.03,676.0
Gujarat,Pottery,Clay,161.88,5.6,73.29,410.42,5,2,Low,0.9,572.3,844.46,752.47
Kerala,Handmade Jewelry,Brass,370.49,6.0,84.44,506.64,2,3,High,1.1,877.13,1286.55,1356.31
Andhra Pradesh,Wood Craft,Bamboo,198.61,3.1,55.38,171.68,1,1,Medium,1.0,370.29,410.25,430.5
Telangana,Wooden Toy,Bamboo,225.74,8.3,54.13,449.28,5,5,Medium,1.0,675.02,1211.37,1124.76
Rajasthan,Pottery,Clay,98.25,7.5,59.51,446.32,5,3,High,1.1,544.58,824.23,865.42
Rajasthan,Wooden Toy,Bamboo,195.95,3.2,45.94,147.01,4,4,High,1.1,342.96,564.9,563.47
Karnataka,Bamboo Toy,Bamboo,60.26,2.4,60.55,145.32,4,3,Very High,1.2,205.58,243.78,289.39
Kerala,Pottery,Clay,161.47,2.9,75.79,219.79,3,3,High,1.1,381.26,476.22,508.09
West Bengal,Handmade Jewelry,Copper,269.05,2.8,72.9,204.12,1,2,Low,0.9,473.17,701.09,628.17
Uttar Pradesh,Wood Craft,Bamboo,105.3,9.7,73.9,716.83,2,4,Very High,1.2,822.13,1102.46,1272.64
Karnataka,Wooden Toy,Wood,346.66,8.0,75.85,606.8,5,5,Low,0.9,953.46,1518.86,1384.05
Odisha,Clay/Terracotta Toy,Clay,58.61,2.1,58.6,123.06,4,5,Medium,1.0,181.67,250.2,265.39
Gujarat,Textile Craft,Silk,349.23,10.0,74.57,745.7,4,1,Medium,1.0,1094.93,1800.94,1670.4
Odisha,Pottery,Terracotta,184.84,6.8,59.49,404.53,3,4,Low,0.9,589.37,763.07,756.43
Rajasthan,Bamboo Craft,Bamboo,116.13,3.2,52.71,168.67,2,3,High,1.1,284.8,399.08,413.35
Karnataka,Clay/Terracotta Toy,Terracotta,165.41,6.7,69.68,466.86,4,5,Medium,1.0,632.27,783.24,858.44
Kerala,Wooden Toy,Wood,385.31,2.5,70.51,176.28,3,1,Medium,1.0,561.59,779.88,773.6
West Bengal,Bamboo Craft,Cane,242.2,6.8,60.55,411.74,3,1,Medium,1.0,653.94,837.57,837.95
Uttar Pradesh,Textile Craft,Silk,371.43,5.6,56.94,318.86,2,2,Very High,1.2,690.29,1122.96,1120.4
Kerala,Bamboo Toy,Bamboo,192.14,5.2,73.8,383.76,2,4,Medium,1.0,575.9,779.75,783.91
Telangana,Metal Craft,Iron,509.78,10.2,74.35,758.37,4,1,High,1.1,1268.15,2004.25,1979.99
Telangana,Home Decor,Bamboo,103.56,13.1,74.3,973.33,5,4,Low,0.9,1076.89,1829.47,1576.93
Andhra Pradesh,Clay/Terracotta Toy,Clay,170.67,3.1,51.31,159.06,1,2,Low,0.9,329.73,362.83,379.19
West Bengal,Wood Craft,Bamboo,135.4,8.2,72.71,596.22,2,4,Low,0.9,731.62,987.4,954.0
Andhra Pradesh,Pottery,Terracotta,191.68,7.5,60.4,453.0,4,5,Medium,1.0,644.68,851.62,894.95
West Bengal,Wooden Toy,Bamboo,163.74,8.4,59.55,500.22,1,3,Low,0.9,663.96,948.86,829.73
Rajasthan,Handmade Jewelry,Silver,782.24,11.4,58.55,667.47,3,2,Very High,1.2,1449.71,2251.51,2334.04
Kerala,Bamboo Craft,Bamboo,192.86,5.7,68.34,389.54,1,1,Low,0.9,582.4,665.01,669.76
Karnataka,Wood Craft,Bamboo,142.24,10.9,74.7,814.23,2,2,Medium,1.0,956.47,1295.0,1256.6
Tamil Nadu,Wooden Toy,Wood,96.18,4.9,55.99,274.35,2,3,High,1.1,370.53,535.88,550.54
Karnataka,Wood Craft,Wood,269.79,6.7,77.93,522.13,1,3,Medium,1.0,791.92,996.22,1050.16
Tamil Nadu,Handmade Jewelry,Silver,595.76,10.8,71.65,773.82,4,2,Medium,1.0,1369.58,2442.1,2225.0
Odisha,Metal Craft,Brass,497.37,6.7,55.09,369.1,1,3,Very High,1.2,866.47,1379.61,1468.39
Kerala,Clay/Terracotta Toy,Clay,81.28,7.9,87.05,687.7,1,5,Medium,1.0,768.98,1001.43,984.76
Rajasthan,Bamboo Craft,Cane,166.83,8.5,56.49,480.17,1,2,High,1.1,647.0,866.56,867.84
Kerala,Handmade Jewelry,Brass,668.4,11.5,65.2,749.8,3,3,Low,0.9,1418.2,2444.76,2075.93
Uttar Pradesh,Home Decor,Cotton,323.07,6.7,56.62,379.35,1,4,High,1.1,702.42,1186.16,1128.83
Kerala,Wooden Toy,Bamboo,206.38,2.7,74.84,202.07,3,3,Very High,1.2,408.45,725.64,713.5
Gujarat,Handmade Jewelry,Copper,340.49,5.4,83.42,450.47,4,3,High,1.1,790.96,1078.27,1178.29
Odisha,Wood Craft,Wood,288.31,4.4,46.43,204.29,3,5,Low,0.9,492.6,888.36,741.22
West Bengal,Pottery,Clay,131.23,3.2,55.14,176.45,5,4,Low,0.9,307.68,377.39,383.12
Odisha,Wood Craft,Bamboo,94.26,4.1,53.34,218.69,3,5,Low,0.9,312.95,404.35,415.32
Uttar Pradesh,Textile Craft,Wool,198.22,10.4,62.79,653.02,4,5,Very High,1.2,851.24,1310.28,1491.32
Tamil Nadu,Bamboo Toy,Cane,201.48,4.9,69.24,339.28,3,3,High,1.1,540.76,623.42,719.09
Karnataka,Bamboo Toy,Cane,127.21,4.7,77.47,364.11,2,3,High,1.1,491.32,757.62,743.81
Kerala,Wooden Toy,Bamboo,207.62,9.3,70.98,660.11,2,3,Low,0.9,867.73,1097.18,1052.53
Karnataka,Home Decor,Cotton,219.81,7.9,58.66,463.41,5,4,Low,0.9,683.22,1145.54,1062.89
Gujarat,Wooden Toy,Wood,237.14,2.3,77.1,177.33,2,2,Low,0.9,414.47,527.48,498.76
Odisha,Handmade Jewelry,Beads,87.82,2.9,64.39,186.73,3,3,Medium,1.0,274.55,365.18,393.05
Gujarat,Handmade Jewelry,Silver,1256.22,2.6,65.02,169.05,1,5,Low,0.9,1425.27,2431.6,2177.41
Karnataka,Metal Craft,Iron,154.1,5.9,68.75,405.62,5,5,Medium,1.0,559.73,968.07,900.12
Rajasthan,Pottery,Clay,161.7,8.6,46.74,401.96,1,4,Low,0.9,563.66,836.27,759.3
Karnataka,Clay/Terracotta Toy,Clay,33.95,7.8,66.32,517.3,3,1,Low,0.9,551.25,641.21,650.17
Odisha,Wood Craft,Bamboo,175.39,7.4,74.09,548.27,1,1,Medium,1.0,723.66,870.91,886.47
West Bengal,Wood Craft,Wood,231.88,3.2,76.93,246.18,3,2,Very High,1.2,478.06,722.62,744.83
Rajasthan,Clay/Terracotta Toy,Clay,106.56,7.1,63.34,449.71,3,1,High,1.1,556.27,942.98,880.25
Tamil Nadu,Pottery,Clay,95.92,2.5,56.96,142.4,1,4,Medium,1.0,238.32,306.6,320.82
Tamil Nadu,Textile Craft,Cotton,305.81,6.2,80.05,496.31,1,1,Low,0.9,802.12,1158.73,1024.48
West Bengal,Wooden Toy,Wood,125.84,7.1,62.71,445.24,3,1,Medium,1.0,571.08,884.34,823.68
Kerala,Handmade Jewelry,Brass,525.8,7.3,69.05,504.06,5,5,Low,0.9,1029.86,1724.46,1593.39
Andhra Pradesh,Bamboo Toy,Bamboo,141.2,2.4,56.56,135.74,5,4,Very High,1.2,276.94,401.02,432.06
Karnataka,Bamboo Craft,Bamboo,112.19,11.6,79.29,919.76,5,5,Medium,1.0,1031.95,1785.6,1592.8
West Bengal,Home Decor,Wood,164.02,7.4,66.44,491.66,4,2,Medium,1.0,655.68,871.41,911.22
Tamil Nadu,Handmade Jewelry,Copper,624.2,10.9,62.33,679.4,2,3,High,1.1,1303.6,1828.33,1955.66
Tamil Nadu,Bamboo Craft,Cane,63.17,11.0,64.26,706.86,1,3,High,1.1,770.03,912.7,986.98
Telangana,Pottery,Terracotta,104.13,2.3,69.91,160.79,3,3,High,1.1,264.92,368.34,367.08
Kerala,Wooden Toy,Wood,323.97,9.4,68.2,641.08,3,1,Medium,1.0,965.05,1417.04,1356.6
Telangana,Bamboo Toy,Cane,73.0,6.0,63.13,378.78,2,2,Low,0.9,451.78,551.52,522.72
West Bengal,Textile Craft,Wool,159.94,10.4,60.31,627.22,3,3,Very High,1.2,787.16,1196.18,1313.97
Uttar Pradesh,Wooden Toy,Wood,202.42,5.5,50.77,279.24,4,2,Low,0.9,481.65,593.71,589.91
West Bengal,Bamboo Toy,Bamboo,97.91,4.7,75.6,355.32,3,2,Medium,1.0,453.23,657.11,609.62
Tamil Nadu,Bamboo Craft,Bamboo,230.54,8.3,55.79,463.06,3,4,High,1.1,693.6,884.85,965.66
Rajasthan,Wood Craft,Wood,125.84,5.8,58.94,341.85,4,2,Very High,1.2,467.69,629.97,694.07
Uttar Pradesh,Clay/Terracotta Toy,Terracotta,40.82,3.4,55.44,188.5,1,5,Low,0.9,229.32,371.01,316.04
Gujarat,Wood Craft,Bamboo,194.78,6.0,57.66,345.96,2,4,Very High,1.2,540.74,716.21,832.56
Odisha,Wooden Toy,Bamboo,237.52,4.9,60.95,298.66,2,2,Low,0.9,536.18,757.84,668.99
Uttar Pradesh,Home Decor,Clay,72.68,4.9,62.41,305.81,3,2,Low,0.9,378.49,669.21,573.53
Karnataka,Wood Craft,Bamboo,231.65,8.7,65.13,566.63,2,5,Very High,1.2,798.28,1487.15,1456.13
West Bengal,Textile Craft,Silk,689.02,8.2,59.2,485.44,2,4,Medium,1.0,1174.46,1590.46,1650.66
Uttar Pradesh,Wooden Toy,Wood,91.68,9.8,55.85,547.33,1,5,High,1.1,639.01,886.8,915.69
Kerala,Wood Craft,Wood,159.87,10.8,63.32,683.86,2,5,Very High,1.2,843.73,1219.73,1386.07
West Bengal,Home Decor,Clay,119.54,13.2,66.13,872.92,3,3,Medium,1.0,992.46,1163.39,1262.64
Odisha,Home Decor,Cotton,81.98,14.0,62.53,875.42,3,5,High,1.1,957.4,1226.87,1397.26
Uttar Pradesh,Textile Craft,Wool,146.89,8.7,60.17,523.48,1,5,Very High,1.2,670.37,969.15,1083.2
Uttar Pradesh,Metal Craft,Iron,594.62,8.2,61.47,504.05,5,4,High,1.1,1098.67,1815.08,1832.8
Uttar Pradesh,Pottery,Terracotta,49.18,5.0,50.98,254.9,4,5,Low,0.9,304.08,441.57,413.95
Kerala,Wooden Toy,Wood,322.65,3.1,75.7,234.67,3,4,Low,0.9,557.32,826.98,757.41
Tamil Nadu,Wood Craft,Wood,395.03,11.7,79.12,925.7,3,2,Medium,1.0,1320.73,1863.68,1877.77
Odisha,Textile Craft,Silk,314.25,6.1,58.55,357.15,4,4,Very High,1.2,671.4,992.37,1129.76
Odisha,Wood Craft,Bamboo,147.08,7.9,67.69,534.75,2,5,Medium,1.0,681.83,1065.02,988.18
Odisha,Metal Craft,Copper,638.14,7.4,46.1,341.14,1,3,High,1.1,979.28,1221.77,1297.34
Telangana,Clay/Terracotta Toy,Clay,176.67,6.8,78.09,531.01,1,2,Very High,1.2,707.68,906.93,998.23
West Bengal,Handmade Jewelry,Copper,422.06,8.7,66.01,574.29,2,1,Low,0.9,996.35,1390.43,1297.38
Telangana,Home Decor,Cotton,323.79,11.5,74.99,862.38,2,5,High,1.1,1186.17,1510.11,1680.3
Rajasthan,Pottery,Terracotta,180.17,6.6,55.87,368.74,2,1,Very High,1.2,548.91,667.12,725.95
Gujarat,Home Decor,Bamboo,75.59,5.0,75.31,376.55,4,3,Low,0.9,452.14,600.19,600.22
Rajasthan,Bamboo Craft,Cane,205.95,6.6,55.44,365.9,3,3,High,1.1,571.85,971.86,927.44
Tamil Nadu,Bamboo Toy,Bamboo,171.32,4.9,63.45,310.91,1,2,Medium,1.0,482.23,595.86,609.96
Gujarat,Metal Craft,Iron,302.3,5.1,81.97,418.05,3,1,Very High,1.2,720.35,1063.49,1186.16
Uttar Pradesh,Wooden Toy,Wood,267.56,3.8,46.41,176.36,2,5,Medium,1.0,443.92,653.63,620.37
Telangana,Bamboo Craft,Bamboo,76.83,10.7,72.35,774.14,5,3,Very High,1.2,850.97,1058.0,1267.19
Andhra Pradesh,Bamboo Craft,Bamboo,113.28,5.1,74.42,379.54,2,1,High,1.1,492.82,657.14,696.21
Odisha,Home Decor,Bamboo,117.67,7.9,57.66,455.51,3,2,Medium,1.0,573.18,800.74,774.35
Tamil Nadu,Bamboo Craft,Cane,216.31,8.8,57.52,506.18,1,1,Very High,1.2,722.49,1121.12,1111.82
Telangana,Wooden Toy,Wood,287.37,5.4,71.26,384.8,4,2,Medium,1.0,672.17,960.7,960.33
Tamil Nadu,Handmade Jewelry,Brass,715.41,9.0,71.84,646.56,4,2,Very High,1.2,1361.97,2409.66,2441.97
Kerala,Handmade Jewelry,Beads,383.38,2.5,65.69,164.22,3,3,Low,0.9,547.61,968.33,842.72
Odisha,Pottery,Terracotta,154.45,2.5,53.16,132.9,1,2,Medium,1.0,287.35,320.66,332.34
Andhra Pradesh,Wooden Toy,Bamboo,73.7,8.1,50.51,409.13,4,4,High,1.1,482.83,649.08,729.27
Tamil Nadu,Wooden Toy,Wood,203.22,5.9,69.04,407.34,3,2,High,1.1,610.56,816.57,879.54
Rajasthan,Wooden Toy,Wood,392.35,5.0,55.54,277.7,4,3,High,1.1,670.05,1053.2,1062.52
Karnataka,Bamboo Toy,Bamboo,80.71,5.9,64.67,381.55,2,1,Medium,1.0,462.26,649.21,606.51
Karnataka,Bamboo Toy,Bamboo,99.35,3.5,82.72,289.52,5,4,High,1.1,388.87,598.76,618.99
Rajasthan,Textile Craft,Cotton,272.45,4.8,59.17,284.02,2,3,Low,0.9,556.47,746.89,731.13
Andhra Pradesh,Home Decor,Clay,156.28,9.6,63.02,604.99,1,5,Very High,1.2,761.27,1006.24,1235.25
Kerala,Pottery,Terracotta,144.41,7.8,62.88,490.46,1,2,High,1.1,634.87,805.02,830.95
Telangana,Bamboo Toy,Bamboo,227.27,4.4,62.54,275.18,4,2,Low,0.9,502.45,807.67,692.7
Rajasthan,Home Decor,Cotton,83.51,3.3,68.06,224.6,5,1,Low,0.9,308.11,466.86,425.11
Gujarat,Wooden Toy,Wood,245.0,4.5,79.45,357.53,1,1,Medium,1.0,602.53,860.82,787.99
Uttar Pradesh,Wooden Toy,Wood,295.78,2.3,70.76,162.75,4,2,High,1.1,458.53,619.31,667.83
Gujarat,Pottery,Terracotta,191.75,5.4,69.44,374.98,3,2,Medium,1.0,566.73,911.66,838.62
West Bengal,Handmade Jewelry,Copper,496.45,10.4,53.17,552.97,1,3,Low,0.9,1049.42,1883.56,1593.48
Andhra Pradesh,Clay/Terracotta Toy,Terracotta,177.65,5.1,61.46,313.45,1,3,Low,0.9,491.1,760.49,642.88
Telangana,Textile Craft,Wool,390.83,10.4,54.33,565.03,1,3,Medium,1.0,955.86,1371.65,1313.04
Tamil Nadu,Wooden Toy,Wood,313.72,5.0,80.85,404.25,4,4,Very High,1.2,717.97,1086.27,1217.2
Uttar Pradesh,Clay/Terracotta Toy,Clay,67.81,3.5,71.96,251.86,5,5,Medium,1.0,319.67,601.21,531.16
Karnataka,Handmade Jewelry,Beads,269.3,7.5,69.76,523.2,2,3,Very High,1.2,792.5,1110.26,1296.63
Andhra Pradesh,Metal Craft,Brass,593.65,11.2,62.06,695.07,4,5,Medium,1.0,1288.72,2332.58,2141.46
Odisha,Home Decor,Wood,364.11,11.7,63.55,743.53,4,3,Low,0.9,1107.64,1882.62,1602.55
Rajasthan,Home Decor,Bamboo,160.02,8.2,49.29,404.18,3,1,Medium,1.0,564.2,905.37,865.82
Karnataka,Textile Craft,Silk,252.39,8.5,69.65,592.03,4,3,High,1.1,844.42,1267.71,1282.55
Kerala,Handmade Jewelry,Copper,336.15,11.5,80.73,928.4,4,4,Medium,1.0,1264.55,2436.96,2191.37
West Bengal,Pottery,Terracotta,118.63,3.0,76.69,230.07,3,5,Low,0.9,348.7,583.32,499.76
Odisha,Pottery,Clay,44.5,4.6,48.86,224.76,3,5,High,1.1,269.26,365.7,405.91
Andhra Pradesh,Metal Craft,Copper,689.22,9.9,79.54,787.45,5,4,Medium,1.0,1476.67,1916.38,2033.57
Kerala,Home Decor,Clay,72.48,9.6,89.98,863.81,1,4,High,1.1,936.29,1131.48,1233.77
Karnataka,Wooden Toy,Wood,182.18,6.5,58.41,379.66,5,2,Low,0.9,561.85,792.3,730.78
Tamil Nadu,Clay/Terracotta Toy,Clay,147.47,7.2,72.18,519.7,2,3,Very High,1.2,667.17,1127.0,1122.54
Telangana,Bamboo Craft,Bamboo,170.88,4.6,73.7,339.02,1,3,Very High,1.2,509.9,705.79,771.25
Gujarat,Bamboo Toy,Bamboo,220.18,7.6,63.75,484.5,4,3,High,1.1,704.68,902.78,992.66
Uttar Pradesh,Home Decor,Wood,295.13,6.0,74.99,449.94,1,2,Very High,1.2,745.07,1009.74,1111.87
Andhra Pradesh,Metal Craft,Iron,591.98,7.2,60.15,433.08,5,5,High,1.1,1025.06,1638.73,1793.01
Odisha,Bamboo Craft,Cane,203.84,9.0,45.35,408.15,4,1,High,1.1,611.99,922.92,900.31
Telangana,Home Decor,Wood,200.01,5.3,65.59,347.63,3,4,High,1.1,547.64,758.13,793.6
Gujarat,Metal Craft,Copper,686.8,14.8,59.91,886.67,4,2,Low,0.9,1573.47,2056.95,1966.36
Rajasthan,Bamboo Toy,Cane,247.7,2.6,62.8,163.28,1,1,Medium,1.0,410.98,512.54,498.72
Andhra Pradesh,Handmade Jewelry,Copper,580.94,11.4,72.06,821.48,4,1,High,1.1,1402.42,1971.83,2083.33
West Bengal,Clay/Terracotta Toy,Terracotta,181.75,3.7,53.27,197.1,2,4,Very High,1.2,378.85,621.15,611.54
Tamil Nadu,Wood Craft,Bamboo,195.44,7.6,76.37,580.41,1,3,Low,0.9,775.85,1130.39,979.71
Uttar Pradesh,Bamboo Toy,Cane,135.15,2.7,68.88,185.98,4,4,Medium,1.0,321.13,498.17,470.25
Tamil Nadu,Clay/Terracotta Toy,Clay,38.38,6.8,56.88,386.78,4,5,Very High,1.2,425.16,609.57,671.95
Tamil Nadu,Handmade Jewelry,Brass,648.51,7.7,66.44,511.59,4,2,Very High,1.2,1160.1,2120.89,2078.73
Gujarat,Pottery,Clay,78.81,9.0,64.13,577.17,4,3,Medium,1.0,655.98,999.6,909.15
Kerala,Metal Craft,Copper,819.29,8.3,61.43,509.87,2,2,Low,0.9,1329.16,1512.52,1528.53
Andhra Pradesh,Wooden Toy,Bamboo,167.39,7.6,55.63,422.79,3,5,Low,0.9,590.18,977.47,859.22
Tamil Nadu,Clay/Terracotta Toy,Clay,111.31,4.2,61.68,259.06,2,3,Medium,1.0,370.37,468.24,464.65
Rajasthan,Handmade Jewelry,Copper,378.67,4.8,66.97,321.46,4,4,Low,0.9,700.13,1011.42,1019.82
Gujarat,Bamboo Craft,Bamboo,207.65,6.4,81.2,519.68,2,4,High,1.1,727.33,1054.47,1018.37
Gujarat,Handmade Jewelry,Silver,1372.58,6.2,55.08,341.5,4,5,Very High,1.2,1714.08,2388.48,2935.35
West Bengal,Handmade Jewelry,Silver,787.84,10.8,74.0,799.2,2,5,Low,0.9,1587.04,2483.03,2204.86
West Bengal,Bamboo Toy,Cane,207.33,4.0,62.37,249.48,1,1,Low,0.9,456.81,615.19,554.17
Telangana,Home Decor,Cotton,250.77,11.6,63.36,734.98,1,5,Low,0.9,985.75,1206.69,1164.23
Karnataka,Pottery,Clay,149.91,8.0,69.55,556.4,3,1,Medium,1.0,706.31,1089.86,990.73
Uttar Pradesh,Bamboo Craft,Cane,114.64,6.8,59.52,404.74,3,2,High,1.1,519.38,706.69,758.63
West Bengal,Clay/Terracotta Toy,Clay,113.16,2.3,53.31,122.61,1,5,Low,0.9,235.77,371.26,328.0
Rajasthan,Metal Craft,Copper,714.86,9.8,58.36,571.93,1,2,Low,0.9,1286.79,2150.76,1833.43
Rajasthan,Wood Craft,Bamboo,84.5,5.7,57.76,329.23,4,1,Medium,1.0,413.73,569.14,586.95
Telangana,Clay/Terracotta Toy,Terracotta,106.49,4.7,65.33,307.05,2,1,Medium,1.0,413.54,580.84,541.36
Telangana,Wood Craft,Bamboo,101.94,6.8,73.32,498.58,1,5,Medium,1.0,600.52,892.57,852.4
Telangana,Metal Craft,Iron,469.88,11.4,68.1,776.34,4,5,Very High,1.2,1246.22,2003.92,2109.99
Karnataka,Metal Craft,Brass,732.63,8.9,79.66,708.97,3,5,Medium,1.0,1441.6,2478.6,2208.34
Rajasthan,Pottery,Clay,78.72,2.7,54.0,145.8,5,1,Medium,1.0,224.52,266.29,287.99
Gujarat,Bamboo Toy,Bamboo,72.26,4.1,70.05,287.2,2,2,Medium,1.0,359.46,392.67,416.19
West Bengal,Pottery,Clay,60.16,4.7,68.08,319.98,2,3,Very High,1.2,380.14,525.39,542.65
Gujarat,Home Decor,Bamboo,238.55,13.1,76.65,1004.12,3,2,High,1.1,1242.66,1924.89,2009.84
Karnataka,Bamboo Toy,Cane,104.98,5.7,70.7,402.99,3,5,High,1.1,507.97,655.29,725.05
Andhra Pradesh,Handmade Jewelry,Copper,359.95,2.9,72.99,211.67,2,5,High,1.1,571.62,1071.86,1027.89
West Bengal,Bamboo Craft,Cane,153.45,3.1,56.77,175.99,4,2,High,1.1,329.44,472.43,480.8
Uttar Pradesh,Home Decor,Bamboo,231.99,7.4,64.68,478.63,5,2,Medium,1.0,710.62,1064.45,1101.34
Kerala,Textile Craft,Wool,341.56,11.0,68.67,755.37,4,1,Very High,1.2,1096.93,1463.47,1747.74
Odisha,Wood Craft,Wood,175.75,6.3,52.83,332.83,2,1,Medium,1.0,508.58,614.61,632.0
Rajasthan,Metal Craft,Iron,413.89,6.7,67.21,450.31,5,2,Medium,1.0,864.2,1228.89,1239.41
Telangana,Clay/Terracotta Toy,Terracotta,128.98,5.4,63.82,344.63,2,4,Medium,1.0,473.61,738.51,676.48
Gujarat,Bamboo Craft,Cane,128.14,8.8,70.31,618.73,5,4,Low,0.9,746.87,1279.71,1085.55
Odisha,Handmade Jewelry,Copper,848.34,8.8,71.62,630.26,1,2,High,1.1,1478.6,2405.84,2282.14
Karnataka,Home Decor,Cotton,345.55,11.4,66.16,754.22,2,4,Very High,1.2,1099.77,1552.21,1713.68
Telangana,Bamboo Craft,Cane,80.89,3.4,64.79,220.29,3,5,Medium,1.0,301.18,477.67,428.02
Karnataka,Wooden Toy,Wood,169.43,7.6,81.07,616.13,2,3,Very High,1.2,785.56,1166.65,1220.99
West Bengal,Handmade Jewelry,Silver,503.13,8.4,69.81,586.4,3,1,High,1.1,1089.53,2034.27,1898.36
Telangana,Textile Craft,Wool,443.01,7.1,58.41,414.71,2,4,High,1.1,857.72,1008.63,1167.99
Uttar Pradesh,Wooden Toy,Wood,277.5,9.3,67.14,624.4,5,2,Low,0.9,901.9,1354.07,1218.14
Tamil Nadu,Wooden Toy,Wood,98.05,3.2,71.57,229.02,5,3,Low,0.9,327.07,545.22,464.31
Rajasthan,Bamboo Craft,Bamboo,159.13,9.0,50.09,450.81,1,5,Medium,1.0,609.94,753.99,795.28
Rajasthan,Metal Craft,Iron,225.31,4.2,45.89,192.74,5,5,Low,0.9,418.05,818.92,697.47
Odisha,Bamboo Toy,Bamboo,222.45,4.4,46.49,204.56,3,2,Low,0.9,427.01,549.39,532.55
Andhra Pradesh,Handmade Jewelry,Silver,1231.73,7.0,54.88,384.16,2,5,Medium,1.0,1615.89,2299.83,2399.8
Odisha,Textile Craft,Cotton,283.62,4.7,65.5,307.85,4,4,Medium,1.0,591.47,948.73,891.3
Karnataka,Wood Craft,Bamboo,102.07,13.7,68.93,944.34,5,3,Very High,1.2,1046.41,1342.72,1597.24
Tamil Nadu,Metal Craft,Copper,512.47,7.0,83.47,584.29,4,4,Medium,1.0,1096.76,1831.75,1644.34
Rajasthan,Wooden Toy,Bamboo,130.88,10.0,56.73,567.3,4,1,High,1.1,698.18,963.13,984.68
Gujarat,Metal Craft,Copper,666.99,5.2,77.1,400.92,3,2,Low,0.9,1067.91,1607.71,1483.09
Odisha,Bamboo Craft,Cane,255.24,7.4,63.8,472.12,5,1,Low,0.9,727.36,1076.45,947.85
West Bengal,Clay/Terracotta Toy,Clay,173.94,3.7,67.34,249.16,1,3,Medium,1.0,423.1,512.46,511.23
Kerala,Handmade Jewelry,Silver,1373.04,5.6,61.18,342.61,1,1,Medium,1.0,1715.65,2380.27,2265.07
Odisha,Clay/Terracotta Toy,Clay,111.09,2.1,64.56,135.58,1,2,Medium,1.0,246.67,314.07,306.38
Kerala,Clay/Terracotta Toy,Clay,161.98,7.0,83.98,587.86,1,2,Medium,1.0,749.84,793.18,872.34
Telangana,Wooden Toy,Wood,354.7,4.1,54.43,223.16,3,5,Very High,1.2,577.86,753.32,901.51
West Bengal,Metal Craft,Copper,329.5,13.3,76.86,1022.24,4,1,High,1.1,1351.74,1652.97,1859.2
Telangana,Handmade Jewelry,Brass,685.63,6.5,74.37,483.41,2,5,Low,0.9,1169.04,1657.36,1664.85
Tamil Nadu,Bamboo Toy,Bamboo,209.15,5.4,65.95,356.13,2,2,Low,0.9,565.28,719.14,676.68
Uttar Pradesh,Metal Craft,Brass,550.27,15.7,53.51,840.11,3,3,Medium,1.0,1390.38,1890.66,1930.91
Odisha,Pottery,Clay,118.33,6.1,65.93,402.17,5,5,Very High,1.2,520.5,629.58,777.82
Uttar Pradesh,Metal Craft,Copper,808.72,11.1,56.79,630.37,5,4,Low,0.9,1439.09,2648.01,2238.64
Telangana,Metal Craft,Brass,511.31,11.0,57.44,631.84,1,1,High,1.1,1143.15,1449.98,1619.5
Rajasthan,Home Decor,Bamboo,90.8,7.4,61.26,453.32,5,1,Low,0.9,544.12,820.38,746.9
Gujarat,Textile Craft,Silk,334.36,8.5,65.66,558.11,1,2,Medium,1.0,892.47,1403.06,1275.26
Rajasthan,Clay/Terracotta Toy,Clay,136.35,3.3,51.74,170.74,5,3,Very High,1.2,307.09,490.73,516.36
Kerala,Clay/Terracotta Toy,Terracotta,176.22,6.1,63.77,389.0,5,1,Very High,1.2,565.22,845.17,869.97
Tamil Nadu,Handmade Jewelry,Brass,275.63,4.9,84.82,415.62,3,5,Low,0.9,691.25,1063.21,966.79
West Bengal,Clay/Terracotta Toy,Clay,160.57,5.3,54.28,287.68,1,4,Low,0.9,448.25,531.16,524.95
West Bengal,Handmade Jewelry,Beads,175.78,2.9,61.83,179.31,5,2,High,1.1,355.09,548.62,555.61
Rajasthan,Pottery,Clay,124.26,7.4,71.12,526.29,4,3,Low,0.9,650.55,1074.27,908.72
Gujarat,Pottery,Clay,167.74,7.2,61.01,439.27,3,3,Medium,1.0,607.01,795.63,832.57
Telangana,Metal Craft,Brass,830.67,15.7,79.8,1252.86,5,4,Very High,1.2,2083.53,3735.92,3705.08
Gujarat,Bamboo Toy,Cane,108.11,7.3,61.81,451.21,3,1,Medium,1.0,559.32,597.7,643.22
Telangana,Handmade Jewelry,Beads,170.31,2.3,53.29,122.57,4,5,Very High,1.2,292.88,533.82,552.25
Telangana,Clay/Terracotta Toy,Clay,142.54,2.8,77.58,217.22,1,2,Very High,1.2,359.76,422.14,493.14
Rajasthan,Handmade Jewelry,Silver,994.79,4.7,66.47,312.41,4,5,Low,0.9,1307.2,2371.4,2008.66
Uttar Pradesh,Clay/Terracotta Toy,Clay,50.21,5.9,59.78,352.7,2,1,Very High,1.2,402.91,606.4,625.77
Rajasthan,Wood Craft,Wood,379.23,8.2,49.71,407.62,1,5,Medium,1.0,786.85,1044.54,1079.7
Andhra Pradesh,Clay/Terracotta Toy,Terracotta,55.59,7.5,76.21,571.57,5,3,Very High,1.2,627.16,1008.53,1010.04
West Bengal,Bamboo Toy,Bamboo,226.54,7.7,67.66,520.98,4,4,Medium,1.0,747.52,1246.88,1133.82
Odisha,Clay/Terracotta Toy,Clay,138.99,5.5,65.68,361.24,3,5,High,1.1,500.23,679.25,742.02
Uttar Pradesh,Pottery,Terracotta,58.15,7.0,48.04,336.28,5,5,Low,0.9,394.43,728.9,615.76
Tamil Nadu,Handmade Jewelry,Silver,1382.18,9.4,78.04,733.58,3,2,Low,0.9,2115.76,3159.05,2960.01
Uttar Pradesh,Home Decor,Cotton,120.36,4.6,58.7,270.02,4,3,Very High,1.2,390.38,525.35,638.11
West Bengal,Bamboo Craft,Cane,142.42,5.0,50.23,251.15,3,3,High,1.1,393.57,625.1,590.7
Andhra Pradesh,Bamboo Toy,Bamboo,159.5,5.3,59.53,315.51,1,2,Very High,1.2,475.01,638.3,689.59
Karnataka,Pottery,Clay,130.2,5.4,81.25,438.75,4,5,High,1.1,568.95,803.5,869.15
Rajasthan,Textile Craft,Cotton,186.34,3.1,64.73,200.66,5,3,Very High,1.2,387.0,633.84,683.46
Telangana,Metal Craft,Iron,365.47,6.7,54.08,362.34,3,1,Medium,1.0,727.81,1063.65,1000.31
Andhra Pradesh,Pottery,Terracotta,172.27,8.9,63.58,565.86,3,4,High,1.1,738.13,854.22,1000.76
Gujarat,Home Decor,Bamboo,172.63,4.3,82.23,353.59,2,5,High,1.1,526.22,716.29,781.47
Telangana,Bamboo Craft,Bamboo,72.39,10.1,62.34,629.63,2,5,Very High,1.2,702.02,1055.53,1093.59
Telangana,Wood Craft,Bamboo,131.38,4.3,75.33,323.92,5,4,Very High,1.2,455.3,778.56,797.34
Odisha,Metal Craft,Copper,556.54,7.7,45.4,349.58,1,4,Medium,1.0,906.12,1381.32,1288.34
Rajasthan,Handmade Jewelry,Copper,466.76,3.0,69.69,209.07,4,4,Low,0.9,675.83,994.73,924.53
Karnataka,Pottery,Terracotta,192.33,5.5,68.38,376.09,2,3,Medium,1.0,568.42,827.19,796.89
West Bengal,Wooden Toy,Bamboo,120.33,8.5,58.15,494.27,4,5,Very High,1.2,614.61,1010.11,1082.19
Kerala,Bamboo Toy,Bamboo,178.63,4.1,72.05,295.4,2,2,Medium,1.0,474.03,628.07,623.15
Kerala,Bamboo Toy,Bamboo,170.55,4.6,85.02,391.09,1,3,High,1.1,561.64,774.85,793.34
Telangana,Clay/Terracotta Toy,Terracotta,68.71,3.2,62.69,200.61,3,4,Low,0.9,269.32,411.23,362.18
Telangana,Wood Craft,Bamboo,110.67,11.2,78.84,883.01,3,2,Medium,1.0,993.68,1185.54,1244.13
Gujarat,Wooden Toy,Wood,395.3,4.1,66.37,272.12,4,3,Very High,1.2,667.42,1089.61,1122.69
Rajasthan,Clay/Terracotta Toy,Terracotta,68.06,5.6,63.69,356.66,1,2,Medium,1.0,424.72,537.16,554.74
Kerala,Wood Craft,Bamboo,192.55,10.5,61.2,642.6,2,2,Low,0.9,835.15,1278.39,1152.47
Odisha,Pottery,Terracotta,110.59,7.8,48.08,375.02,4,4,High,1.1,485.61,631.71,675.75
Odisha,Handmade Jewelry,Copper,468.93,11.0,51.49,566.39,1,3,Medium,1.0,1035.32,1565.29,1449.16
Telangana,Wooden Toy,Bamboo,233.64,4.6,77.41,356.09,5,5,Medium,1.0,589.73,1120.09,1000.31
Odisha,Wood Craft,Bamboo,203.63,11.4,46.78,533.29,5,3,Medium,1.0,736.92,1305.57,1184.11
Kerala,Clay/Terracotta Toy,Clay,84.49,4.9,64.17,314.43,1,4,High,1.1,398.92,632.6,596.4
West Bengal,Pottery,Clay,131.68,2.7,76.86,207.52,1,3,High,1.1,339.2,508.26,501.42
West Bengal,Bamboo Craft,Cane,232.29,7.1,78.19,555.15,4,3,Very High,1.2,787.44,1067.54,1201.19
Tamil Nadu,Wood Craft,Bamboo,161.0,9.3,78.6,730.98,3,2,Medium,1.0,891.98,1517.3,1389.95
Karnataka,Wood Craft,Wood,126.27,11.5,59.86,688.39,1,4,High,1.1,814.66,1237.03,1200.19
Rajasthan,Wood Craft,Wood,175.49,13.3,56.98,757.83,2,1,High,1.1,933.32,1180.94,1265.53
Gujarat,Wooden Toy,Wood,318.44,6.2,70.63,437.91,5,3,Very High,1.2,756.35,1174.2,1289.65
Karnataka,Handmade Jewelry,Beads,316.83,11.6,60.02,696.23,4,3,High,1.1,1013.06,1595.79,1615.29
West Bengal,Handmade Jewelry,Copper,311.14,9.9,52.84,523.12,1,1,Low,0.9,834.26,1470.05,1226.64
Uttar Pradesh,Wood Craft,Bamboo,137.3,3.6,50.81,182.92,2,1,Low,0.9,320.22,458.22,398.64
Uttar Pradesh,Handmade Jewelry,Silver,542.56,3.7,74.77,276.65,1,5,Low,0.9,819.21,1367.34,1195.11
Telangana,Bamboo Toy,Bamboo,53.84,4.3,72.04,309.77,4,4,Very High,1.2,363.61,539.17,562.66
Kerala,Textile Craft,Cotton,270.96,8.8,75.64,665.63,2,4,High,1.1,936.59,1460.69,1409.51
West Bengal,Bamboo Toy,Bamboo,175.46,3.8,65.62,249.36,5,2,Very High,1.2,424.82,590.17,649.6
Uttar Pradesh,Clay/Terracotta Toy,Clay,102.12,6.8,65.64,446.35,4,5,High,1.1,548.47,823.13,822.09
Uttar Pradesh,Metal Craft,Copper,797.23,14.1,47.35,667.63,5,2,High,1.1,1464.87,2101.51,2325.12
Telangana,Wooden Toy,Wood,249.07,4.5,55.15,248.17,5,5,High,1.1,497.25,918.73,881.94
Odisha,Handmade Jewelry,Silver,741.09,8.6,67.39,579.55,3,5,Very High,1.2,1320.64,1779.99,2179.61
Uttar Pradesh,Bamboo Toy,Bamboo,126.35,5.3,50.58,268.07,1,3,High,1.1,394.42,562.32,548.8
Uttar Pradesh,Bamboo Toy,Bamboo,54.62,7.2,63.79,459.29,5,5,Low,0.9,513.91,788.74,739.82
Karnataka,Bamboo Craft,Cane,86.47,9.7,64.7,627.59,1,5,Very High,1.2,714.06,923.75,1045.51
Rajasthan,Home Decor,Cotton,221.34,7.5,67.55,506.62,5,4,Medium,1.0,727.97,1094.03,1141.35
Rajasthan,Home Decor,Bamboo,131.63,10.2,55.05,561.51,4,3,Low,0.9,693.14,830.17,848.63
Andhra Pradesh,Handmade Jewelry,Brass,358.58,3.2,65.22,208.7,2,3,Medium,1.0,567.28,959.24,891.56
West Bengal,Home Decor,Wood,377.55,4.5,59.47,267.62,4,1,Low,0.9,645.16,1037.57,885.28
Odisha,Wood Craft,Bamboo,239.29,8.7,49.78,433.09,4,2,Medium,1.0,672.38,872.52,917.62
Telangana,Clay/Terracotta Toy,Terracotta,78.86,5.1,52.34,266.93,1,2,Very High,1.2,345.79,431.94,466.04
Kerala,Bamboo Toy,Cane,198.41,5.2,74.81,389.01,1,3,Low,0.9,587.42,816.11,700.66
Odisha,Clay/Terracotta Toy,Clay,34.12,5.3,68.37,362.36,2,5,Medium,1.0,396.48,533.02,539.95
Rajasthan,Wooden Toy,Bamboo,117.24,4.0,69.95,279.8,4,3,Low,0.9,397.04,588.54,512.58
Uttar Pradesh,Textile Craft,Wool,217.08,4.6,73.93,340.08,1,2,Medium,1.0,557.16,668.75,714.46
Rajasthan,Bamboo Craft,Cane,232.9,11.5,49.79,572.59,2,3,Low,0.9,805.49,1272.16,1063.83
Uttar Pradesh,Handmade Jewelry,Copper,647.74,2.5,52.05,130.12,2,2,Very High,1.2,777.87,1102.69,1229.54
Kerala,Bamboo Toy,Cane,164.29,4.9,71.55,350.6,3,5,High,1.1,514.88,642.99,705.1
Uttar Pradesh,Bamboo Toy,Cane,236.82,3.7,71.98,266.33,3,1,Low,0.9,503.15,610.02,607.9
Kerala,Textile Craft,Wool,135.12,4.8,85.32,409.54,3,1,Low,0.9,544.66,738.95,686.36
Karnataka,Wood Craft,Bamboo,89.59,9.9,82.97,821.4,2,1,High,1.1,910.99,1224.42,1280.04
Odisha,Textile Craft,Silk,241.65,7.0,53.45,374.15,1,3,Low,0.9,615.8,679.76,708.17
Karnataka,Pottery,Clay,54.48,5.0,66.82,334.1,1,5,Low,0.9,388.58,579.96,504.63
Gujarat,Wood Craft,Bamboo,145.9,12.5,58.04,725.5,2,2,Very High,1.2,871.4,1288.92,1296.53
Andhra Pradesh,Home Decor,Wood,202.43,4.1,53.48,219.27,2,1,Low,0.9,421.7,492.76,505.52
Kerala,Clay/Terracotta Toy,Clay,99.59,6.0,73.79,442.74,4,5,High,1.1,542.33,798.02,836.54
West Bengal,Clay/Terracotta Toy,Terracotta,143.55,7.1,65.38,464.2,2,5,Low,0.9,607.75,816.78,753.1
Telangana,Bamboo Toy,Bamboo,69.75,4.8,56.61,271.73,3,3,Medium,1.0,341.48,550.25,492.47
Kerala,Bamboo Craft,Bamboo,207.49,11.0,69.06,759.66,2,4,Very High,1.2,967.15,1161.28,1356.51
Karnataka,Wood Craft,Bamboo,199.3,10.7,76.45,818.01,1,5,Medium,1.0,1017.32,1340.64,1428.52
Telangana,Home Decor,Clay,48.17,4.6,69.84,321.26,3,1,Very High,1.2,369.43,476.03,573.86
Kerala,Metal Craft,Brass,263.27,10.4,75.56,785.82,4,5,Very High,1.2,1049.09,1949.96,1960.59
Odisha,Pottery,Clay,161.57,3.5,48.86,171.01,1,1,Medium,1.0,332.58,495.61,436.44
Rajasthan,Metal Craft,Copper,574.35,7.3,74.25,542.02,4,2,Medium,1.0,1116.38,1680.43,1648.58
Odisha,Wood Craft,Bamboo,186.06,11.3,73.3,828.29,5,1,High,1.1,1014.35,1536.22,1626.28
Kerala,Handmade Jewelry,Copper,341.45,9.3,62.32,579.58,3,2,High,1.1,921.03,1211.9,1372.82
Kerala,Clay/Terracotta Toy,Terracotta,191.71,7.2,77.69,559.37,2,2,High,1.1,751.08,968.52,979.81
Telangana,Wooden Toy,Bamboo,152.83,9.6,54.92,527.23,2,3,Low,0.9,680.06,1026.66,888.59
West Bengal,Home Decor,Bamboo,199.42,12.9,62.57,807.15,2,1,High,1.1,1006.57,1195.43,1313.21
Telangana,Clay/Terracotta Toy,Terracotta,78.95,3.8,74.05,281.39,4,2,Very High,1.2,360.34,566.93,599.06
Rajasthan,Wooden Toy,Bamboo,184.78,9.2,46.76,430.19,2,3,Low,0.9,614.97,739.14,740.4
Odisha,Home Decor,Cotton,186.25,12.3,71.13,874.9,4,4,High,1.1,1061.15,2033.34,1900.22
Uttar Pradesh,Clay/Terracotta Toy,Clay,66.83,3.8,46.8,177.84,3,4,Low,0.9,244.67,356.9,313.95
Telangana,Wooden Toy,Wood,392.66,5.6,58.39,326.98,2,4,High,1.1,719.64,870.47,954.56
Odisha,Pottery,Terracotta,134.09,2.2,69.25,152.35,2,1,Low,0.9,286.44,392.01,340.87
Tamil Nadu,Wood Craft,Bamboo,188.64,6.5,57.31,372.51,2,5,Medium,1.0,561.15,914.65,816.8
Tamil Nadu,Clay/Terracotta Toy,Clay,126.84,6.4,55.9,357.76,4,5,High,1.1,484.6,674.1,760.25
Tamil Nadu,Bamboo Toy,Bamboo,124.29,2.4,62.82,150.77,2,3,Very High,1.2,275.06,313.83,383.19
Andhra Pradesh,Pottery,Terracotta,57.95,6.4,65.01,416.06,1,1,High,1.1,474.01,486.65,554.44
Uttar Pradesh,Handmade Jewelry,Beads,333.91,8.9,57.13,508.46,1,4,High,1.1,842.37,1187.79,1245.33
Andhra Pradesh,Textile Craft,Wool,284.6,10.8,78.36,846.29,4,2,Medium,1.0,1130.89,1567.82,1549.63
Rajasthan,Handmade Jewelry,Beads,128.42,8.8,53.0,466.4,5,1,Very High,1.2,594.82,1039.84,1104.29
Gujarat,Textile Craft,Cotton,173.21,4.5,68.72,309.24,4,4,Very High,1.2,482.45,634.03,732.09
Tamil Nadu,Clay/Terracotta Toy,Clay,57.65,3.1,77.56,240.44,3,1,High,1.1,298.09,459.48,437.24
West Bengal,Clay/Terracotta Toy,Clay,140.15,6.9,63.18,435.94,5,5,Very High,1.2,576.09,1054.5,1060.58
Telangana,Handmade Jewelry,Copper,742.35,10.7,75.09,803.46,1,4,Low,0.9,1545.81,2411.52,2249.76
Gujarat,Bamboo Toy,Bamboo,127.21,6.0,69.61,417.66,3,5,Medium,1.0,544.87,949.89,850.31
Telangana,Bamboo Toy,Cane,209.2,2.6,64.51,167.73,1,4,Medium,1.0,376.93,439.83,470.5
Andhra Pradesh,Metal Craft,Iron,456.47,14.4,76.22,1097.57,2,4,Low,0.9,1554.04,1996.06,1991.97
West Bengal,Wood Craft,Bamboo,196.58,6.4,68.08,435.71,3,3,High,1.1,632.29,1081.18,1042.52
Uttar Pradesh,Pottery,Clay,46.09,2.0,47.33,94.66,1,5,Low,0.9,140.75,242.37,203.46
Kerala,Bamboo Toy,Bamboo,246.57,2.2,81.26,178.77,5,3,Medium,1.0,425.34,692.02,646.1
Uttar Pradesh,Bamboo Craft,Bamboo,106.16,11.1,51.79,574.87,1,3,High,1.1,681.03,1019.72,973.33
West Bengal,Metal Craft,Copper,674.92,7.3,72.92,532.32,2,2,Low,0.9,1207.24,1956.36,1724.2
Karnataka,Bamboo Toy,Bamboo,170.12,4.8,64.41,309.17,1,4,Very High,1.2,479.29,640.59,719.62
Kerala,Bamboo Craft,Bamboo,72.19,4.5,89.96,404.82,1,4,Low,0.9,477.01,598.9,572.09
Kerala,Home Decor,Wood,202.25,8.1,60.16,487.3,5,5,Very High,1.2,689.55,985.6,1213.8
Gujarat,Clay/Terracotta Toy,Clay,137.96,7.4,61.4,454.36,3,2,Medium,1.0,592.32,692.74,713.79
Odisha,Wooden Toy,Bamboo,59.67,3.2,49.05,156.96,2,2,High,1.1,216.63,269.75,293.02
Tamil Nadu,Bamboo Toy,Bamboo,73.96,7.8,80.1,624.78,4,3,Low,0.9,698.74,1002.22,921.72
Andhra Pradesh,Bamboo Toy,Cane,232.51,2.6,75.42,196.09,2,1,Very High,1.2,428.6,498.63,554.66
Kerala,Metal Craft,Copper,277.7,4.3,74.46,320.18,2,1,High,1.1,597.88,731.4,835.01
Karnataka,Textile Craft,Silk,696.02,11.4,68.5,780.9,1,2,Medium,1.0,1476.92,2133.67,1909.31
Telangana,Clay/Terracotta Toy,Clay,61.75,5.7,69.29,394.95,4,5,Very High,1.2,456.7,546.08,667.92
Odisha,Metal Craft,Brass,778.05,15.6,47.3,737.88,4,3,Medium,1.0,1515.93,2365.97,2384.67
Gujarat,Handmade Jewelry,Copper,310.33,7.6,81.43,618.87,4,5,Very High,1.2,929.2,1221.62,1509.9
Gujarat,Wooden Toy,Wood,189.66,6.3,56.68,357.08,4,3,Low,0.9,546.74,910.05,772.74
Kerala,Bamboo Craft,Cane,150.7,6.9,65.6,452.64,1,1,Medium,1.0,603.34,712.6,712.96
Kerala,Pottery,Terracotta,191.08,5.4,62.05,335.07,4,5,Medium,1.0,526.15,941.27,839.06
Kerala,Handmade Jewelry,Silver,946.29,3.2,65.04,208.13,5,2,Medium,1.0,1154.42,1931.04,1778.78
Karnataka,Metal Craft,Brass,620.74,9.7,79.67,772.8,1,3,Medium,1.0,1393.54,2236.08,2078.08
Karnataka,Clay/Terracotta Toy,Clay,85.49,5.2,65.3,339.56,1,5,High,1.1,425.05,736.64,691.63
Kerala,Clay/Terracotta Toy,Terracotta,54.79,2.8,77.11,215.91,2,4,High,1.1,270.7,353.18,379.6
Rajasthan,Bamboo Craft,Bamboo,165.32,5.3,56.56,299.77,4,1,Medium,1.0,465.09,532.01,576.37
Karnataka,Bamboo Toy,Cane,188.07,3.4,66.01,224.43,3,1,Very High,1.2,412.5,492.93,575.96
Telangana,Home Decor,Wood,376.7,4.3,53.33,229.32,2,3,High,1.1,606.02,797.62,912.47
Rajasthan,Pottery,Terracotta,109.21,3.3,68.56,226.25,2,4,Low,0.9,335.46,416.36,404.67
Telangana,Wood Craft,Wood,102.72,3.7,73.24,270.99,4,2,Medium,1.0,373.71,554.2,526.57
Rajasthan,Home Decor,Wood,183.68,11.3,64.31,726.7,1,5,Low,0.9,910.38,1509.93,1322.06
Gujarat,Wooden Toy,Bamboo,152.23,8.3,70.77,587.39,4,4,Medium,1.0,739.62,1074.83,1016.96
Rajasthan,Home Decor,Bamboo,74.93,12.9,64.9,837.21,5,3,Very High,1.2,912.14,1504.95,1561.84
Karnataka,Textile Craft,Cotton,214.85,9.1,74.96,682.14,3,2,Medium,1.0,896.99,1392.37,1251.8
Odisha,Clay/Terracotta Toy,Terracotta,147.06,6.4,58.27,372.93,5,5,Medium,1.0,519.99,889.87,805.91
Telangana,Wooden Toy,Bamboo,90.1,9.1,62.64,570.02,1,2,Medium,1.0,660.12,943.17,872.13
Kerala,Textile Craft,Silk,523.18,9.9,84.96,841.1,4,3,Medium,1.0,1364.28,2326.86,2177.85
Uttar Pradesh,Bamboo Toy,Bamboo,227.34,4.3,67.76,291.37,3,2,High,1.1,518.71,556.69,654.05
Tamil Nadu,Textile Craft,Silk,368.07,7.2,56.37,405.86,2,5,High,1.1,773.93,1122.44,1173.61
Gujarat,Pottery,Clay,65.08,2.1,67.97,142.74,2,1,High,1.1,207.82,272.61,269.07
Gujarat,Wooden Toy,Wood,99.01,2.9,56.32,163.33,5,1,Low,0.9,262.34,403.37,347.13
Kerala,Pottery,Clay,117.0,6.6,72.9,481.14,4,4,Very High,1.2,598.14,917.78,993.78
Karnataka,Textile Craft,Silk,400.66,7.2,82.47,593.78,1,4,Low,0.9,994.44,1602.77,1334.37
Gujarat,Wooden Toy,Wood,102.48,10.0,58.0,580.0,1,4,Very High,1.2,682.48,935.78,1037.46
Telangana,Home Decor,Cotton,257.01,13.7,57.97,794.19,5,5,Medium,1.0,1051.2,1845.38,1760.14
Odisha,Pottery,Clay,62.8,5.6,45.74,256.14,1,4,Very High,1.2,318.94,442.49,467.91
Gujarat,Wood Craft,Bamboo,100.88,11.4,77.44,882.82,3,2,Very High,1.2,983.7,1548.34,1612.76
Odisha,Metal Craft,Copper,605.58,12.0,56.2,674.4,2,2,Medium,1.0,1279.98,1589.33,1736.64
Rajasthan,Textile Craft,Wool,316.13,3.1,56.32,174.59,4,5,Low,0.9,490.72,865.57,725.43
Rajasthan,Textile Craft,Cotton,177.85,4.0,73.82,295.28,4,2,Very High,1.2,473.13,783.83,768.78
Odisha,Pottery,Terracotta,206.61,4.6,74.55,342.93,2,2,Low,0.9,549.54,786.68,693.33
Karnataka,Wooden Toy,Bamboo,124.78,2.8,84.93,237.8,2,2,High,1.1,362.58,473.86,480.43
Tamil Nadu,Home Decor,Cotton,324.03,3.3,73.55,242.71,5,2,Very High,1.2,566.74,1063.44,1042.74
Gujarat,Bamboo Toy,Cane,77.06,4.7,68.61,322.47,4,1,Medium,1.0,399.53,612.43,544.37
Telangana,Metal Craft,Copper,497.45,15.7,74.91,1176.09,5,1,Low,0.9,1673.54,3134.01,2663.26
Uttar Pradesh,Home Decor,Clay,172.47,11.8,58.05,684.99,4,5,High,1.1,857.46,1516.37,1475.07
West Bengal,Bamboo Toy,Bamboo,178.37,5.0,71.41,357.05,1,1,Medium,1.0,535.42,769.54,677.26
West Bengal,Wooden Toy,Wood,117.4,2.2,70.34,154.75,5,2,Very High,1.2,272.15,365.98,415.13
West Bengal,Pottery,Clay,124.23,7.6,54.2,411.92,3,3,High,1.1,536.15,900.65,840.64
Rajasthan,Textile Craft,Silk,559.96,6.1,66.21,403.88,4,1,Very High,1.2,963.84,1130.48,1407.02
Odisha,Metal Craft,Copper,756.3,13.6,45.72,621.79,3,1,High,1.1,1378.09,1725.67,1947.94
Andhra Pradesh,Bamboo Craft,Cane,132.32,5.9,55.98,330.28,5,4,Medium,1.0,462.6,722.22,705.36
Uttar Pradesh,Handmade Jewelry,Copper,380.08,5.5,52.68,289.74,4,5,Very High,1.2,669.82,1085.0,1198.14
Kerala,Wood Craft,Bamboo,123.64,3.6,79.05,284.58,4,4,Medium,1.0,408.22,500.18,547.5
Gujarat,Metal Craft,Copper,614.0,7.8,61.12,476.74,3,3,Very High,1.2,1090.74,1451.02,1627.01
Telangana,Bamboo Toy,Cane,94.21,7.7,60.21,463.62,3,1,Low,0.9,557.83,691.15,652.09
West Bengal,Bamboo Toy,Cane,132.82,3.5,53.32,186.62,4,5,Low,0.9,319.44,440.33,417.48
Karnataka,Textile Craft,Silk,625.58,8.3,57.72,479.08,3,5,Very High,1.2,1104.66,1636.85,1851.89
West Bengal,Clay/Terracotta Toy,Terracotta,41.08,5.9,57.33,338.25,5,2,Medium,1.0,379.33,492.07,493.87
Andhra Pradesh,Bamboo Craft,Bamboo,154.75,11.6,64.48,747.97,1,2,High,1.1,902.72,1041.21,1178.71
Andhra Pradesh,Wood Craft,Wood,328.51,5.2,55.45,288.34,5,5,Very High,1.2,616.85,1089.4,1080.71
Telangana,Wooden Toy,Bamboo,209.26,5.0,72.15,360.75,3,5,Medium,1.0,570.01,748.15,763.85
Odisha,Pottery,Clay,93.76,8.5,74.33,631.8,5,1,Very High,1.2,725.56,916.34,1076.28
Andhra Pradesh,Textile Craft,Silk,659.56,8.6,68.68,590.65,3,5,Very High,1.2,1250.21,1975.63,2125.44
Uttar Pradesh,Home Decor,Clay,37.51,7.0,72.77,509.39,5,2,Very High,1.2,546.9,851.31,887.28
Odisha,Clay/Terracotta Toy,Terracotta,98.46,2.8,52.86,148.01,2,3,Medium,1.0,246.47,291.09,307.54
Gujarat,Wood Craft,Wood,264.92,3.3,68.57,226.28,2,4,High,1.1,491.2,608.07,692.35
Uttar Pradesh,Bamboo Toy,Bamboo,70.72,2.8,46.05,128.94,3,5,Medium,1.0,199.66,260.35,262.53
Uttar Pradesh,Wood Craft,Wood,143.63,6.0,47.77,286.62,5,2,Low,0.9,430.25,588.23,577.39
Andhra Pradesh,Clay/Terracotta Toy,Terracotta,142.6,7.4,50.02,370.15,3,5,Very High,1.2,512.75,662.33,815.86
Andhra Pradesh,Pottery,Terracotta,199.6,6.7,50.93,341.23,2,3,Medium,1.0,540.83,802.18,713.98
Karnataka,Metal Craft,Copper,544.2,9.0,73.29,659.61,1,1,Low,0.9,1203.81,1415.16,1384.38
Andhra Pradesh,Bamboo Toy,Cane,65.65,3.9,53.24,207.64,4,4,Medium,1.0,273.29,409.79,382.23
West Bengal,Metal Craft,Iron,260.05,7.8,65.73,512.69,3,4,Very High,1.2,772.74,1296.55,1297.79
Telangana,Handmade Jewelry,Copper,636.38,2.2,58.01,127.62,2,5,Low,0.9,764.0,1073.23,1065.54
Rajasthan,Handmade Jewelry,Brass,655.9,2.1,50.91,106.91,4,5,High,1.1,762.81,1212.94,1263.19
Karnataka,Wood Craft,Bamboo,201.64,6.5,66.83,434.39,3,3,Very High,1.2,636.03,1065.84,1105.44
Gujarat,Home Decor,Cotton,226.27,8.1,72.69,588.79,4,3,High,1.1,815.06,1212.28,1243.24
Tamil Nadu,Pottery,Terracotta,119.11,6.3,64.91,408.93,1,1,Very High,1.2,528.04,613.58,682.65
Rajasthan,Metal Craft,Iron,564.51,13.4,58.2,779.88,5,1,High,1.1,1344.39,2208.64,2161.67
Telangana,Handmade Jewelry,Copper,335.6,7.7,69.73,536.92,3,1,High,1.1,872.52,1215.43,1330.89
Karnataka,Clay/Terracotta Toy,Clay,107.46,7.5,66.31,497.33,5,4,Low,0.9,604.79,1103.52,929.12
West Bengal,Bamboo Toy,Bamboo,208.98,2.5,64.67,161.68,5,5,Very High,1.2,370.65,672.91,668.75
Gujarat,Pottery,Clay,68.25,3.0,77.04,231.12,5,4,Medium,1.0,299.37,444.58,424.08
West Bengal,Wood Craft,Wood,347.26,8.9,65.01,578.59,5,1,Very High,1.2,925.85,1293.76,1486.49
Rajasthan,Wooden Toy,Bamboo,150.26,7.4,52.05,385.17,4,3,Low,0.9,535.43,726.49,686.59
Odisha,Wood Craft,Wood,289.53,7.7,73.33,564.64,2,2,Low,0.9,854.17,927.52,982.3
Tamil Nadu,Textile Craft,Wool,373.71,4.4,74.63,328.37,5,5,High,1.1,702.08,969.11,1096.37
Kerala,Textile Craft,Cotton,196.69,10.7,84.94,908.86,2,3,High,1.1,1105.55,1204.54,1415.44
Telangana,Wooden Toy,Bamboo,87.35,3.4,54.81,186.35,3,2,Very High,1.2,273.7,429.74,429.19
Andhra Pradesh,Metal Craft,Iron,560.2,13.0,64.53,838.89,5,2,High,1.1,1399.09,2262.99,2289.04
Telangana,Handmade Jewelry,Silver,788.46,2.2,69.44,152.77,3,3,Medium,1.0,941.23,1149.76,1251.36
West Bengal,Metal Craft,Brass,669.75,12.5,72.79,909.88,4,4,Medium,1.0,1579.62,2394.65,2465.26
Uttar Pradesh,Textile Craft,Silk,534.52,9.1,71.88,654.11,1,1,High,1.1,1188.63,1504.71,1634.82
Kerala,Metal Craft,Brass,489.5,15.6,75.42,1176.55,3,1,Very High,1.2,1666.05,2534.85,2675.14
Kerala,Bamboo Craft,Cane,142.13,4.1,61.29,251.29,2,5,Low,0.9,393.42,633.81,529.08
Gujarat,Bamboo Toy,Cane,128.44,6.1,59.52,363.07,4,1,High,1.1,491.51,687.85,720.79
West Bengal,Handmade Jewelry,Beads,355.45,2.1,79.13,166.17,1,5,High,1.1,521.62,782.93,837.2
Tamil Nadu,Clay/Terracotta Toy,Clay,88.66,5.4,84.42,455.87,4,3,Very High,1.2,544.53,617.03,754.12
Odisha,Bamboo Toy,Bamboo,225.23,5.8,66.74,387.09,2,5,High,1.1,612.32,881.05,876.77
Tamil Nadu,Textile Craft,Silk,238.11,7.7,81.55,627.93,4,5,Very High,1.2,866.04,1130.08,1348.56
Telangana,Bamboo Craft,Bamboo,64.54,11.5,70.55,811.32,2,1,Medium,1.0,875.86,1086.46,1119.61
Karnataka,Metal Craft,Iron,553.75,6.5,69.47,451.56,2,1,High,1.1,1005.31,1500.3,1516.74
Uttar Pradesh,Bamboo Toy,Bamboo,237.74,7.6,58.74,446.42,1,2,High,1.1,684.16,968.51,957.63
Uttar Pradesh,Textile Craft,Wool,232.16,3.3,62.96,207.77,4,5,Medium,1.0,439.93,602.52,637.93
Rajasthan,Clay/Terracotta Toy,Terracotta,159.88,4.5,72.7,327.15,3,1,Medium,1.0,487.03,667.11,617.42
Odisha,Metal Craft,Copper,254.15,12.2,61.41,749.2,1,2,Medium,1.0,1003.35,1627.48,1516.96
West Bengal,Pottery,Terracotta,47.62,8.1,67.4,545.94,3,4,Medium,1.0,593.56,1017.62,921.71
Telangana,Metal Craft,Brass,817.04,10.1,58.61,591.96,3,2,Medium,1.0,1409.0,2389.62,2119.57
Odisha,Metal Craft,Iron,211.52,9.8,53.97,528.91,1,5,Medium,1.0,740.43,1172.99,1145.55
Uttar Pradesh,Textile Craft,Wool,335.02,5.6,55.55,311.08,4,1,Low,0.9,646.1,725.79,746.65
Andhra Pradesh,Wood Craft,Wood,260.94,10.6,74.66,791.4,1,1,Low,0.9,1052.34,1445.69,1317.19
Uttar Pradesh,Wood Craft,Bamboo,132.66,12.5,48.58,607.25,1,2,Medium,1.0,739.91,982.96,973.6
Tamil Nadu,Clay/Terracotta Toy,Terracotta,173.31,3.1,79.47,246.36,4,1,Low,0.9,419.67,666.77,573.43
Telangana,Bamboo Toy,Cane,61.16,2.5,78.94,197.35,2,4,Very High,1.2,258.51,309.47,357.05
Kerala,Wood Craft,Bamboo,65.74,9.8,69.17,677.87,3,3,Low,0.9,743.61,930.07,904.61
Uttar Pradesh,Home Decor,Clay,119.41,7.5,66.36,497.7,4,4,High,1.1,617.11,1162.27,1078.88
Uttar Pradesh,Metal Craft,Brass,549.79,10.2,59.67,608.63,4,4,High,1.1,1158.42,1741.63,1852.66
Gujarat,Handmade Jewelry,Silver,1312.64,11.6,56.25,652.5,5,3,Medium,1.0,1965.14,3438.27,3061.56
West Bengal,Home Decor,Cotton,248.14,5.1,58.16,296.62,1,2,Low,0.9,544.76,670.18,689.45
Andhra Pradesh,Textile Craft,Silk,283.94,11.0,79.47,874.17,1,3,Very High,1.2,1158.11,1321.93,1547.96
Uttar Pradesh,Wood Craft,Wood,118.39,5.7,48.17,274.57,5,5,Very High,1.2,392.96,649.51,710.4
West Bengal,Wood Craft,Bamboo,224.01,6.9,51.27,353.76,4,3,Low,0.9,577.77,865.09,768.8
Tamil Nadu,Pottery,Terracotta,70.58,7.6,66.79,507.6,1,4,High,1.1,578.18,853.06,849.7
Uttar Pradesh,Home Decor,Clay,106.35,9.8,68.0,666.4,5,5,Medium,1.0,772.75,1297.78,1243.63
Odisha,Clay/Terracotta Toy,Clay,159.21,4.7,70.04,329.19,1,5,Medium,1.0,488.4,790.54,715.44
West Bengal,Handmade Jewelry,Silver,1168.01,5.4,69.9,377.46,5,3,Low,0.9,1545.47,2563.91,2382.12
Telangana,Textile Craft,Wool,240.57,9.7,72.51,703.35,2,4,High,1.1,943.92,1564.76,1504.36
Kerala,Home Decor,Cotton,300.42,10.7,72.15,772.0,2,5,Very High,1.2,1072.42,1636.57,1799.15
Rajasthan,Wood Craft,Bamboo,60.5,13.1,64.76,848.36,2,2,Low,0.9,908.86,1246.76,1141.68
Tamil Nadu,Wood Craft,Wood,280.57,5.6,72.0,403.2,5,1,Very High,1.2,683.77,1024.23,1139.73
Karnataka,Clay/Terracotta Toy,Terracotta,126.88,5.4,82.34,444.64,4,2,Very High,1.2,571.52,885.67,936.87
Gujarat,Wood Craft,Wood,328.4,10.5,67.67,710.53,5,2,Medium,1.0,1038.93,1365.56,1466.47
Gujarat,Bamboo Toy,Cane,94.46,6.8,55.95,380.46,5,4,High,1.1,474.92,769.08,773.62
Rajasthan,Textile Craft,Silk,649.52,11.7,48.5,567.45,5,2,Low,0.9,1216.97,2143.97,1788.28
Telangana,Metal Craft,Iron,220.79,13.3,55.01,731.63,5,1,Medium,1.0,952.42,1220.02,1348.16
Tamil Nadu,Handmade Jewelry,Beads,110.02,5.9,64.55,380.85,1,5,Medium,1.0,490.87,757.71,695.43
Rajasthan,Clay/Terracotta Toy,Clay,135.9,5.6,73.59,412.1,2,2,Very High,1.2,548.0,746.87,827.75
West Bengal,Bamboo Craft,Bamboo,171.93,6.1,73.28,447.01,3,2,Low,0.9,618.94,859.45,763.14
Rajasthan,Metal Craft,Copper,663.96,9.2,56.2,517.04,5,3,Low,0.9,1181.0,1941.54,1691.3
Andhra Pradesh,Textile Craft,Wool,258.54,11.7,79.49,930.03,2,3,Low,0.9,1188.57,1421.46,1382.92
West Bengal,Handmade Jewelry,Brass,858.52,3.8,53.61,203.72,1,3,Medium,1.0,1062.24,1601.2,1488.99
Odisha,Pottery,Terracotta,142.16,2.2,62.61,137.74,2,2,High,1.1,279.9,423.52,408.39
Andhra Pradesh,Bamboo Toy,Cane,278.35,7.2,77.56,558.43,2,2,Medium,1.0,836.78,984.48,997.25
Andhra Pradesh,Wood Craft,Bamboo,222.3,5.9,69.22,408.4,3,2,Medium,1.0,630.7,819.57,847.57
Gujarat,Wooden Toy,Bamboo,94.51,7.4,83.51,617.97,2,2,Low,0.9,712.48,1066.76,894.32
Gujarat,Bamboo Craft,Bamboo,62.24,3.6,60.6,218.16,2,5,Low,0.9,280.4,469.75,394.57
Gujarat,Bamboo Craft,Bamboo,234.04,8.4,81.79,687.04,2,5,Very High,1.2,921.08,1267.63,1439.33
Karnataka,Home Decor,Cotton,338.44,7.2,80.99,583.13,2,3,Low,0.9,921.57,1391.71,1276.24
Odisha,Clay/Terracotta Toy,Clay,164.64,3.1,73.97,229.31,5,2,Low,0.9,393.95,650.44,560.33
Kerala,Clay/Terracotta Toy,Terracotta,123.64,2.0,64.27,128.54,2,1,Medium,1.0,252.18,275.16,290.01
Tamil Nadu,Wood Craft,Bamboo,108.93,4.8,55.52,266.5,1,5,Medium,1.0,375.43,512.99,518.38
Uttar Pradesh,Home Decor,Bamboo,68.38,11.5,50.55,581.32,3,3,Medium,1.0,649.7,786.24,846.12
Andhra Pradesh,Bamboo Craft,Cane,142.58,4.6,57.05,262.43,2,5,High,1.1,405.01,531.39,571.43
Gujarat,Clay/Terracotta Toy,Clay,116.32,3.5,70.59,247.06,5,2,Medium,1.0,363.38,608.31,556.59
Karnataka,Wood Craft,Bamboo,99.22,13.3,59.23,787.76,5,4,High,1.1,886.98,1254.54,1424.75
Uttar Pradesh,Wooden Toy,Wood,250.87,5.5,58.53,321.92,4,4,Medium,1.0,572.79,786.78,827.32
Andhra Pradesh,Metal Craft,Copper,489.61,6.3,60.31,379.95,1,1,High,1.1,869.56,1257.77,1185.3
Karnataka,Pottery,Clay,161.49,2.7,81.23,219.32,3,3,Low,0.9,380.81,611.01,516.74
Odisha,Wood Craft,Wood,368.55,9.1,60.28,548.55,5,4,Very High,1.2,917.1,1406.54,1528.65
Karnataka,Metal Craft,Iron,558.23,11.4,55.57,633.5,2,2,Low,0.9,1191.73,1319.89,1370.49
Uttar Pradesh,Clay/Terracotta Toy,Clay,126.84,7.6,46.64,354.46,4,2,Very High,1.2,481.3,562.43,681.69
West Bengal,Textile Craft,Silk,412.51,6.4,56.56,361.98,2,3,High,1.1,774.49,958.99,1083.95
Karnataka,Clay/Terracotta Toy,Terracotta,112.61,6.7,76.29,511.14,5,5,Low,0.9,623.75,1066.49,906.49
Gujarat,Textile Craft,Cotton,266.51,11.0,73.78,811.58,2,2,Low,0.9,1078.09,1467.64,1371.11
Kerala,Home Decor,Clay,60.6,4.8,77.92,374.02,5,3,Low,0.9,434.62,793.27,669.96
Karnataka,Textile Craft,Silk,626.18,8.5,78.57,667.84,2,3,Very High,1.2,1294.02,2097.43,2134.68
Kerala,Pottery,Clay,139.62,4.6,83.16,382.54,5,5,Medium,1.0,522.16,780.16,799.57
Uttar Pradesh,Wooden Toy,Wood,328.5,4.5,54.17,243.77,5,3,Medium,1.0,572.26,803.02,844.09
Tamil Nadu,Pottery,Terracotta,156.98,5.1,84.85,432.73,5,4,Low,0.9,589.71,727.85,740.02
Rajasthan,Home Decor,Cotton,115.48,5.3,68.17,361.3,3,5,Very High,1.2,476.78,682.02,820.86
Uttar Pradesh,Handmade Jewelry,Brass,418.15,9.0,72.05,648.45,3,5,High,1.1,1066.6,1852.36,1757.69
Tamil Nadu,Textile Craft,Wool,144.61,7.1,80.94,574.67,3,4,Very High,1.2,719.28,1220.04,1279.67
Kerala,Bamboo Toy,Bamboo,147.57,7.3,88.61,646.85,4,5,High,1.1,794.42,1285.69,1286.28
Kerala,Wooden Toy,Bamboo,141.01,3.6,61.07,219.85,5,3,Very High,1.2,360.86,496.27,571.66
Rajasthan,Handmade Jewelry,Beads,305.81,6.0,53.81,322.86,2,3,High,1.1,628.67,886.22,919.88
Rajasthan,Home Decor,Clay,39.7,10.8,66.13,714.2,3,4,Medium,1.0,753.9,1153.74,1089.08
Karnataka,Clay/Terracotta Toy,Terracotta,180.51,6.0,72.35,434.1,5,4,Very High,1.2,614.61,840.99,973.78
West Bengal,Clay/Terracotta Toy,Clay,34.48,6.7,76.02,509.33,1,5,Low,0.9,543.81,689.28,665.18
Odisha,Bamboo Toy,Bamboo,238.07,6.1,57.61,351.42,2,5,High,1.1,589.49,928.52,889.22
Tamil Nadu,Wood Craft,Bamboo,93.69,11.3,65.82,743.77,5,4,Low,0.9,837.46,1186.11,1122.46
West Bengal,Clay/Terracotta Toy,Terracotta,113.15,4.6,55.44,255.02,5,4,Low,0.9,368.17,500.2,486.52
Kerala,Home Decor,Clay,158.42,12.9,65.26,841.85,4,5,High,1.1,1000.27,1589.46,1574.35
Uttar Pradesh,Handmade Jewelry,Beads,398.03,10.9,73.44,800.5,5,5,High,1.1,1198.53,2210.78,2229.06
Gujarat,Wooden Toy,Wood,263.26,3.2,58.47,187.1,5,3,Medium,1.0,450.36,794.38,701.81
Odisha,Metal Craft,Iron,513.26,11.2,54.4,609.28,3,5,Medium,1.0,1122.54,1789.32,1710.07
West Bengal,Handmade Jewelry,Brass,882.07,8.7,52.78,459.19,1,3,Very High,1.2,1341.26,2515.04,2468.23
Karnataka,Wooden Toy,Bamboo,225.28,3.5,79.41,277.94,4,3,High,1.1,503.22,836.02,800.73
Telangana,Handmade Jewelry,Copper,468.14,2.3,72.24,166.15,1,3,Low,0.9,634.29,1047.73,877.34
Odisha,Wood Craft,Bamboo,222.04,5.1,56.42,287.74,1,2,Low,0.9,509.78,674.48,599.44
Odisha,Textile Craft,Silk,222.63,5.4,46.9,253.26,3,1,Medium,1.0,475.89,699.27,676.92
Tamil Nadu,Handmade Jewelry,Brass,860.54,3.5,81.69,285.91,2,2,Medium,1.0,1146.45,1825.25,1709.44
Karnataka,Textile Craft,Wool,350.74,5.0,61.31,306.55,2,4,Medium,1.0,657.29,852.74,907.53
Gujarat,Wooden Toy,Wood,87.73,9.6,72.01,691.3,1,3,Very High,1.2,779.03,1183.18,1219.48
Odisha,Wooden Toy,Wood,325.89,6.1,70.89,432.43,1,2,Low,0.9,758.32,1064.88,896.87
West Bengal,Bamboo Craft,Cane,150.64,10.0,56.49,564.9,4,2,Medium,1.0,715.54,1010.55,963.93
Karnataka,Wooden Toy,Bamboo,181.55,5.4,56.12,303.05,5,4,High,1.1,484.6,686.07,710.71
Uttar Pradesh,Wooden Toy,Bamboo,78.6,9.3,63.32,588.88,5,5,Low,0.9,667.48,893.78,878.07
Odisha,Metal Craft,Brass,404.33,14.4,55.28,796.03,5,5,Medium,1.0,1200.36,1730.09,1802.51
Tamil Nadu,Home Decor,Clay,83.96,10.2,75.22,767.24,2,1,High,1.1,851.2,1176.97,1254.45
Rajasthan,Textile Craft,Wool,243.67,3.8,69.9,265.62,2,4,Medium,1.0,509.29,688.78,722.23
Tamil Nadu,Clay/Terracotta Toy,Terracotta,168.05,4.1,77.99,319.76,2,2,Low,0.9,487.81,610.84,560.98
Rajasthan,Pottery,Clay,36.81,6.8,67.63,459.88,1,2,Very High,1.2,496.69,690.36,731.93
Andhra Pradesh,Handmade Jewelry,Beads,315.12,5.5,53.59,294.75,1,4,Low,0.9,609.87,976.29,884.2
Gujarat,Clay/Terracotta Toy,Terracotta,109.99,4.7,76.01,357.25,4,1,Very High,1.2,467.24,682.25,748.39
Andhra Pradesh,Bamboo Craft,Cane,221.45,3.8,71.23,270.67,3,4,Low,0.9,492.12,801.21,713.42
Andhra Pradesh,Pottery,Terracotta,170.06,7.0,73.56,514.92,4,1,Very High,1.2,684.98,956.27,1081.61
Telangana,Handmade Jewelry,Copper,554.26,10.4,51.72,537.89,1,4,High,1.1,1092.15,1370.24,1520.37
Tamil Nadu,Pottery,Clay,90.98,4.2,83.42,350.36,1,1,Low,0.9,441.34,680.68,571.61
Uttar Pradesh,Bamboo Craft,Cane,129.81,9.4,68.9,647.66,5,3,Medium,1.0,777.47,1080.76,1099.56
Kerala,Bamboo Toy,Cane,220.68,3.1,87.98,272.74,4,3,High,1.1,493.42,657.5,729.07
Karnataka,Pottery,Clay,161.23,4.5,63.95,287.78,5,4,High,1.1,449.0,560.64,637.76
Telangana,Pottery,Clay,112.32,7.1,75.05,532.85,5,4,Low,0.9,645.17,923.88,897.45
Karnataka,Bamboo Toy,Bamboo,193.62,2.7,56.32,152.06,1,1,High,1.1,345.68,467.82,449.5
Andhra Pradesh,Wood Craft,Bamboo,99.27,6.1,64.25,391.92,2,3,Very High,1.2,491.19,812.27,821.14
Tamil Nadu,Metal Craft,Copper,257.65,5.1,62.04,316.4,1,5,Very High,1.2,574.05,670.01,812.46
West Bengal,Home Decor,Wood,203.35,4.2,56.89,238.94,2,5,Very High,1.2,442.29,737.47,781.14
Andhra Pradesh,Pottery,Terracotta,67.97,8.7,53.03,461.36,5,5,Very High,1.2,529.33,901.52,895.03
Odisha,Bamboo Craft,Bamboo,213.82,4.8,67.56,324.29,2,2,Very High,1.2,538.11,649.27,758.74
Odisha,Wooden Toy,Wood,294.77,8.9,62.03,552.07,3,4,Low,0.9,846.84,1190.72,1112.53
Kerala,Handmade Jewelry,Beads,352.19,4.8,80.57,386.74,3,1,Medium,1.0,738.93,1289.63,1176.75
West Bengal,Metal Craft,Brass,676.97,13.6,56.05,762.28,3,2,Low,0.9,1439.25,2224.32,2029.09
Karnataka,Wooden Toy,Wood,379.6,5.6,68.88,385.73,2,1,High,1.1,765.33,1115.88,1095.99
Tamil Nadu,Wooden Toy,Bamboo,212.6,5.0,77.5,387.5,4,2,High,1.1,600.1,756.96,870.11
Odisha,Handmade Jewelry,Brass,863.11,10.9,65.32,711.99,5,4,Low,0.9,1575.1,2222.51,2242.51
Uttar Pradesh,Clay/Terracotta Toy,Clay,91.18,6.5,74.36,483.34,5,2,High,1.1,574.52,794.24,860.73
Andhra Pradesh,Bamboo Craft,Cane,162.5,3.6,59.93,215.75,4,4,Low,0.9,378.25,652.23,565.51
Gujarat,Handmade Jewelry,Copper,489.18,9.6,58.01,556.9,1,4,Medium,1.0,1046.08,1275.2,1392.52
Tamil Nadu,Wood Craft,Wood,322.44,10.2,59.93,611.29,3,3,Medium,1.0,933.73,1428.62,1305.63
Gujarat,Textile Craft,Cotton,162.16,3.7,64.98,240.43,3,4,Very High,1.2,402.59,563.46,617.92
Odisha,Pottery,Terracotta,133.33,8.6,46.64,401.1,5,3,Low,0.9,534.43,766.38,726.62
Karnataka,Bamboo Toy,Bamboo,103.71,2.3,76.62,176.23,3,3,Low,0.9,279.94,374.1,349.27
Gujarat,Pottery,Clay,121.05,8.9,76.47,680.58,1,4,Very High,1.2,801.63,956.65,1170.82
Odisha,Home Decor,Cotton,271.31,13.6,53.24,724.06,1,1,High,1.1,995.37,1402.21,1482.37
Karnataka,Metal Craft,Iron,494.44,11.1,81.61,905.87,5,5,Very High,1.2,1400.31,2252.17,2463.78
Karnataka,Wood Craft,Bamboo,120.02,5.2,82.66,429.83,1,4,Very High,1.2,549.85,680.72,779.28
Andhra Pradesh,Wood Craft,Bamboo,184.41,11.7,73.99,865.68,2,2,Low,0.9,1050.09,1471.4,1378.76
Tamil Nadu,Wooden Toy,Bamboo,100.32,9.1,57.62,524.34,4,3,High,1.1,624.66,929.06,961.66
Tamil Nadu,Home Decor,Clay,78.32,13.6,59.36,807.3,3,1,Very High,1.2,885.62,1121.26,1368.1
Karnataka,Handmade Jewelry,Beads,345.7,4.2,78.69,330.5,2,5,Low,0.9,676.2,901.02,891.71
Rajasthan,Bamboo Toy,Cane,105.3,6.2,51.68,320.42,5,4,Low,0.9,425.72,584.46,552.61
Karnataka,Pottery,Terracotta,207.07,4.8,61.36,294.53,3,2,High,1.1,501.6,757.0,708.42
Gujarat,Clay/Terracotta Toy,Clay,67.88,7.0,73.05,511.35,2,5,Very High,1.2,579.23,669.41,820.54
Andhra Pradesh,Pottery,Terracotta,205.07,6.0,78.13,468.78,1,1,Very High,1.2,673.85,888.96,977.84
West Bengal,Pottery,Terracotta,126.08,5.0,70.7,353.5,2,1,Medium,1.0,479.58,540.05,586.99
Andhra Pradesh,Wood Craft,Bamboo,115.28,10.0,79.07,790.7,4,4,Medium,1.0,905.98,1601.34,1423.93
Odisha,Wooden Toy,Bamboo,224.6,7.8,66.04,515.11,5,4,Very High,1.2,739.71,1304.96,1313.63
Rajasthan,Wooden Toy,Wood,373.07,2.7,47.7,128.79,5,1,High,1.1,501.86,789.1,741.55
Kerala,Bamboo Craft,Bamboo,240.76,10.9,73.61,802.35,3,5,Medium,1.0,1043.11,1314.2,1409.11
West Bengal,Pottery,Terracotta,64.88,6.9,75.88,523.57,5,3,High,1.1,588.45,834.35,892.33
Kerala,Pottery,Terracotta,119.86,3.0,79.85,239.55,4,2,Low,0.9,359.41,430.32,443.31
Telangana,Home Decor,Clay,97.01,10.3,73.01,752.0,3,4,Medium,1.0,849.01,1290.33,1278.43
West Bengal,Textile Craft,Silk,216.77,8.2,55.11,451.9,2,1,High,1.1,668.67,1013.28,969.3
Uttar Pradesh,Bamboo Craft,Bamboo,86.25,4.7,46.35,217.85,2,4,High,1.1,304.1,359.19,401.53
Odisha,Pottery,Clay,46.64,7.4,60.39,446.89,3,1,High,1.1,493.53,673.31,685.57
Odisha,Clay/Terracotta Toy,Clay,103.51,5.0,66.92,334.6,5,4,High,1.1,438.11,698.97,701.7
Gujarat,Bamboo Craft,Bamboo,226.74,10.0,83.07,830.7,5,1,Very High,1.2,1057.44,1146.1,1425.61
Kerala,Pottery,Clay,137.01,3.1,60.52,187.61,3,2,Very High,1.2,324.62,438.48,492.43
Karnataka,Handmade Jewelry,Copper,592.81,5.7,60.68,345.88,5,4,Low,0.9,938.69,1566.17,1484.6
Gujarat,Wood Craft,Bamboo,186.19,11.0,78.38,862.18,2,3,Low,0.9,1048.37,1437.36,1333.11
Uttar Pradesh,Wood Craft,Wood,96.77,11.2,50.23,562.58,5,1,Low,0.9,659.35,1083.57,937.32
Rajasthan,Clay/Terracotta Toy,Terracotta,184.06,7.7,47.62,366.67,4,3,Low,0.9,550.73,749.67,735.02
Odisha,Home Decor,Bamboo,108.45,5.5,48.27,265.49,5,4,High,1.1,373.94,656.84,662.43
Gujarat,Textile Craft,Silk,505.74,7.2,70.05,504.36,1,2,Medium,1.0,1010.1,1643.17,1446.47
Rajasthan,Bamboo Toy,Bamboo,162.32,4.0,62.59,250.36,1,4,High,1.1,412.68,673.68,632.01
Odisha,Metal Craft,Copper,275.76,4.5,62.61,281.75,2,4,Medium,1.0,557.5,925.15,847.78
Kerala,Bamboo Toy,Cane,137.63,5.3,75.45,399.88,5,1,Medium,1.0,537.51,748.67,709.79
Kerala,Home Decor,Cotton,207.71,5.6,62.49,349.94,1,5,Medium,1.0,557.65,766.02,808.16
Telangana,Wooden Toy,Bamboo,59.73,6.9,74.94,517.09,5,2,Low,0.9,576.82,876.66,781.51
Odisha,Metal Craft,Copper,491.62,6.6,60.11,396.73,4,5,Very High,1.2,888.35,1458.32,1591.13
Rajasthan,Wooden Toy,Bamboo,246.68,7.0,48.66,340.62,1,5,High,1.1,587.3,629.97,735.56
Telangana,Wooden Toy,Wood,314.03,3.7,73.39,271.54,5,3,Low,0.9,585.57,956.74,863.7
Karnataka,Wooden Toy,Wood,108.83,3.7,55.5,205.35,2,1,Medium,1.0,314.18,389.89,376.73
Gujarat,Handmade Jewelry,Beads,225.2,5.1,65.55,334.3,2,1,Medium,1.0,559.5,852.93,787.28
Telangana,Bamboo Toy,Cane,164.91,6.6,64.18,423.59,5,3,Very High,1.2,588.5,769.87,908.67
Uttar Pradesh,Pottery,Terracotta,101.7,3.9,65.66,256.07,1,2,Low,0.9,357.77,419.02,415.68
Odisha,Bamboo Craft,Bamboo,216.05,8.4,45.44,381.7,2,1,Very High,1.2,597.75,776.21,822.14
Uttar Pradesh,Metal Craft,Copper,484.95,5.4,73.34,396.04,3,1,High,1.1,880.99,1444.66,1422.6
Gujarat,Textile Craft,Wool,140.37,9.1,76.7,697.97,4,1,Low,0.9,838.34,1308.36,1149.84
Telangana,Metal Craft,Iron,174.14,14.8,58.93,872.16,3,1,Very High,1.2,1046.3,1639.28,1678.98
Telangana,Wood Craft,Bamboo,154.36,10.0,64.42,644.2,4,5,Medium,1.0,798.56,1182.2,1209.02
Gujarat,Home Decor,Wood,242.02,5.0,66.62,333.1,4,2,High,1.1,575.12,774.66,879.54
West Bengal,Handmade Jewelry,Silver,1323.34,2.7,73.07,197.29,3,1,Very High,1.2,1520.63,2260.49,2444.06
Uttar Pradesh,Pottery,Clay,43.84,7.1,45.04,319.78,5,3,Very High,1.2,363.62,472.94,569.08
Odisha,Bamboo Toy,Cane,159.19,3.1,57.41,177.97,5,2,Very High,1.2,337.16,433.85,492.41
Tamil Nadu,Pottery,Clay,35.36,4.6,70.2,322.92,5,2,Medium,1.0,358.28,602.37,534.79
Telangana,Textile Craft,Silk,628.12,4.0,66.19,264.76,2,2,Low,0.9,892.88,1412.36,1206.48
Odisha,Metal Craft,Copper,721.51,13.0,66.35,862.55,2,2,High,1.1,1584.06,1964.32,2108.9
Kerala,Home Decor,Cotton,295.1,11.1,71.14,789.65,4,5,Medium,1.0,1084.75,2048.71,1866.43
Telangana,Textile Craft,Cotton,307.73,9.7,52.37,507.99,3,4,High,1.1,815.72,1411.24,1333.88
Karnataka,Pottery,Terracotta,217.3,8.2,73.12,599.58,2,5,High,1.1,816.88,1295.79,1212.02
Uttar Pradesh,Home Decor,Clay,69.16,7.0,73.33,513.31,3,2,High,1.1,582.47,848.3,894.41
Karnataka,Metal Craft,Brass,476.03,7.0,59.32,415.24,1,4,Medium,1.0,891.27,1214.07,1230.89
Andhra Pradesh,Textile Craft,Silk,355.24,3.4,61.02,207.47,2,3,High,1.1,562.71,743.41,831.06
Gujarat,Pottery,Clay,128.94,2.5,61.99,154.97,1,3,Low,0.9,283.91,408.23,347.94
Rajasthan,Wooden Toy,Bamboo,180.1,4.6,61.29,281.93,1,1,Low,0.9,462.03,625.05,555.01
Rajasthan,Wooden Toy,Bamboo,210.89,2.1,58.94,123.77,3,5,Very High,1.2,334.66,550.27,572.68
Kerala,Pottery,Clay,120.9,4.1,71.16,291.76,2,1,Low,0.9,412.66,558.54,512.61
Kerala,Handmade Jewelry,Beads,319.97,5.3,81.82,433.65,2,2,High,1.1,753.62,1310.08,1277.35
Karnataka,Bamboo Toy,Cane,203.5,7.3,69.82,509.69,5,4,Very High,1.2,713.19,1096.06,1140.04
Uttar Pradesh,Pottery,Terracotta,141.37,7.4,73.98,547.45,3,4,Very High,1.2,688.82,1201.02,1204.15
Rajasthan,Clay/Terracotta Toy,Clay,146.93,4.5,60.13,270.59,2,3,Medium,1.0,417.52,566.54,555.09
Andhra Pradesh,Clay/Terracotta Toy,Clay,62.49,4.3,64.38,276.83,4,1,Medium,1.0,339.32,475.03,469.36
Gujarat,Metal Craft,Brass,781.39,9.5,63.88,606.86,2,1,Low,0.9,1388.25,1656.66,1599.35
Karnataka,Wood Craft,Bamboo,83.81,3.1,59.64,184.88,2,3,Very High,1.2,268.69,429.45,447.7
West Bengal,Metal Craft,Brass,314.58,12.2,75.66,923.05,5,3,Low,0.9,1237.63,1695.48,1667.0
Uttar Pradesh,Pottery,Terracotta,84.31,4.8,48.74,233.95,2,4,Medium,1.0,318.26,549.4,490.61
Rajasthan,Textile Craft,Cotton,130.33,4.3,45.76,196.77,3,1,Medium,1.0,327.1,502.09,471.36
West Bengal,Pottery,Terracotta,141.69,6.0,59.92,359.52,4,2,Medium,1.0,501.21,759.95,698.44
Gujarat,Home Decor,Cotton,243.24,12.5,66.92,836.5,2,2,Medium,1.0,1079.74,1323.09,1437.84
Gujarat,Handmade Jewelry,Silver,1301.99,10.3,77.72,800.52,2,5,Low,0.9,2102.51,3350.06,3044.62
Telangana,Pottery,Terracotta,168.34,8.7,51.46,447.7,1,4,Medium,1.0,616.04,993.2,891.83
Kerala,Wooden Toy,Wood,80.46,5.0,66.19,330.95,3,1,Low,0.9,411.41,534.34,495.42
Uttar Pradesh,Handmade Jewelry,Copper,551.78,7.9,56.06,442.87,4,4,Low,0.9,994.65,1762.66,1585.99
Odisha,Textile Craft,Cotton,229.27,7.3,54.62,398.73,4,5,Very High,1.2,628.0,997.8,1096.36
Karnataka,Metal Craft,Iron,379.3,8.9,83.48,742.97,2,2,High,1.1,1122.27,1337.52,1538.13
Karnataka,Handmade Jewelry,Beads,287.86,4.5,66.94,301.23,1,1,Medium,1.0,589.09,790.06,787.8
Odisha,Bamboo Toy,Cane,106.34,4.1,53.45,219.14,3,5,Very High,1.2,325.49,532.19,528.7
Tamil Nadu,Bamboo Toy,Cane,222.69,7.9,66.46,525.03,4,1,Low,0.9,747.72,1122.45,968.68
Odisha,Pottery,Clay,132.25,5.4,56.76,306.5,1,1,High,1.1,438.75,496.7,545.05
Odisha,Bamboo Toy,Cane,103.25,2.5,54.73,136.82,5,1,Medium,1.0,240.07,389.87,344.31
Telangana,Clay/Terracotta Toy,Terracotta,48.04,4.9,52.03,254.95,3,5,Very High,1.2,302.99,524.85,535.0
Tamil Nadu,Bamboo Craft,Bamboo,171.51,6.6,57.68,380.69,1,3,High,1.1,552.2,753.49,752.57
Odisha,Home Decor,Clay,89.45,4.5,70.79,318.56,4,4,Low,0.9,408.0,526.01,516.83
Telangana,Bamboo Craft,Bamboo,99.12,7.3,59.86,436.98,1,2,High,1.1,536.1,608.46,658.71
Andhra Pradesh,Metal Craft,Copper,810.11,11.1,72.27,802.2,4,5,Low,0.9,1612.31,2495.19,2431.8
Tamil Nadu,Handmade Jewelry,Silver,1053.92,4.1,79.57,326.24,4,5,Medium,1.0,1380.16,1906.49,2034.86
Odisha,Handmade Jewelry,Brass,819.66,8.2,64.86,531.85,5,4,Medium,1.0,1351.51,2398.22,2176.1
Telangana,Metal Craft,Copper,807.25,14.7,57.39,843.63,1,3,Low,0.9,1650.88,1800.9,1898.52
Uttar Pradesh,Handmade Jewelry,Beads,164.46,9.9,73.78,730.42,5,4,Low,0.9,894.88,1432.34,1389.46
Tamil Nadu,Textile Craft,Cotton,309.74,8.0,78.31,626.48,3,4,High,1.1,936.22,1531.17,1442.46
Tamil Nadu,Metal Craft,Iron,323.27,5.4,77.57,418.88,1,3,Very High,1.2,742.15,883.23,1079.08
Uttar Pradesh,Bamboo Craft,Cane,224.51,10.6,58.59,621.05,4,4,High,1.1,845.56,1231.07,1319.09
Rajasthan,Handmade Jewelry,Brass,292.99,2.4,59.68,143.23,4,3,Low,0.9,436.22,827.78,710.74
Odisha,Bamboo Toy,Bamboo,148.42,7.6,47.78,363.13,5,1,Low,0.9,511.55,863.56,723.31
Kerala,Bamboo Craft,Cane,248.28,3.6,69.83,251.39,5,5,High,1.1,499.67,900.34,874.53
Odisha,Metal Craft,Copper,838.08,7.2,45.84,330.05,4,4,High,1.1,1168.13,2040.27,1968.58
Kerala,Pottery,Terracotta,112.71,6.1,60.9,371.49,3,5,Low,0.9,484.2,608.76,607.68
Andhra Pradesh,Wood Craft,Bamboo,215.14,10.6,55.19,585.01,5,1,High,1.1,800.15,1246.3,1199.56
Tamil Nadu,Metal Craft,Copper,410.15,4.3,57.69,248.07,3,3,High,1.1,658.22,888.53,950.66
Tamil Nadu,Clay/Terracotta Toy,Terracotta,134.99,7.2,81.49,586.73,1,1,Very High,1.2,721.72,851.18,984.87
Tamil Nadu,Wooden Toy,Wood,135.37,3.8,83.25,316.35,5,5,High,1.1,451.72,644.26,720.77
Rajasthan,Wooden Toy,Wood,359.93,5.0,54.6,273.0,3,4,Low,0.9,632.93,794.46,821.45
Andhra Pradesh,Bamboo Craft,Cane,142.79,7.1,59.44,422.02,1,2,High,1.1,564.81,681.09,763.36
Karnataka,Wood Craft,Bamboo,248.12,11.1,59.88,664.67,3,5,High,1.1,912.79,1405.89,1442.8
Telangana,Wood Craft,Wood,89.61,4.3,52.21,224.5,3,4,Medium,1.0,314.11,555.82,496.79
Rajasthan,Bamboo Craft,Cane,96.05,3.6,70.19,252.68,2,4,Medium,1.0,348.73,457.6,467.09
Andhra Pradesh,Handmade Jewelry,Beads,280.15,5.0,55.39,276.95,2,5,Low,0.9,557.1,781.71,792.46
Andhra Pradesh,Wooden Toy,Bamboo,65.24,8.1,62.41,505.52,1,4,Low,0.9,570.76,896.23,788.6
Telangana,Metal Craft,Copper,763.55,5.8,65.55,380.19,5,5,Very High,1.2,1143.74,1981.98,2057.81
Karnataka,Wood Craft,Bamboo,109.34,10.4,56.12,583.65,2,5,High,1.1,692.99,1182.35,1121.43
Rajasthan,Pottery,Terracotta,188.65,3.5,57.82,202.37,5,3,Low,0.9,391.02,611.72,545.58
Tamil Nadu,Wooden Toy,Wood,237.78,9.8,77.94,763.81,5,3,Very High,1.2,1001.59,1730.65,1732.96
Telangana,Pottery,Terracotta,99.99,7.2,52.79,380.09,2,1,Low,0.9,480.08,698.09,626.57
Uttar Pradesh,Wood Craft,Bamboo,150.36,7.3,52.85,385.81,3,1,High,1.1,536.16,692.95,752.25
West Bengal,Handmade Jewelry,Copper,711.84,7.8,68.24,532.27,1,3,Low,0.9,1244.11,1441.77,1436.82
Rajasthan,Bamboo Craft,Cane,225.69,11.0,58.82,647.02,4,2,Very High,1.2,872.71,1115.08,1354.61
Karnataka,Wooden Toy,Bamboo,171.92,5.5,62.37,343.03,2,1,Medium,1.0,514.95,644.01,638.49
Andhra Pradesh,Bamboo Toy,Bamboo,207.58,8.0,61.64,493.12,5,3,Low,0.9,700.7,1221.75,1043.98
Uttar Pradesh,Metal Craft,Brass,737.5,13.0,47.77,621.01,3,2,High,1.1,1358.51,1991.95,2003.07
Karnataka,Clay/Terracotta Toy,Terracotta,153.93,4.0,70.46,281.84,2,3,Medium,1.0,435.77,543.16,575.81
Odisha,Textile Craft,Cotton,263.7,10.7,49.43,528.9,5,3,Very High,1.2,792.6,1540.36,1505.2
Kerala,Bamboo Craft,Bamboo,164.46,9.6,84.69,813.02,5,3,Very High,1.2,977.48,1536.67,1674.07
Rajasthan,Handmade Jewelry,Beads,291.8,8.4,72.65,610.26,2,2,Medium,1.0,902.06,1222.76,1222.49
Kerala,Home Decor,Bamboo,120.81,8.0,81.34,650.72,5,1,Medium,1.0,771.53,1024.53,1072.78
Uttar Pradesh,Pottery,Clay,170.4,5.4,72.97,394.04,5,1,Low,0.9,564.44,743.72,744.86
Andhra Pradesh,Bamboo Craft,Bamboo,158.52,6.7,69.73,467.19,2,5,High,1.1,625.71,915.67,942.16
Karnataka,Home Decor,Cotton,155.4,10.1,68.74,694.27,3,2,Medium,1.0,849.67,1542.52,1363.32
Gujarat,Handmade Jewelry,Silver,1173.78,3.3,61.33,202.39,2,4,High,1.1,1376.17,2226.84,2179.87
Gujarat,Bamboo Toy,Bamboo,140.47,4.0,65.1,260.4,4,1,Low,0.9,400.87,477.86,462.79
Tamil Nadu,Home Decor,Wood,263.6,9.8,70.99,695.7,2,1,High,1.1,959.3,1196.23,1318.46
Tamil Nadu,Pottery,Clay,41.01,7.6,73.15,555.94,5,1,High,1.1,596.95,916.83,894.38
Kerala,Handmade Jewelry,Silver,686.63,5.5,65.69,361.29,4,3,Medium,1.0,1047.92,1344.91,1422.76
Odisha,Textile Craft,Silk,527.27,6.6,62.03,409.4,4,4,High,1.1,936.67,1587.09,1553.56
Karnataka,Pottery,Clay,49.94,7.4,66.26,490.32,3,1,High,1.1,540.26,769.39,757.39
Telangana,Handmade Jewelry,Copper,420.04,9.1,64.98,591.32,4,1,Low,0.9,1011.36,1354.18,1331.04
Tamil Nadu,Home Decor,Clay,125.69,3.4,59.99,203.97,3,5,Very High,1.2,329.66,560.34,600.21
Karnataka,Clay/Terracotta Toy,Clay,172.65,4.5,62.6,281.7,3,4,Low,0.9,454.35,625.68,598.56
Uttar Pradesh,Home Decor,Bamboo,85.64,6.5,65.83,427.89,1,4,Low,0.9,513.53,602.22,599.49
Telangana,Bamboo Toy,Bamboo,193.15,3.3,76.7,253.11,3,3,Low,0.9,446.26,680.38,579.84
West Bengal,Home Decor,Wood,293.71,9.6,71.51,686.5,1,2,Very High,1.2,980.21,1239.92,1399.54
Rajasthan,Metal Craft,Brass,875.8,13.1,56.4,738.84,1,4,High,1.1,1614.64,1976.38,2267.49
Tamil Nadu,Pottery,Clay,134.02,5.6,60.49,338.74,4,5,Medium,1.0,472.76,705.89,697.9
Telangana,Clay/Terracotta Toy,Terracotta,105.98,3.6,60.83,218.99,4,3,Very High,1.2,324.97,511.59,535.46
Rajasthan,Wooden Toy,Wood,305.56,2.9,62.04,179.92,4,1,Medium,1.0,485.48,708.49,684.22
Telangana,Home Decor,Bamboo,100.73,13.3,52.21,694.39,4,1,High,1.1,795.12,1043.4,1101.31
Odisha,Bamboo Toy,Cane,88.92,2.8,50.66,141.85,2,5,Low,0.9,230.77,279.09,287.74
West Bengal,Clay/Terracotta Toy,Terracotta,140.61,3.7,55.92,206.9,1,3,High,1.1,347.51,449.16,479.32
West Bengal,Bamboo Toy,Bamboo,88.7,3.0,51.86,155.58,5,1,Low,0.9,244.28,317.43,313.91
Odisha,Pottery,Clay,37.99,7.6,54.83,416.71,2,5,Very High,1.2,454.7,526.44,640.05
Karnataka,Bamboo Craft,Cane,110.23,3.4,56.81,193.15,3,2,High,1.1,303.38,360.42,392.21
Kerala,Bamboo Craft,Cane,131.54,10.5,85.96,902.58,3,1,High,1.1,1034.12,1218.28,1368.49
West Bengal,Home Decor,Wood,227.28,9.3,59.58,554.09,1,5,Very High,1.2,781.37,1245.06,1279.28
Tamil Nadu,Metal Craft,Copper,435.97,6.4,72.22,462.21,2,1,Very High,1.2,898.18,1069.83,1289.29
Kerala,Clay/Terracotta Toy,Terracotta,49.3,7.9,75.52,596.61,2,4,High,1.1,645.91,1039.12,995.97
Tamil Nadu,Bamboo Craft,Cane,276.27,10.5,76.63,804.62,4,5,Low,0.9,1080.88,1685.17,1483.48
Rajasthan,Bamboo Toy,Bamboo,150.68,7.0,51.54,360.78,5,5,Low,0.9,511.46,903.73,762.68
West Bengal,Wood Craft,Bamboo,190.13,12.5,50.93,636.62,4,5,Low,0.9,826.75,1331.49,1195.37
Kerala,Bamboo Craft,Bamboo,90.82,4.5,87.18,392.31,1,3,High,1.1,483.13,745.47,734.9
West Bengal,Metal Craft,Copper,306.98,14.3,59.34,848.56,5,3,Medium,1.0,1155.54,2135.57,1912.49
West Bengal,Bamboo Craft,Bamboo,202.17,11.2,72.66,813.79,2,3,Very High,1.2,1015.96,1643.39,1679.28
Gujarat,Clay/Terracotta Toy,Terracotta,126.22,7.2,81.03,583.42,1,4,Very High,1.2,709.64,948.4,1004.93
Gujarat,Wooden Toy,Wood,323.06,4.3,79.75,342.93,2,2,High,1.1,665.99,892.97,888.54
Gujarat,Bamboo Craft,Cane,60.82,11.7,67.07,784.72,4,2,Medium,1.0,845.54,1294.45,1243.74
Uttar Pradesh,Wood Craft,Bamboo,210.83,11.4,45.7,520.98,3,3,Low,0.9,731.81,1192.67,1018.02
Gujarat,Metal Craft,Copper,420.21,8.4,81.54,684.94,4,1,Very High,1.2,1105.15,1625.72,1701.75
Andhra Pradesh,Clay/Terracotta Toy,Clay,91.69,5.0,68.49,342.45,5,5,Low,0.9,434.14,692.27,632.48
Uttar Pradesh,Pottery,Terracotta,192.3,8.3,48.25,400.48,2,2,High,1.1,592.78,657.41,756.91
Gujarat,Handmade Jewelry,Brass,633.28,4.1,56.2,230.42,5,4,Low,0.9,863.7,1179.08,1193.31
Uttar Pradesh,Bamboo Craft,Cane,174.79,5.2,65.05,338.26,4,4,High,1.1,513.05,811.36,793.31
Telangana,Wood Craft,Bamboo,229.24,4.7,52.65,247.46,4,3,Very High,1.2,476.7,733.09,819.15
Gujarat,Home Decor,Clay,45.42,4.0,69.51,278.04,3,5,Very High,1.2,323.46,554.61,563.28
Gujarat,Clay/Terracotta Toy,Terracotta,126.28,5.3,73.43,389.18,3,1,Medium,1.0,515.46,590.5,641.29
Karnataka,Textile Craft,Wool,311.68,9.0,55.38,498.42,3,3,Very High,1.2,810.1,1455.98,1454.86
West Bengal,Wood Craft,Bamboo,53.12,13.4,66.12,886.01,1,1,High,1.1,939.13,1209.22,1271.11
Telangana,Pottery,Terracotta,53.11,3.0,70.08,210.24,5,4,High,1.1,263.35,328.51,376.95
Uttar Pradesh,Clay/Terracotta Toy,Terracotta,165.72,7.0,47.69,333.83,5,3,Very High,1.2,499.55,721.06,781.96
West Bengal,Pottery,Clay,82.7,3.5,77.0,269.5,1,3,Low,0.9,352.2,493.15,427.69
Tamil Nadu,Home Decor,Bamboo,80.52,7.2,55.31,398.23,5,1,Very High,1.2,478.75,818.16,805.39
Andhra Pradesh,Wood Craft,Wood,381.42,7.6,62.86,477.74,4,4,Low,0.9,859.16,1341.99,1207.17
Karnataka,Home Decor,Bamboo,89.67,3.5,79.48,278.18,3,1,Very High,1.2,367.85,484.35,530.39
Odisha,Metal Craft,Iron,362.25,13.4,67.34,902.36,5,1,Medium,1.0,1264.61,2231.91,1983.1
Tamil Nadu,Pottery,Clay,123.77,7.9,55.98,442.24,5,1,Medium,1.0,566.01,727.37,729.5
Gujarat,Pottery,Terracotta,209.87,3.9,77.14,300.85,4,2,Very High,1.2,510.72,651.16,780.17
Uttar Pradesh,Metal Craft,Copper,380.32,5.6,56.63,317.13,2,1,Medium,1.0,697.45,901.45,870.29
West Bengal,Handmade Jewelry,Beads,264.94,4.0,61.7,246.8,3,3,High,1.1,511.74,989.97,929.5
Karnataka,Metal Craft,Brass,877.48,8.0,58.79,470.32,1,4,Low,0.9,1347.8,1922.99,1774.66
Telangana,Bamboo Toy,Cane,103.31,4.5,78.44,352.98,2,3,Low,0.9,456.29,546.96,524.73
West Bengal,Pottery,Clay,120.17,5.0,51.19,255.95,2,1,Medium,1.0,376.12,445.19,459.36
Odisha,Wooden Toy,Bamboo,194.0,3.2,62.05,198.56,5,5,High,1.1,392.56,677.26,633.1
West Bengal,Wood Craft,Wood,237.13,3.2,61.72,197.5,1,4,Low,0.9,434.63,571.66,531.91
Uttar Pradesh,Textile Craft,Wool,130.7,8.4,64.09,538.36,1,2,Low,0.9,669.06,853.11,812.68
Rajasthan,Wooden Toy,Wood,109.74,5.1,57.56,293.56,2,1,High,1.1,403.3,575.34,538.47
Telangana,Wooden Toy,Bamboo,200.49,6.6,53.81,355.15,2,2,Medium,1.0,555.64,664.6,693.95
Andhra Pradesh,Bamboo Craft,Bamboo,147.08,10.6,67.81,718.79,2,5,High,1.1,865.87,1144.84,1263.63
West Bengal,Wooden Toy,Bamboo,180.34,2.0,69.27,138.54,4,5,Medium,1.0,318.88,523.45,477.02
Tamil Nadu,Home Decor,Wood,196.98,8.8,55.13,485.14,5,2,Very High,1.2,682.12,1084.95,1141.67
Karnataka,Textile Craft,Cotton,243.58,5.7,67.72,386.0,5,4,Medium,1.0,629.58,1071.78,981.88
Gujarat,Wooden Toy,Wood,395.16,3.7,61.73,228.4,1,5,Medium,1.0,623.56,887.52,824.41
Gujarat,Bamboo Toy,Bamboo,96.16,2.2,83.82,184.4,4,4,Very High,1.2,280.56,336.21,409.73
Rajasthan,Wood Craft,Wood,205.37,9.1,68.57,623.99,2,2,High,1.1,829.36,911.74,1038.91
Kerala,Home Decor,Bamboo,68.85,8.5,82.02,697.17,5,4,High,1.1,766.02,1399.0,1380.22
Andhra Pradesh,Bamboo Toy,Cane,237.5,2.6,67.66,175.92,3,5,High,1.1,413.42,629.32,631.74
Rajasthan,Handmade Jewelry,Silver,1495.14,6.4,72.29,462.66,5,3,High,1.1,1957.8,3270.14,3374.51
Karnataka,Bamboo Craft,Cane,156.23,3.9,70.52,275.03,2,5,Low,0.9,431.26,700.74,605.46
Uttar Pradesh,Bamboo Craft,Bamboo,51.59,10.3,73.06,752.52,5,2,High,1.1,804.11,1370.07,1316.12
West Bengal,Bamboo Toy,Cane,237.94,4.0,58.19,232.76,4,3,Medium,1.0,470.7,598.98,604.51
Kerala,Wood Craft,Bamboo,130.12,9.3,70.98,660.11,2,3,High,1.1,790.23,1059.4,1088.59
Rajasthan,Textile Craft,Wool,196.59,11.6,64.42,747.27,2,1,High,1.1,943.86,1138.0,1310.94
Odisha,Pottery,Terracotta,120.55,4.8,73.85,354.48,1,3,Low,0.9,475.03,754.61,628.52
Karnataka,Handmade Jewelry,Beads,117.62,3.9,73.84,287.98,2,2,Medium,1.0,405.6,660.98,621.01
Odisha,Textile Craft,Cotton,323.29,9.9,73.61,728.74,2,1,Low,0.9,1052.03,1284.02,1209.83
Telangana,Bamboo Craft,Cane,91.13,6.6,62.45,412.17,4,5,High,1.1,503.3,824.57,797.57
Gujarat,Wooden Toy,Bamboo,71.27,5.8,74.04,429.43,3,4,Very High,1.2,500.7,573.06,695.5
Karnataka,Textile Craft,Cotton,303.78,7.8,65.78,513.08,2,2,High,1.1,816.86,983.2,1076.15
Karnataka,Textile Craft,Silk,234.92,9.7,76.66,743.6,4,5,Very High,1.2,978.52,1351.17,1648.3
Gujarat,Home Decor,Clay,92.38,12.2,81.59,995.4,1,3,Very High,1.2,1087.78,1655.79,1728.12
Karnataka,Bamboo Toy,Bamboo,170.13,6.1,81.38,496.42,3,2,Low,0.9,666.55,779.45,787.97
Andhra Pradesh,Wooden Toy,Bamboo,65.96,5.1,65.81,335.63,4,1,Low,0.9,401.59,511.57,479.29
Rajasthan,Clay/Terracotta Toy,Terracotta,44.03,6.6,57.52,379.63,1,3,Medium,1.0,423.66,632.96,563.95
Andhra Pradesh,Home Decor,Wood,111.94,10.4,50.98,530.19,4,2,Low,0.9,642.13,1113.07,954.03
Uttar Pradesh,Bamboo Toy,Bamboo,124.13,2.2,71.15,156.53,5,5,Low,0.9,280.66,435.06,386.1
Tamil Nadu,Textile Craft,Silk,531.98,8.9,55.98,498.22,2,4,Low,0.9,1030.2,1405.0,1361.23
Karnataka,Handmade Jewelry,Silver,1479.74,9.0,62.47,562.23,2,3,Low,0.9,2041.97,2840.79,2763.73
Karnataka,Bamboo Craft,Bamboo,231.16,5.0,68.14,340.7,2,3,Low,0.9,571.86,818.17,708.99
Tamil Nadu,Wood Craft,Wood,244.7,4.2,79.53,334.03,4,4,Very High,1.2,578.73,981.93,993.54
Karnataka,Wood Craft,Wood,187.32,5.0,70.88,354.4,4,2,Very High,1.2,541.72,796.18,891.26
Odisha,Clay/Terracotta Toy,Terracotta,145.5,4.9,71.42,349.96,1,3,Medium,1.0,495.46,637.08,642.4
Rajasthan,Textile Craft,Wool,145.24,9.2,72.75,669.3,4,3,Low,0.9,814.54,1115.74,1111.09
Tamil Nadu,Textile Craft,Wool,222.99,3.9,81.31,317.11,5,5,High,1.1,540.1,938.66,900.68
Uttar Pradesh,Bamboo Craft,Bamboo,142.65,9.5,58.08,551.76,2,4,Medium,1.0,694.41,1111.61,1030.17
Andhra Pradesh,Handmade Jewelry,Copper,308.97,6.1,67.93,414.37,5,5,High,1.1,723.34,993.67,1149.53
Telangana,Clay/Terracotta Toy,Clay,144.45,5.2,57.37,298.32,2,2,Medium,1.0,442.77,568.32,556.64
Andhra Pradesh,Home Decor,Clay,30.87,3.5,61.47,215.14,1,5,Medium,1.0,246.01,382.28,358.88
Andhra Pradesh,Clay/Terracotta Toy,Clay,41.97,3.5,73.62,257.67,5,2,Very High,1.2,299.64,452.23,474.62
Karnataka,Wood Craft,Bamboo,134.77,11.5,77.6,892.4,1,4,Medium,1.0,1027.17,1451.86,1424.6
Andhra Pradesh,Wooden Toy,Wood,270.09,3.4,61.17,207.98,4,5,High,1.1,478.07,803.84,769.22
Odisha,Wooden Toy,Bamboo,219.67,2.5,71.77,179.42,1,5,Very High,1.2,399.09,512.75,577.42
Gujarat,Metal Craft,Copper,309.85,8.4,68.68,576.91,1,2,High,1.1,886.76,1159.26,1172.29
Tamil Nadu,Metal Craft,Iron,487.85,9.5,66.16,628.52,4,1,Medium,1.0,1116.37,1572.22,1497.28
Odisha,Handmade Jewelry,Copper,774.74,2.6,67.9,176.54,2,5,Very High,1.2,951.28,1413.93,1558.64
Gujarat,Bamboo Craft,Cane,90.47,6.1,75.89,462.93,1,3,High,1.1,553.4,681.89,713.05
Telangana,Wooden Toy,Wood,307.07,3.8,51.93,197.33,1,1,Very High,1.2,504.4,714.95,722.13
Kerala,Pottery,Clay,58.64,8.5,63.8,542.3,5,5,Very High,1.2,600.94,1118.08,1105.4
West Bengal,Wooden Toy,Bamboo,200.47,3.7,53.54,198.1,3,4,Medium,1.0,398.57,603.71,562.82
Karnataka,Wooden Toy,Wood,194.03,4.5,67.56,304.02,4,5,Very High,1.2,498.05,753.46,853.7
Rajasthan,Pottery,Terracotta,176.49,3.6,58.23,209.63,3,4,High,1.1,386.12,518.59,546.07
Andhra Pradesh,Wood Craft,Wood,394.19,7.4,79.92,591.41,3,5,Low,0.9,985.6,1609.94,1396.27
Andhra Pradesh,Bamboo Toy,Bamboo,148.33,7.6,72.3,549.48,2,1,High,1.1,697.81,762.95,897.18
Kerala,Home Decor,Wood,182.85,8.0,85.74,685.92,2,5,Medium,1.0,868.77,1643.14,1458.94
Gujarat,Metal Craft,Copper,475.09,11.3,68.61,775.29,1,3,Medium,1.0,1250.38,1623.51,1698.76
Tamil Nadu,Clay/Terracotta Toy,Terracotta,96.41,4.3,58.82,252.93,1,3,Low,0.9,349.34,416.63,409.62
Tamil Nadu,Bamboo Toy,Bamboo,222.75,5.7,76.4,435.48,5,4,High,1.1,658.23,1133.68,1054.94
Gujarat,Pottery,Terracotta,191.95,7.9,66.1,522.19,4,3,Very High,1.2,714.14,1193.94,1231.61
Tamil Nadu,Clay/Terracotta Toy,Terracotta,148.07,2.7,80.51,217.38,5,1,High,1.1,365.45,560.71,556.3
Odisha,Handmade Jewelry,Copper,704.32,6.9,50.86,350.93,2,3,High,1.1,1055.25,1349.73,1503.7
West Bengal,Metal Craft,Brass,572.77,7.0,56.98,398.86,4,5,Very High,1.2,971.63,1170.27,1456.17
Gujarat,Textile Craft,Wool,392.32,3.2,64.0,204.8,5,1,High,1.1,597.12,813.5,864.26
Rajasthan,Handmade Jewelry,Silver,1022.64,9.0,73.32,659.88,5,5,Low,0.9,1682.52,3054.19,2666.52
Kerala,Pottery,Clay,50.87,5.4,60.45,326.43,2,1,Very High,1.2,377.3,494.3,528.37
Andhra Pradesh,Wooden Toy,Wood,396.93,8.7,67.02,583.07,5,5,Medium,1.0,980.0,1751.97,1606.9
Odisha,Bamboo Craft,Cane,126.7,5.6,55.85,312.76,3,3,Low,0.9,439.46,601.37,558.11
Tamil Nadu,Bamboo Craft,Cane,146.31,5.6,81.3,455.28,2,2,Very High,1.2,601.59,742.52,859.08
Gujarat,Clay/Terracotta Toy,Clay,124.74,6.0,58.44,350.64,1,3,Low,0.9,475.38,713.39,613.79
West Bengal,Home Decor,Cotton,335.61,11.6,78.56,911.3,4,4,Medium,1.0,1246.91,1962.01,1862.16
Odisha,Metal Craft,Brass,495.2,5.5,56.61,311.36,4,5,Medium,1.0,806.56,1034.0,1105.09
Telangana,Wooden Toy,Bamboo,95.67,4.9,70.21,344.03,4,3,Medium,1.0,439.7,517.33,567.83
Gujarat,Handmade Jewelry,Silver,747.51,5.5,79.7,438.35,3,2,Low,0.9,1185.86,1754.55,1552.26
Odisha,Textile Craft,Cotton,341.92,8.9,56.19,500.09,4,4,Low,0.9,842.01,1451.27,1254.4
Tamil Nadu,Bamboo Toy,Cane,272.06,6.7,83.58,559.99,1,2,High,1.1,832.05,1040.51,1074.31
Telangana,Wood Craft,Bamboo,217.5,13.7,62.47,855.84,4,1,Medium,1.0,1073.34,1691.45,1609.49
Telangana,Metal Craft,Copper,437.6,7.5,78.19,586.42,1,3,Very High,1.2,1024.03,1368.47,1539.23
Uttar Pradesh,Metal Craft,Copper,695.09,10.0,60.33,603.3,1,2,Low,0.9,1298.39,2109.38,1786.13
Tamil Nadu,Bamboo Toy,Cane,271.68,4.4,75.12,330.53,4,5,High,1.1,602.21,709.15,828.94
West Bengal,Wood Craft,Bamboo,134.2,13.3,60.15,800.0,1,2,Very High,1.2,934.19,1277.44,1396.02
Odisha,Wood Craft,Wood,290.26,11.5,72.9,838.35,4,1,High,1.1,1128.61,1785.85,1735.59
Uttar Pradesh,Pottery,Clay,119.62,8.5,65.22,554.37,3,3,Medium,1.0,673.99,976.2,933.17
Uttar Pradesh,Bamboo Craft,Cane,278.14,4.6,73.06,336.08,2,5,High,1.1,614.22,992.54,977.22
Andhra Pradesh,Handmade Jewelry,Silver,1271.9,5.5,75.73,416.52,1,2,Low,0.9,1688.42,1948.37,1976.71
West Bengal,Pottery,Clay,149.69,6.2,72.98,452.48,1,5,High,1.1,602.17,918.24,871.12
Gujarat,Clay/Terracotta Toy,Terracotta,162.33,3.0,67.16,201.48,3,3,Medium,1.0,363.81,416.25,458.39
Gujarat,Wooden Toy,Bamboo,54.82,8.1,57.58,466.4,3,2,Medium,1.0,521.22,615.91,658.89
Gujarat,Bamboo Toy,Cane,154.57,7.3,73.39,535.75,4,3,Low,0.9,690.32,1036.02,904.06
Kerala,Wooden Toy,Wood,332.31,6.4,78.13,500.03,2,1,Low,0.9,832.34,1162.01,1042.9
Gujarat,Clay/Terracotta Toy,Terracotta,118.19,3.0,58.93,176.79,3,1,High,1.1,294.98,362.62,382.21
Tamil Nadu,Home Decor,Wood,228.55,7.7,68.6,528.22,5,5,Low,0.9,756.77,1413.69,1188.64
Karnataka,Pottery,Terracotta,110.38,4.9,81.64,400.04,3,3,Medium,1.0,510.42,679.48,657.12
Telangana,Metal Craft,Copper,818.42,4.9,65.62,321.54,2,3,Low,0.9,1139.96,1625.31,1536.99
Odisha,Wooden Toy,Wood,312.77,8.8,46.14,406.03,1,3,High,1.1,718.8,1022.44,1046.6
Odisha,Pottery,Clay,51.13,3.8,52.21,198.4,2,3,Low,0.9,249.53,326.44,314.28
Odisha,Home Decor,Wood,84.77,10.9,74.73,814.56,1,1,Low,0.9,899.33,988.37,1034.23
Kerala,Wooden Toy,Bamboo,122.09,8.5,64.71,550.03,3,2,Very High,1.2,672.12,951.59,975.24
Tamil Nadu,Wooden Toy,Wood,261.34,8.8,64.05,563.64,4,1,Medium,1.0,824.98,1065.35,1106.6
Uttar Pradesh,Home Decor,Bamboo,74.02,12.0,50.44,605.28,5,2,High,1.1,679.3,1040.55,1036.6
Telangana,Wooden Toy,Wood,384.02,9.1,71.92,654.47,5,2,Low,0.9,1038.49,1640.66,1461.19
Andhra Pradesh,Bamboo Craft,Bamboo,179.18,3.7,74.06,274.02,5,2,Low,0.9,453.2,695.71,640.68
Uttar Pradesh,Pottery,Terracotta,135.53,2.3,52.96,121.81,4,2,Very High,1.2,257.34,281.9,346.3
Tamil Nadu,Bamboo Craft,Cane,93.92,10.0,65.53,655.3,2,1,Medium,1.0,749.22,1044.98,986.71
Karnataka,Bamboo Craft,Bamboo,66.53,9.2,68.95,634.34,1,4,Low,0.9,700.87,778.53,806.0
Tamil Nadu,Bamboo Craft,Cane,73.85,8.4,73.72,619.25,2,5,High,1.1,693.1,1073.27,1047.66
Uttar Pradesh,Home Decor,Clay,130.48,6.7,74.34,498.08,5,5,Low,0.9,628.56,1110.02,969.5
Kerala,Textile Craft,Wool,297.21,10.1,62.56,631.86,3,5,High,1.1,929.07,1173.89,1359.23
Rajasthan,Wood Craft,Bamboo,56.48,4.7,73.48,345.36,4,3,High,1.1,401.84,505.67,581.2
Gujarat,Metal Craft,Iron,370.29,15.7,82.93,1302.0,2,2,Medium,1.0,1672.29,2334.34,2289.49
Rajasthan,Wooden Toy,Wood,208.9,5.6,46.64,261.18,1,4,Low,0.9,470.08,687.23,585.89
Telangana,Home Decor,Clay,122.99,14.0,54.16,758.24,5,5,Very High,1.2,881.23,1447.74,1642.73
Tamil Nadu,Handmade Jewelry,Copper,365.02,7.5,56.31,422.33,3,5,High,1.1,787.35,1324.12,1378.61
Odisha,Metal Craft,Copper,323.09,8.9,46.67,415.36,2,2,High,1.1,738.45,1189.87,1175.54
Gujarat,Bamboo Craft,Bamboo,181.54,7.4,59.36,439.26,4,1,Medium,1.0,620.8,806.38,853.72
Odisha,Bamboo Craft,Bamboo,118.03,10.5,62.18,652.89,5,4,Medium,1.0,770.92,1394.44,1256.96
West Bengal,Wood Craft,Bamboo,212.48,5.1,50.48,257.45,2,4,Very High,1.2,469.93,783.5,807.92
Kerala,Wooden Toy,Wood,154.27,9.8,89.74,879.45,2,2,Medium,1.0,1033.72,1230.92,1230.1
Telangana,Handmade Jewelry,Brass,871.56,2.3,60.84,139.93,5,2,Medium,1.0,1011.49,1965.07,1731.01
Karnataka,Metal Craft,Copper,771.27,15.6,75.75,1181.7,5,4,High,1.1,1952.97,3787.71,3531.82
Telangana,Wood Craft,Bamboo,161.32,7.5,69.13,518.47,5,1,High,1.1,679.79,1091.23,1109.22
Kerala,Textile Craft,Silk,207.07,7.8,65.38,509.96,3,1,Low,0.9,717.03,1093.38,960.33
Odisha,Wood Craft,Wood,112.04,10.2,74.22,757.04,3,5,Low,0.9,869.08,1616.0,1356.37
Uttar Pradesh,Wooden Toy,Wood,309.89,6.5,57.04,370.76,3,5,Low,0.9,680.65,878.38,888.82
Uttar Pradesh,Bamboo Toy,Cane,230.01,3.2,46.61,149.15,4,5,Very High,1.2,379.16,485.03,578.87
West Bengal,Home Decor,Bamboo,93.02,6.0,52.99,317.94,2,5,Low,0.9,410.96,572.22,525.12
Rajasthan,Wood Craft,Bamboo,214.24,11.6,70.05,812.58,1,2,Medium,1.0,1026.82,1204.67,1325.18
West Bengal,Bamboo Craft,Cane,155.37,8.9,68.34,608.23,4,4,Medium,1.0,763.6,1126.2,1090.65
Telangana,Home Decor,Wood,98.93,7.1,79.46,564.17,2,1,Low,0.9,663.1,799.6,762.56
Tamil Nadu,Clay/Terracotta Toy,Terracotta,170.06,2.8,66.17,185.28,4,3,Very High,1.2,355.34,537.35,561.27
Andhra Pradesh,Home Decor,Clay,35.96,3.9,67.37,262.74,5,5,High,1.1,298.7,465.79,516.27
Tamil Nadu,Wood Craft,Wood,274.38,3.0,58.58,175.74,4,3,Low,0.9,450.12,665.23,638.2
Tamil Nadu,Handmade Jewelry,Silver,1034.14,4.4,61.23,269.41,2,2,Very High,1.2,1303.55,1922.89,2000.97
Karnataka,Home Decor,Bamboo,184.4,9.2,58.13,534.8,5,1,High,1.1,719.2,1073.2,1097.19
Telangana,Home Decor,Wood,200.77,5.2,51.46,267.59,2,3,Medium,1.0,468.36,525.46,578.32
Karnataka,Handmade Jewelry,Beads,311.22,6.4,69.11,442.3,1,3,Low,0.9,753.52,1186.04,1007.04
Telangana,Wooden Toy,Bamboo,187.35,7.6,63.01,478.88,2,3,High,1.1,666.23,1097.38,1031.69
Tamil Nadu,Wooden Toy,Bamboo,55.72,7.3,60.61,442.45,4,3,High,1.1,498.17,700.32,712.05
Tamil Nadu,Pottery,Clay,164.18,5.4,78.73,425.14,5,4,Very High,1.2,589.32,932.16,1029.46
Karnataka,Pottery,Clay,93.48,6.6,66.05,435.93,2,1,Medium,1.0,529.41,720.64,663.31
Odisha,Textile Craft,Wool,410.89,9.0,66.94,602.46,5,1,Very High,1.2,1013.35,1640.45,1651.7
Karnataka,Clay/Terracotta Toy,Terracotta,114.15,5.4,80.1,432.54,5,1,High,1.1,546.69,767.73,824.02
West Bengal,Pottery,Clay,70.68,7.1,63.42,450.28,1,4,Medium,1.0,520.96,624.7,656.71
Karnataka,Bamboo Craft,Bamboo,116.16,6.3,55.75,351.22,3,3,Very High,1.2,467.38,796.41,794.33
Tamil Nadu,Wood Craft,Wood,112.13,5.6,73.99,414.34,3,5,Very High,1.2,526.47,870.05,904.62
Telangana,Handmade Jewelry,Copper,387.99,7.1,63.2,448.72,3,2,Medium,1.0,836.71,1137.71,1141.22
Karnataka,Handmade Jewelry,Brass,603.89,7.7,81.38,626.63,1,1,Very High,1.2,1230.52,2089.21,2079.37
Uttar Pradesh,Wooden Toy,Wood,173.69,5.9,52.05,307.1,4,3,Medium,1.0,480.79,737.86,668.31
Karnataka,Wood Craft,Wood,243.72,8.6,76.1,654.46,4,3,Very High,1.2,898.18,1080.24,1339.79
Karnataka,Metal Craft,Brass,853.58,11.3,69.75,788.18,2,4,Low,0.9,1641.76,2519.74,2183.43
Karnataka,Home Decor,Clay,135.32,9.8,77.19,756.46,5,2,High,1.1,891.78,1299.22,1415.03
Karnataka,Wooden Toy,Bamboo,199.73,4.8,80.84,388.03,4,4,Low,0.9,587.76,947.59,841.42
Tamil Nadu,Metal Craft,Brass,798.04,13.3,70.9,942.97,2,2,Medium,1.0,1741.01,2190.48,2391.64
West Bengal,Bamboo Toy,Bamboo,93.76,4.2,77.42,325.16,4,5,Medium,1.0,418.92,568.58,596.17
Odisha,Wooden Toy,Bamboo,198.2,6.9,73.39,506.39,2,3,Low,0.9,704.59,1007.66,895.86
Odisha,Wooden Toy,Bamboo,62.17,3.2,73.85,236.32,3,5,Very High,1.2,298.49,448.69,472.74
West Bengal,Textile Craft,Silk,614.94,7.7,79.36,611.07,2,2,Low,0.9,1226.01,2019.11,1735.92
Gujarat,Handmade Jewelry,Beads,249.59,5.3,82.46,437.04,4,2,Very High,1.2,686.63,946.11,1087.1
Rajasthan,Pottery,Clay,58.5,7.2,51.35,369.72,4,2,Medium,1.0,428.22,542.4,561.08
Kerala,Bamboo Toy,Cane,214.82,4.8,65.43,314.06,4,4,High,1.1,528.88,874.93,825.67
Odisha,Home Decor,Bamboo,84.37,13.6,67.87,923.03,4,2,Low,0.9,1007.4,1382.97,1395.63
Tamil Nadu,Bamboo Craft,Cane,222.87,3.4,64.09,217.91,3,1,Very High,1.2,440.78,507.92,594.88
Uttar Pradesh,Home Decor,Bamboo,196.27,11.3,49.63,560.82,5,1,Medium,1.0,757.09,896.58,983.77
Karnataka,Bamboo Craft,Cane,107.6,4.7,76.75,360.73,5,3,Low,0.9,468.33,573.86,592.96
Andhra Pradesh,Pottery,Terracotta,119.55,3.1,69.95,216.85,2,4,Low,0.9,336.4,399.78,401.14
Gujarat,Handmade Jewelry,Brass,625.78,8.1,78.26,633.91,4,5,Low,0.9,1259.69,2327.53,1964.13
Karnataka,Clay/Terracotta Toy,Terracotta,132.38,6.0,60.75,364.5,5,1,Medium,1.0,496.88,611.7,638.65
Uttar Pradesh,Wood Craft,Bamboo,208.0,5.1,45.64,232.76,1,5,Low,0.9,440.76,730.5,616.2
Tamil Nadu,Wooden Toy,Wood,349.26,4.8,62.63,300.62,2,4,High,1.1,649.88,1004.01,990.08
Andhra Pradesh,Bamboo Toy,Cane,256.12,6.2,67.22,416.76,2,5,Medium,1.0,672.88,963.03,947.27
West Bengal,Wood Craft,Wood,339.57,12.7,63.48,806.2,3,3,High,1.1,1145.77,1516.08,1728.07
Karnataka,Clay/Terracotta Toy,Clay,94.45,5.4,74.24,400.9,3,5,Very High,1.2,495.35,756.75,811.26
Andhra Pradesh,Home Decor,Clay,115.79,6.1,55.37,337.76,2,2,Medium,1.0,453.55,695.1,647.48
Tamil Nadu,Bamboo Toy,Bamboo,56.51,6.2,70.96,439.95,4,3,Very High,1.2,496.46,650.51,740.84
Andhra Pradesh,Textile Craft,Wool,400.94,3.4,66.15,224.91,5,5,Medium,1.0,625.85,903.13,954.89
Karnataka,Metal Craft,Iron,387.59,12.5,69.1,863.75,2,4,Very High,1.2,1251.34,2006.3,2093.55
Karnataka,Wood Craft,Wood,397.1,3.9,59.16,230.72,1,1,High,1.1,627.82,762.02,848.58
Telangana,Bamboo Craft,Cane,77.06,10.0,50.27,502.7,4,1,High,1.1,579.76,695.39,793.29
West Bengal,Metal Craft,Brass,376.78,8.8,66.75,587.4,1,4,High,1.1,964.18,1615.14,1589.2
West Bengal,Handmade Jewelry,Brass,616.31,7.2,70.59,508.25,3,1,Low,0.9,1124.56,1677.27,1572.63
Andhra Pradesh,Clay/Terracotta Toy,Clay,134.26,7.9,61.84,488.54,2,1,High,1.1,622.8,825.5,883.07
Tamil Nadu,Pottery,Terracotta,213.42,8.2,65.67,538.49,3,4,Medium,1.0,751.91,1128.22,1115.22
Odisha,Wooden Toy,Bamboo,131.45,2.1,65.66,137.89,4,2,Medium,1.0,269.34,316.2,346.4
Kerala,Pottery,Clay,117.41,3.0,70.0,210.0,3,3,Very High,1.2,327.41,473.48,490.14
Rajasthan,Clay/Terracotta Toy,Terracotta,40.57,5.0,49.16,245.8,4,2,Very High,1.2,286.37,473.85,468.32
Telangana,Wooden Toy,Bamboo,154.23,3.8,53.68,203.98,2,3,Medium,1.0,358.21,502.08,497.22
Rajasthan,Pottery,Terracotta,105.92,8.3,66.98,555.93,4,5,Medium,1.0,661.85,1064.48,1037.72
Andhra Pradesh,Wood Craft,Wood,182.19,10.5,74.51,782.36,2,4,Very High,1.2,964.55,1477.9,1584.83
Karnataka,Home Decor,Wood,171.47,13.2,57.54,759.53,1,4,Medium,1.0,931.0,1346.81,1303.96
Uttar Pradesh,Clay/Terracotta Toy,Terracotta,162.78,5.8,60.87,353.05,5,1,High,1.1,515.83,770.91,742.82
Telangana,Textile Craft,Silk,674.0,11.1,52.19,579.31,1,3,Low,0.9,1253.31,1924.88,1724.21
Telangana,Metal Craft,Copper,763.08,13.1,59.4,778.14,3,1,High,1.1,1541.22,1972.52,2277.68
Telangana,Bamboo Toy,Bamboo,222.41,7.3,76.69,559.84,5,4,Low,0.9,782.25,1412.44,1182.95
Gujarat,Textile Craft,Silk,389.81,3.6,77.55,279.18,5,3,Very High,1.2,668.99,1150.68,1211.07
Karnataka,Wooden Toy,Wood,150.8,7.0,66.29,464.03,1,3,High,1.1,614.83,785.38,854.42
West Bengal,Wooden Toy,Wood,338.13,6.8,67.08,456.14,4,3,High,1.1,794.27,1153.51,1159.62
Odisha,Textile Craft,Cotton,292.29,4.4,60.62,266.73,5,5,Very High,1.2,559.02,765.11,893.04
Karnataka,Home Decor,Bamboo,120.18,4.0,81.02,324.08,5,4,Low,0.9,444.26,828.74,708.64
Telangana,Clay/Terracotta Toy,Terracotta,140.28,2.0,62.37,124.74,1,5,High,1.1,265.02,401.12,406.73
Andhra Pradesh,Wooden Toy,Wood,288.84,2.7,67.25,181.58,3,1,Low,0.9,470.41,686.19,626.55
Uttar Pradesh,Wood Craft,Wood,166.31,9.7,61.02,591.89,3,1,Medium,1.0,758.2,958.85,1020.35
Rajasthan,Home Decor,Cotton,104.7,10.0,47.26,472.6,5,3,Medium,1.0,577.3,963.59,883.37
Kerala,Bamboo Craft,Cane,60.71,3.2,67.52,216.06,1,4,Low,0.9,276.77,393.51,344.58
Rajasthan,Pottery,Terracotta,151.39,2.8,54.13,151.56,1,5,Very High,1.2,302.95,389.36,424.51
Karnataka,Handmade Jewelry,Brass,763.41,7.9,82.51,651.83,1,3,Medium,1.0,1415.24,2056.0,2083.06
Rajasthan,Bamboo Craft,Bamboo,241.88,4.1,51.05,209.3,1,4,High,1.1,451.18,589.55,651.8
Karnataka,Bamboo Toy,Bamboo,63.6,6.3,82.92,522.4,4,2,Medium,1.0,586.0,822.07,805.24
Rajasthan,Metal Craft,Brass,510.11,11.4,63.2,720.48,1,3,Very High,1.2,1230.59,2195.88,2167.32
Odisha,Bamboo Toy,Bamboo,63.66,2.8,71.5,200.2,1,5,Medium,1.0,263.86,368.99,352.2
Kerala,Clay/Terracotta Toy,Clay,32.54,3.0,85.0,255.0,4,3,Medium,1.0,287.54,480.73,447.29
Telangana,Home Decor,Bamboo,94.27,3.7,77.46,286.6,4,3,Very High,1.2,380.87,452.72,556.55
West Bengal,Wooden Toy,Bamboo,129.14,4.4,67.25,295.9,3,3,High,1.1,425.04,636.75,607.11
Tamil Nadu,Handmade Jewelry,Copper,637.95,5.6,79.87,447.27,1,4,High,1.1,1085.22,1793.76,1720.7
Rajasthan,Pottery,Terracotta,86.72,7.3,73.64,537.57,1,5,Low,0.9,624.29,823.78,783.58
Karnataka,Textile Craft,Cotton,298.48,7.6,60.77,461.85,1,4,Medium,1.0,760.33,1355.58,1202.06
Karnataka,Home Decor,Cotton,221.21,6.9,55.82,385.16,1,3,Medium,1.0,606.37,719.29,756.18
Tamil Nadu,Metal Craft,Copper,792.74,5.3,80.5,426.65,2,5,Very High,1.2,1219.39,2304.04,2297.58
Tamil Nadu,Home Decor,Cotton,135.56,7.7,80.79,622.08,4,1,Low,0.9,757.64,1131.49,1011.6
Odisha,Textile Craft,Wool,348.82,3.2,51.34,164.29,2,1,High,1.1,513.11,818.1,784.93
Telangana,Bamboo Toy,Bamboo,86.34,2.2,64.15,141.13,2,5,Very High,1.2,227.47,358.44,375.86
Rajasthan,Handmade Jewelry,Brass,552.04,9.5,67.64,642.58,3,2,Medium,1.0,1194.62,1525.5,1677.0
West Bengal,Handmade Jewelry,Beads,161.7,11.8,53.1,626.58,5,5,Medium,1.0,788.28,1515.18,1359.47
Telangana,Metal Craft,Brass,303.95,14.3,69.9,999.57,3,1,Medium,1.0,1303.52,1905.01,1732.82
Uttar Pradesh,Bamboo Toy,Bamboo,96.02,7.5,63.65,477.38,2,4,Very High,1.2,573.39,707.9,821.39
Gujarat,Wood Craft,Wood,142.03,13.5,77.33,1043.95,1,3,Very High,1.2,1185.98,2018.05,2017.61
West Bengal,Pottery,Terracotta,70.38,4.7,68.28,320.92,4,1,High,1.1,391.3,528.15,577.07
Telangana,Clay/Terracotta Toy,Terracotta,77.16,2.9,56.74,164.55,5,1,Medium,1.0,241.71,335.14,328.58
Gujarat,Pottery,Terracotta,41.5,3.4,58.45,198.73,2,5,Low,0.9,240.23,281.11,289.41
Telangana,Clay/Terracotta Toy,Clay,47.08,3.2,75.51,241.63,5,3,Medium,1.0,288.71,353.4,379.5
Rajasthan,Handmade Jewelry,Silver,946.93,2.8,68.24,191.07,5,3,Very High,1.2,1138.0,1640.71,1957.37
Kerala,Home Decor,Cotton,303.21,10.1,68.8,694.88,5,3,Very High,1.2,998.09,1276.76,1507.79
Uttar Pradesh,Bamboo Craft,Cane,115.21,6.1,51.55,314.45,2,5,Low,0.9,429.66,744.76,622.96
West Bengal,Home Decor,Cotton,314.03,12.8,70.64,904.19,4,4,Low,0.9,1218.22,2187.35,1876.16
Kerala,Bamboo Toy,Cane,94.7,3.2,77.62,248.38,5,5,Medium,1.0,343.08,466.25,502.66
Kerala,Metal Craft,Brass,510.93,6.7,65.54,439.12,1,3,Very High,1.2,950.05,1417.28,1530.0
Uttar Pradesh,Bamboo Craft,Bamboo,220.73,9.7,53.32,517.2,5,2,High,1.1,737.93,1022.03,1058.96
Telangana,Clay/Terracotta Toy,Clay,144.23,2.6,69.17,179.84,2,4,High,1.1,324.07,501.9,473.95
Karnataka,Bamboo Toy,Bamboo,199.38,8.0,81.95,655.6,5,5,Low,0.9,854.98,1490.92,1244.74
Rajasthan,Handmade Jewelry,Silver,990.95,7.0,58.95,412.65,1,1,High,1.1,1403.6,2002.78,2077.43
Andhra Pradesh,Pottery,Terracotta,103.92,8.7,67.41,586.47,1,1,Medium,1.0,690.39,1031.43,924.41
Odisha,Bamboo Craft,Cane,152.4,7.3,49.97,364.78,5,2,Low,0.9,517.18,781.0,722.9
Andhra Pradesh,Handmade Jewelry,Brass,511.83,7.4,53.16,393.38,1,2,Medium,1.0,905.21,1297.58,1250.0
Gujarat,Home Decor,Clay,162.09,11.3,83.85,947.5,5,5,Very High,1.2,1109.6,1684.54,1895.01
West Bengal,Metal Craft,Copper,667.63,14.5,67.77,982.66,5,1,Low,0.9,1650.3,2748.51,2348.89
Karnataka,Metal Craft,Brass,508.25,6.4,75.39,482.5,1,3,High,1.1,990.75,1627.5,1603.79
Andhra Pradesh,Textile Craft,Cotton,97.54,8.1,55.31,448.01,2,1,Low,0.9,545.55,560.88,627.38
Tamil Nadu,Clay/Terracotta Toy,Terracotta,89.68,6.4,82.75,529.6,1,3,Very High,1.2,619.28,899.07,907.39
Rajasthan,Bamboo Craft,Cane,82.9,4.4,70.89,311.92,5,3,Medium,1.0,394.82,466.75,511.49
Odisha,Pottery,Clay,70.13,6.9,60.81,419.59,5,1,Low,0.9,489.72,665.3,620.3
Odisha,Wood Craft,Wood,317.74,6.7,74.18,497.01,1,2,High,1.1,814.75,1337.97,1258.92
Andhra Pradesh,Bamboo Craft,Bamboo,247.84,8.3,79.97,663.75,3,2,Low,0.9,911.59,1276.8,1169.85
Telangana,Textile Craft,Wool,218.85,8.8,52.09,458.39,4,5,Low,0.9,677.24,1020.39,938.93
Gujarat,Wooden Toy,Bamboo,55.53,7.4,78.42,580.31,3,4,Very High,1.2,635.84,1066.32,1068.04
Gujarat,Clay/Terracotta Toy,Terracotta,92.54,6.0,73.99,443.94,1,3,Very High,1.2,536.48,676.89,786.07
Rajasthan,Wooden Toy,Wood,206.88,8.2,66.86,548.25,2,4,Very High,1.2,755.13,879.15,1044.53
Odisha,Handmade Jewelry,Silver,1186.22,5.8,73.31,425.2,3,3,Medium,1.0,1611.42,2546.12,2373.11
Telangana,Wooden Toy,Wood,222.85,6.2,61.59,381.86,4,5,Medium,1.0,604.71,743.42,808.31
Tamil Nadu,Home Decor,Wood,295.04,12.9,64.98,838.24,2,5,High,1.1,1133.28,2013.72,1889.35
Karnataka,Clay/Terracotta Toy,Clay,177.07,7.7,65.67,505.66,5,5,Medium,1.0,682.73,962.69,1014.73
West Bengal,Metal Craft,Brass,411.98,11.1,79.49,882.34,2,2,Very High,1.2,1294.32,1685.17,1999.51
Kerala,Handmade Jewelry,Beads,234.4,6.7,72.46,485.48,4,5,Medium,1.0,719.88,1356.3,1210.24
Telangana,Bamboo Toy,Cane,147.38,8.0,79.25,634.0,2,1,Medium,1.0,781.38,1047.74,967.04
Tamil Nadu,Bamboo Toy,Cane,214.32,2.1,59.0,123.9,1,5,Low,0.9,338.22,470.81,416.06
Andhra Pradesh,Clay/Terracotta Toy,Terracotta,188.35,3.3,76.82,253.51,4,1,Very High,1.2,441.86,622.45,658.87
Karnataka,Pottery,Terracotta,193.6,8.8,59.32,522.02,4,2,Medium,1.0,715.62,889.93,968.07
Uttar Pradesh,Bamboo Toy,Bamboo,105.18,2.3,54.79,126.02,5,1,Very High,1.2,231.2,270.0,334.75
Karnataka,Handmade Jewelry,Silver,1047.15,2.1,62.11,130.43,4,1,Very High,1.2,1177.58,1869.18,1885.49
Andhra Pradesh,Handmade Jewelry,Beads,212.39,5.3,61.14,324.04,5,2,High,1.1,536.43,795.41,872.59
Karnataka,Bamboo Craft,Cane,256.48,4.7,84.9,399.03,2,5,Low,0.9,655.51,987.36,864.8
Rajasthan,Wooden Toy,Bamboo,146.56,8.7,57.63,501.38,4,2,Low,0.9,647.94,763.64,781.23
Uttar Pradesh,Clay/Terracotta Toy,Terracotta,158.98,3.6,45.23,162.83,3,1,Very High,1.2,321.81,392.87,466.96
Rajasthan,Wood Craft,Bamboo,228.83,7.3,73.48,536.4,2,2,Medium,1.0,765.23,1106.42,1097.36
Uttar Pradesh,Home Decor,Clay,86.23,11.8,71.88,848.18,5,4,Medium,1.0,934.41,1527.13,1515.24
Tamil Nadu,Clay/Terracotta Toy,Terracotta,202.02,3.9,73.59,287.0,4,3,High,1.1,489.02,636.45,715.7
Rajasthan,Pottery,Terracotta,176.66,8.7,60.04,522.35,3,2,Low,0.9,699.01,838.7,810.26
Telangana,Wooden Toy,Wood,296.51,8.3,59.82,496.51,3,5,Very High,1.2,793.02,1203.62,1324.09
West Bengal,Wooden Toy,Bamboo,246.46,9.3,54.66,508.34,3,5,Very High,1.2,754.8,1214.75,1255.5
West Bengal,Bamboo Craft,Cane,239.65,6.4,63.91,409.02,3,1,High,1.1,648.67,778.44,899.76
Kerala,Wood Craft,Bamboo,148.01,7.9,85.96,679.08,5,1,Very High,1.2,827.09,1188.73,1354.76
Tamil Nadu,Wooden Toy,Wood,127.48,2.1,72.5,152.25,3,5,Very High,1.2,279.73,475.69,473.33
Karnataka,Clay/Terracotta Toy,Clay,170.83,7.2,71.0,511.2,3,3,Low,0.9,682.03,1045.1,940.47
Telangana,Pottery,Terracotta,154.69,5.1,67.73,345.42,5,3,Medium,1.0,500.11,790.54,745.98
Tamil Nadu,Pottery,Terracotta,187.27,8.7,77.1,670.77,1,1,Medium,1.0,858.04,1023.75,1001.55
Andhra Pradesh,Metal Craft,Copper,475.19,10.2,70.17,715.73,5,1,Medium,1.0,1190.92,2296.25,2034.29
Karnataka,Clay/Terracotta Toy,Clay,129.93,2.3,63.99,147.18,4,4,Very High,1.2,277.11,382.82,441.94
Odisha,Metal Craft,Copper,296.38,4.6,59.28,272.69,1,2,Medium,1.0,569.07,797.8,738.96
Rajasthan,Textile Craft,Cotton,279.19,9.5,65.83,625.38,2,1,Low,0.9,904.58,1086.98,1040.26
Telangana,Bamboo Craft,Bamboo,216.45,5.2,52.52,273.1,2,5,High,1.1,489.55,732.12,764.57
West Bengal,Bamboo Toy,Cane,155.9,7.2,54.25,390.6,2,2,Very High,1.2,546.5,709.43,766.47
Odisha,Bamboo Toy,Cane,88.15,3.6,47.93,172.55,5,2,High,1.1,260.7,342.23,377.46
Gujarat,Textile Craft,Cotton,272.98,4.7,62.65,294.45,4,5,Medium,1.0,567.43,887.93,853.95
Tamil Nadu,Wood Craft,Bamboo,107.51,10.3,68.21,702.56,5,1,High,1.1,810.07,1202.11,1236.92
Andhra Pradesh,Wood Craft,Wood,318.73,13.7,68.09,932.83,5,1,Medium,1.0,1251.56,1921.0,1908.48
Tamil Nadu,Clay/Terracotta Toy,Clay,176.86,4.4,84.38,371.27,2,5,High,1.1,548.13,802.93,837.27
Uttar Pradesh,Clay/Terracotta Toy,Clay,80.52,5.7,74.71,425.85,2,5,High,1.1,506.37,779.87,759.52
Gujarat,Bamboo Craft,Cane,178.04,8.5,57.47,488.5,3,1,High,1.1,666.53,979.22,922.14
West Bengal,Clay/Terracotta Toy,Clay,41.4,2.4,66.16,158.78,2,4,Very High,1.2,200.18,265.36,303.45
Andhra Pradesh,Metal Craft,Iron,336.43,10.0,66.16,661.6,1,4,Very High,1.2,998.03,1423.78,1639.09
Tamil Nadu,Home Decor,Wood,196.41,6.3,66.11,416.49,3,5,Low,0.9,612.9,1043.77,925.49
West Bengal,Home Decor,Clay,69.14,7.1,76.89,545.92,5,4,Low,0.9,615.06,1055.13,941.64
Telangana,Wood Craft,Wood,159.35,5.9,56.84,335.36,4,5,Medium,1.0,494.71,719.59,715.93
Odisha,Textile Craft,Wool,148.6,3.8,49.3,187.34,2,2,Medium,1.0,335.94,562.43,495.79
Rajasthan,Clay/Terracotta Toy,Clay,167.84,3.8,51.93,197.33,3,2,Low,0.9,365.17,455.13,438.14
Odisha,Pottery,Clay,87.3,2.7,57.33,154.79,2,4,High,1.1,242.09,361.55,373.19
Rajasthan,Textile Craft,Wool,403.68,8.1,65.22,528.28,1,3,High,1.1,931.96,1315.19,1277.4
Rajasthan,Wooden Toy,Bamboo,103.47,9.7,67.87,658.34,4,5,Medium,1.0,761.81,1099.27,1116.91
Gujarat,Wood Craft,Wood,143.94,14.0,82.96,1161.44,2,5,Low,0.9,1305.38,2040.23,1880.92
Telangana,Metal Craft,Iron,236.62,5.2,59.85,311.22,5,1,Medium,1.0,547.84,762.64,813.26
Uttar Pradesh,Wooden Toy,Bamboo,75.91,9.5,47.67,452.87,1,5,High,1.1,528.77,701.21,737.13
Gujarat,Bamboo Craft,Cane,242.97,3.5,78.94,276.29,5,3,Low,0.9,519.26,935.41,778.82
Karnataka,Wooden Toy,Bamboo,117.43,2.2,66.24,145.73,1,4,Low,0.9,263.16,414.82,348.72
Uttar Pradesh,Handmade Jewelry,Beads,168.3,7.8,52.15,406.77,1,1,Medium,1.0,575.07,857.69,814.88
Karnataka,Handmade Jewelry,Silver,1083.27,2.9,67.87,196.82,2,2,Medium,1.0,1280.09,1735.39,1830.26
Odisha,Handmade Jewelry,Copper,414.06,10.2,74.3,757.86,3,1,Very High,1.2,1171.92,1822.7,1924.74
Gujarat,Pottery,Clay,174.93,3.2,67.15,214.88,5,4,High,1.1,389.81,637.86,609.57
Uttar Pradesh,Pottery,Terracotta,69.7,7.2,58.07,418.1,4,2,Very High,1.2,487.8,563.7,671.75
Rajasthan,Home Decor,Bamboo,195.95,8.9,69.21,615.97,4,1,High,1.1,811.92,1325.24,1327.12
Kerala,Metal Craft,Copper,359.26,13.2,70.23,927.04,3,4,Very High,1.2,1286.3,1843.74,2088.73
West Bengal,Handmade Jewelry,Brass,849.48,5.0,51.19,255.95,4,4,Medium,1.0,1105.43,1769.63,1652.72
West Bengal,Wood Craft,Wood,147.04,5.9,61.11,360.55,1,5,Medium,1.0,507.59,667.28,689.28
Odisha,Bamboo Craft,Bamboo,89.58,10.6,52.5,556.5,3,4,Low,0.9,646.08,1043.7,904.78
Uttar Pradesh,Home Decor,Clay,100.8,8.8,61.2,538.56,4,2,Very High,1.2,639.36,1017.07,1033.23
Telangana,Metal Craft,Iron,370.64,9.7,68.97,669.01,5,1,Low,0.9,1039.65,1608.13,1436.18
Odisha,Wood Craft,Wood,347.09,3.4,59.47,202.2,4,3,High,1.1,549.29,938.34,899.63
West Bengal,Clay/Terracotta Toy,Clay,140.64,6.1,56.3,343.43,5,4,Medium,1.0,484.07,835.69,765.07
Uttar Pradesh,Textile Craft,Cotton,115.05,11.5,51.58,593.17,2,1,Low,0.9,708.22,916.18,880.26
Karnataka,Bamboo Toy,Cane,270.42,7.8,78.26,610.43,4,5,Very High,1.2,880.85,1472.35,1531.42
Andhra Pradesh,Handmade Jewelry,Beads,258.24,9.0,68.64,617.76,3,1,High,1.1,876.0,1001.94,1171.05
Telangana,Metal Craft,Brass,531.91,7.2,63.7,458.64,3,1,High,1.1,990.55,1174.67,1297.56
Telangana,Home Decor,Cotton,98.32,6.4,63.76,408.06,4,3,Very High,1.2,506.38,752.95,875.95
Telangana,Clay/Terracotta Toy,Terracotta,215.14,6.5,61.71,401.12,1,5,Very High,1.2,616.25,983.84,960.92
Gujarat,Wooden Toy,Bamboo,186.94,3.8,76.54,290.85,1,4,High,1.1,477.79,699.85,708.56
Rajasthan,Textile Craft,Cotton,297.42,3.3,68.44,225.85,2,2,High,1.1,523.27,678.53,714.03
Rajasthan,Handmade Jewelry,Beads,108.45,3.6,51.38,184.97,1,1,Very High,1.2,293.42,453.18,455.62
Telangana,Metal Craft,Brass,434.93,12.1,60.86,736.41,4,1,Low,0.9,1171.34,1861.53,1607.15
Uttar Pradesh,Wood Craft,Bamboo,167.89,13.5,64.74,873.99,4,2,Very High,1.2,1041.88,1831.32,1860.78
Tamil Nadu,Wood Craft,Wood,234.85,4.4,59.13,260.17,3,2,High,1.1,495.02,735.1,759.73
Rajasthan,Metal Craft,Copper,395.94,15.1,60.21,909.17,2,1,Low,0.9,1305.11,1745.54,1572.47
Karnataka,Wood Craft,Wood,123.71,9.5,84.43,802.09,2,4,Very High,1.2,925.8,1167.82,1344.04
Rajasthan,Wooden Toy,Bamboo,81.59,5.5,55.58,305.69,5,2,High,1.1,387.28,634.01,629.95
Uttar Pradesh,Wooden Toy,Bamboo,173.99,5.0,58.21,291.05,2,4,Medium,1.0,465.04,613.69,638.88
Tamil Nadu,Pottery,Terracotta,215.57,5.0,62.32,311.6,5,3,Low,0.9,527.17,853.36,740.23
Gujarat,Wood Craft,Bamboo,226.2,9.8,56.83,556.93,5,5,High,1.1,783.13,1249.43,1255.3
Rajasthan,Textile Craft,Wool,364.36,10.9,56.0,610.4,4,1,High,1.1,974.76,1400.02,1407.7
Rajasthan,Handmade Jewelry,Silver,1082.35,8.3,50.71,420.89,4,1,Very High,1.2,1503.24,2084.14,2535.86
West Bengal,Pottery,Terracotta,173.29,7.2,77.08,554.98,5,5,Very High,1.2,728.27,1309.21,1313.08
West Bengal,Clay/Terracotta Toy,Terracotta,163.24,3.9,54.15,211.19,2,2,Low,0.9,374.43,539.69,454.76
Kerala,Metal Craft,Iron,329.95,11.8,77.51,914.62,4,5,Medium,1.0,1244.57,1680.75,1849.94
Andhra Pradesh,Textile Craft,Silk,540.14,6.7,67.01,448.97,2,2,Low,0.9,989.11,1265.06,1186.74
Tamil Nadu,Handmade Jewelry,Copper,758.85,3.8,81.3,308.94,3,4,Low,0.9,1067.79,1687.41,1519.47
Uttar Pradesh,Metal Craft,Copper,378.88,13.3,58.7,780.71,4,5,Medium,1.0,1159.59,2252.19,2036.83
Odisha,Handmade Jewelry,Brass,736.82,6.6,70.29,463.91,1,3,Low,0.9,1200.73,1768.65,1582.86
Tamil Nadu,Handmade Jewelry,Copper,310.08,3.7,66.23,245.05,5,2,Medium,1.0,555.13,1050.0,931.34
Odisha,Wood Craft,Bamboo,55.44,3.0,67.17,201.51,1,3,High,1.1,256.95,320.24,345.26
Rajasthan,Handmade Jewelry,Silver,731.86,6.1,73.75,449.88,2,2,Very High,1.2,1181.74,1865.69,1919.51
Uttar Pradesh,Bamboo Craft,Cane,73.25,11.6,62.06,719.9,1,2,Medium,1.0,793.15,834.97,912.12
Odisha,Home Decor,Cotton,190.82,6.6,57.94,382.4,4,3,Medium,1.0,573.22,898.18,821.38
Tamil Nadu,Textile Craft,Cotton,310.84,8.8,70.46,620.05,5,5,Very High,1.2,930.89,1285.85,1482.76
West Bengal,Metal Craft,Copper,400.41,12.7,63.33,804.29,2,4,High,1.1,1204.7,1787.74,1846.53
Gujarat,Bamboo Craft,Cane,71.52,8.7,75.37,655.72,3,1,High,1.1,727.24,985.85,974.59
Karnataka,Home Decor,Bamboo,216.4,4.8,71.21,341.81,5,2,Medium,1.0,558.21,876.09,871.64
Uttar Pradesh,Textile Craft,Cotton,122.66,9.8,58.86,576.83,2,5,Low,0.9,699.49,1020.46,918.87
Kerala,Metal Craft,Iron,350.96,4.7,64.24,301.93,1,5,Very High,1.2,652.89,775.55,913.56
Telangana,Pottery,Clay,55.46,3.4,66.64,226.58,5,1,Very High,1.2,282.04,437.23,468.89
Rajasthan,Clay/Terracotta Toy,Terracotta,212.98,3.0,65.85,197.55,5,5,High,1.1,410.53,571.69,609.55
West Bengal,Metal Craft,Iron,473.8,5.5,76.91,423.0,1,4,Low,0.9,896.81,1292.48,1123.65
West Bengal,Clay/Terracotta Toy,Clay,138.37,3.2,72.26,231.23,3,1,Medium,1.0,369.6,546.14,522.53
Telangana,Clay/Terracotta Toy,Terracotta,67.59,2.6,51.17,133.04,4,3,High,1.1,200.63,316.76,299.51
Rajasthan,Wooden Toy,Bamboo,136.53,7.6,73.12,555.71,5,3,Low,0.9,692.24,1090.05,1005.7
Andhra Pradesh,Pottery,Terracotta,85.97,7.1,79.15,561.97,3,4,High,1.1,647.94,851.2,920.92
Karnataka,Pottery,Terracotta,211.58,4.4,69.45,305.58,5,3,Very High,1.2,517.16,801.86,871.47
Odisha,Wood Craft,Bamboo,216.69,3.5,56.19,196.66,4,5,Medium,1.0,413.36,625.94,597.74
Tamil Nadu,Home Decor,Clay,132.38,6.5,83.77,544.5,1,4,High,1.1,676.88,902.96,979.95
Gujarat,Bamboo Craft,Cane,256.09,5.2,58.17,302.48,2,5,Medium,1.0,558.57,716.36,752.88
Kerala,Home Decor,Clay,92.54,12.6,64.29,810.05,3,2,Medium,1.0,902.59,1104.26,1147.32
Tamil Nadu,Wooden Toy,Bamboo,166.37,8.8,75.54,664.75,2,3,Medium,1.0,831.12,1335.41,1231.87
Karnataka,Home Decor,Bamboo,101.39,11.2,63.26,708.51,5,2,Medium,1.0,809.9,1224.26,1225.8
Andhra Pradesh,Handmade Jewelry,Beads,214.42,6.9,50.38,347.62,4,3,Very High,1.2,562.04,901.93,994.82
West Bengal,Metal Craft,Brass,382.04,15.4,56.73,873.64,3,3,Very High,1.2,1255.68,1791.8,1978.4
Gujarat,Handmade Jewelry,Silver,735.64,5.0,72.18,360.9,4,1,Medium,1.0,1096.54,1719.37,1582.57
Telangana,Metal Craft,Brass,847.77,4.5,54.79,246.56,1,5,Medium,1.0,1094.33,1732.01,1678.43
Gujarat,Wood Craft,Wood,254.44,8.8,69.77,613.98,4,2,Low,0.9,868.42,1316.67,1217.36
Rajasthan,Home Decor,Bamboo,146.92,13.0,62.01,806.13,2,2,Low,0.9,953.05,1293.15,1272.67
Andhra Pradesh,Home Decor,Cotton,345.2,10.4,70.12,729.25,3,1,Very High,1.2,1074.45,1386.92,1577.73
West Bengal,Wooden Toy,Bamboo,104.28,7.1,73.02,518.44,4,3,High,1.1,622.72,856.37,910.1
Kerala,Wood Craft,Wood,295.73,12.0,67.03,804.36,2,5,Medium,1.0,1100.09,1664.34,1645.69
Karnataka,Pottery,Terracotta,49.11,8.6,78.43,674.5,4,4,Medium,1.0,723.61,1144.27,1103.54
Kerala,Bamboo Toy,Cane,234.46,3.3,73.35,242.05,3,1,Medium,1.0,476.51,750.82,661.48
Karnataka,Home Decor,Cotton,161.35,11.5,63.87,734.5,4,2,High,1.1,895.86,1589.69,1529.09
Karnataka,Wooden Toy,Bamboo,193.55,5.2,64.5,335.4,4,4,Low,0.9,528.95,749.52,699.43
Kerala,Textile Craft,Silk,592.78,10.1,81.27,820.83,3,5,Low,0.9,1413.61,2484.32,2092.27
Andhra Pradesh,Bamboo Craft,Bamboo,108.91,8.6,51.72,444.79,5,3,Low,0.9,553.7,910.47,779.14
West Bengal,Textile Craft,Silk,264.29,5.6,60.23,337.29,1,1,High,1.1,601.58,849.11,869.76
Karnataka,Wooden Toy,Wood,99.71,5.0,73.35,366.75,3,4,Low,0.9,466.46,717.21,616.79
Odisha,Pottery,Clay,44.78,5.7,49.47,281.98,5,2,High,1.1,326.76,438.44,490.07
Kerala,Bamboo Toy,Bamboo,169.53,3.8,80.85,307.23,5,3,Low,0.9,476.76,734.28,660.42
Kerala,Bamboo Craft,Bamboo,223.84,9.5,79.64,756.58,2,1,High,1.1,980.42,1320.69,1295.83
West Bengal,Textile Craft,Wool,384.21,4.2,79.21,332.68,2,1,Very High,1.2,716.89,1004.43,1087.73
Karnataka,Wood Craft,Wood,222.16,7.2,64.53,464.62,5,5,Very High,1.2,686.78,1277.27,1293.91
Gujarat,Home Decor,Clay,56.36,4.1,55.97,229.48,4,5,Low,0.9,285.84,494.91,422.06
Telangana,Wood Craft,Bamboo,81.72,12.1,60.71,734.59,5,1,Low,0.9,816.31,1014.41,1017.41
Uttar Pradesh,Handmade Jewelry,Brass,794.95,8.8,58.36,513.57,2,4,Medium,1.0,1308.52,1793.11,1890.92
Uttar Pradesh,Metal Craft,Brass,593.4,9.1,66.43,604.51,3,5,Low,0.9,1197.91,1896.25,1681.56
Kerala,Metal Craft,Copper,775.79,12.4,70.74,877.18,5,1,Low,0.9,1652.97,2936.16,2563.55
West Bengal,Clay/Terracotta Toy,Clay,35.19,4.7,72.58,341.13,2,1,Low,0.9,376.32,526.64,452.65
Tamil Nadu,Handmade Jewelry,Silver,775.63,2.6,78.55,204.23,4,2,High,1.1,979.86,1769.91,1654.56
Uttar Pradesh,Bamboo Craft,Cane,144.2,6.8,59.88,407.18,3,2,Medium,1.0,551.38,722.98,711.0
Karnataka,Wooden Toy,Bamboo,225.06,8.6,78.9,678.54,2,4,Very High,1.2,903.6,1299.62,1385.52
Karnataka,Textile Craft,Wool,320.87,5.0,73.44,367.2,1,2,High,1.1,688.07,1041.48,989.44
West Bengal,Wood Craft,Wood,295.66,5.9,73.76,435.18,1,4,Medium,1.0,730.84,1112.5,1048.76
Karnataka,Textile Craft,Cotton,265.47,10.5,81.44,855.12,5,3,Medium,1.0,1120.59,1883.8,1792.15
Karnataka,Wooden Toy,Wood,119.73,7.9,60.32,476.53,2,1,Low,0.9,596.26,698.56,693.32
Andhra Pradesh,Handmade Jewelry,Silver,758.01,4.4,64.4,283.36,1,1,High,1.1,1041.37,1365.75,1495.52
Andhra Pradesh,Handmade Jewelry,Beads,104.02,5.4,55.78,301.21,4,1,Very High,1.2,405.23,557.81,665.85
West Bengal,Wooden Toy,Wood,359.92,2.8,75.24,210.67,3,5,Medium,1.0,570.59,699.88,756.77
Odisha,Textile Craft,Cotton,122.75,8.1,47.72,386.53,1,1,Very High,1.2,509.28,728.2,738.28
Kerala,Textile Craft,Wool,138.56,11.3,67.45,762.19,4,3,Very High,1.2,900.75,1158.9,1401.23
Andhra Pradesh,Clay/Terracotta Toy,Terracotta,99.91,2.1,63.06,132.43,1,3,Medium,1.0,232.34,305.73,308.41
Odisha,Bamboo Craft,Cane,66.03,4.6,61.33,282.12,2,5,Medium,1.0,348.15,431.04,444.76
Odisha,Metal Craft,Copper,801.48,15.6,63.47,990.13,2,3,Very High,1.2,1791.61,2812.02,2796.91
Telangana,Pottery,Terracotta,126.26,5.6,68.61,384.22,5,1,Medium,1.0,510.48,680.57,668.42
Uttar Pradesh,Textile Craft,Wool,207.01,6.2,48.89,303.12,4,4,Very High,1.2,510.13,802.62,880.8
Kerala,Wood Craft,Bamboo,118.65,9.3,70.22,653.05,3,1,High,1.1,771.7,1117.12,1111.43
Rajasthan,Wood Craft,Bamboo,237.71,10.0,70.6,706.0,4,2,Low,0.9,943.71,1295.75,1269.85
Andhra Pradesh,Wooden Toy,Wood,334.05,5.7,62.59,356.76,1,4,Low,0.9,690.81,989.61,890.64
Gujarat,Wooden Toy,Bamboo,90.68,5.9,79.52,469.17,4,3,Low,0.9,559.85,725.26,724.59
Karnataka,Bamboo Toy,Bamboo,244.43,6.2,79.5,492.9,3,4,High,1.1,737.33,1161.04,1099.91
West Bengal,Home Decor,Bamboo,194.15,11.4,53.99,615.49,2,2,Medium,1.0,809.64,1108.76,1113.49
Andhra Pradesh,Textile Craft,Cotton,323.74,4.9,74.6,365.54,2,4,Low,0.9,689.28,1063.58,973.75
Rajasthan,Pottery,Clay,141.9,2.4,68.88,165.31,3,3,Very High,1.2,307.21,383.62,437.81
West Bengal,Handmade Jewelry,Brass,514.31,10.4,60.24,626.5,4,2,Low,0.9,1140.81,1647.51,1610.86
Kerala,Bamboo Craft,Bamboo,173.66,8.1,66.91,541.97,3,5,High,1.1,715.63,963.33,1083.49
Odisha,Wood Craft,Wood,323.54,7.6,56.36,428.34,5,1,High,1.1,751.88,1007.39,1126.29
Telangana,Home Decor,Bamboo,185.48,13.7,71.18,975.17,2,5,Very High,1.2,1160.65,1909.61,1935.93
Tamil Nadu,Clay/Terracotta Toy,Terracotta,79.64,2.3,63.27,145.52,1,2,Medium,1.0,225.16,255.54,267.53
Andhra Pradesh,Bamboo Toy,Bamboo,202.02,8.0,53.69,429.52,1,1,High,1.1,631.54,772.82,788.47
Gujarat,Handmade Jewelry,Beads,214.49,4.4,58.18,255.99,2,2,Very High,1.2,470.48,670.79,704.55
Gujarat,Textile Craft,Wool,237.75,10.6,74.87,793.62,4,3,Very High,1.2,1031.37,1475.84,1693.66
Rajasthan,Textile Craft,Wool,428.56,8.0,50.53,404.24,1,2,Medium,1.0,832.8,1276.8,1170.77
Uttar Pradesh,Wooden Toy,Bamboo,51.26,3.4,50.55,171.87,2,3,Medium,1.0,223.13,333.96,319.09
Andhra Pradesh,Home Decor,Wood,367.69,11.0,69.02,759.22,4,2,High,1.1,1126.91,1943.57,1903.39
West Bengal,Bamboo Craft,Bamboo,229.53,9.3,76.86,714.8,5,5,Medium,1.0,944.33,1227.29,1345.69
Karnataka,Textile Craft,Wool,125.53,10.8,59.78,645.62,4,5,Very High,1.2,771.15,1108.58,1329.6
Uttar Pradesh,Bamboo Craft,Cane,97.44,5.7,72.14,411.2,3,5,High,1.1,508.64,893.89,838.9
Andhra Pradesh,Wood Craft,Bamboo,218.32,11.8,74.15,874.97,4,2,Medium,1.0,1093.29,1306.12,1385.15
Karnataka,Handmade Jewelry,Silver,1063.6,2.2,72.98,160.56,3,1,Medium,1.0,1224.16,2140.83,1886.31
Rajasthan,Wood Craft,Bamboo,212.75,10.8,63.52,686.02,3,5,Low,0.9,898.77,1309.93,1249.27
Rajasthan,Home Decor,Bamboo,130.23,3.4,59.48,202.23,2,5,Low,0.9,332.46,549.48,475.67
Telangana,Textile Craft,Silk,606.58,10.3,67.43,694.53,3,2,Medium,1.0,1301.11,1753.19,1810.61
Karnataka,Wooden Toy,Wood,123.0,2.9,70.08,203.23,2,1,Medium,1.0,326.23,465.46,431.31
Andhra Pradesh,Metal Craft,Copper,751.16,7.3,70.55,515.01,1,4,Very High,1.2,1266.17,1978.47,1942.38
Tamil Nadu,Wooden Toy,Wood,271.38,9.6,82.7,793.92,3,2,High,1.1,1065.3,1592.64,1539.49
Rajasthan,Wooden Toy,Bamboo,142.05,6.9,59.72,412.07,5,2,Medium,1.0,554.12,853.49,796.1
Odisha,Home Decor,Wood,376.52,7.8,66.19,516.28,4,1,Low,0.9,892.8,1440.89,1287.67
Telangana,Clay/Terracotta Toy,Terracotta,207.3,2.9,50.49,146.42,4,1,Very High,1.2,353.72,505.76,525.86
Uttar Pradesh,Pottery,Clay,56.13,4.3,52.0,223.6,2,2,High,1.1,279.73,440.59,415.61
Telangana,Wood Craft,Wood,96.3,10.8,64.84,700.27,4,5,Medium,1.0,796.57,1131.38,1138.92
Telangana,Metal Craft,Iron,218.2,7.9,66.21,523.06,5,3,Low,0.9,741.26,1206.28,1132.05
Odisha,Handmade Jewelry,Copper,692.14,4.6,63.57,292.42,1,5,High,1.1,984.56,1688.86,1607.37
Tamil Nadu,Wooden Toy,Bamboo,156.48,4.5,82.55,371.47,4,2,High,1.1,527.95,726.91,735.51
Karnataka,Clay/Terracotta Toy,Clay,133.98,6.7,66.8,447.56,2,4,Medium,1.0,581.54,832.65,777.57
Kerala,Wood Craft,Bamboo,66.24,3.1,87.0,269.7,3,2,High,1.1,335.94,525.39,498.94
Odisha,Textile Craft,Silk,340.87,11.8,60.59,714.96,1,1,Medium,1.0,1055.83,1162.23,1257.87
Kerala,Home Decor,Cotton,265.16,6.2,60.13,372.81,3,5,Low,0.9,637.97,1008.62,880.57
West Bengal,Wood Craft,Bamboo,72.88,7.7,76.54,589.36,4,1,Low,0.9,662.24,997.9,892.22
Rajasthan,Wood Craft,Bamboo,101.03,3.4,47.3,160.82,3,2,Very High,1.2,261.85,331.09,407.34
Rajasthan,Wooden Toy,Wood,213.66,8.5,49.74,422.79,1,1,High,1.1,636.45,684.96,757.05
Uttar Pradesh,Clay/Terracotta Toy,Clay,139.86,6.7,59.33,397.51,4,3,Low,0.9,537.37,749.19,699.41
Telangana,Handmade Jewelry,Beads,120.11,7.8,61.94,483.13,2,3,High,1.1,603.24,1110.78,1057.84
Gujarat,Handmade Jewelry,Brass,577.06,5.4,71.76,387.5,1,5,High,1.1,964.56,1756.0,1688.53
Uttar Pradesh,Clay/Terracotta Toy,Terracotta,203.3,5.1,56.29,287.08,3,3,Very High,1.2,490.38,832.22,830.2
Andhra Pradesh,Wood Craft,Wood,271.16,6.6,53.95,356.07,3,5,Medium,1.0,627.23,1009.31,970.5
Telangana,Bamboo Craft,Cane,189.88,8.9,55.45,493.51,1,3,Low,0.9,683.38,991.49,900.82
Uttar Pradesh,Wood Craft,Wood,143.54,11.5,46.05,529.57,1,4,Very High,1.2,673.11,821.36,1023.13
Uttar Pradesh,Handmade Jewelry,Copper,347.7,4.8,59.12,283.78,5,3,Medium,1.0,631.48,1088.67,1071.96
Odisha,Pottery,Terracotta,59.37,6.8,53.31,362.51,5,5,Medium,1.0,421.88,813.67,727.02
Telangana,Clay/Terracotta Toy,Terracotta,43.05,5.7,70.29,400.65,1,4,Low,0.9,443.7,703.51,585.75
Tamil Nadu,Metal Craft,Copper,488.94,7.8,60.33,470.57,4,5,Medium,1.0,959.51,1367.65,1399.96
Karnataka,Wood Craft,Wood,302.94,9.5,58.43,555.09,5,5,Very High,1.2,858.03,1305.63,1484.71
Uttar Pradesh,Wood Craft,Bamboo,59.92,10.3,59.17,609.45,4,1,Medium,1.0,669.37,1039.85,1004.42
Telangana,Bamboo Toy,Cane,261.34,2.3,73.65,169.4,2,1,High,1.1,430.74,625.28,607.75
Kerala,Home Decor,Cotton,181.37,5.5,75.97,417.83,1,5,Very High,1.2,599.2,857.02,899.35
West Bengal,Clay/Terracotta Toy,Clay,125.03,5.0,77.68,388.4,3,2,Low,0.9,513.43,693.07,651.19
Andhra Pradesh,Metal Craft,Iron,243.45,13.6,76.17,1035.91,2,5,High,1.1,1279.36,2278.91,2165.07
Karnataka,Handmade Jewelry,Silver,547.12,3.1,57.73,178.96,2,4,Low,0.9,726.08,1134.93,1017.08
Andhra Pradesh,Bamboo Craft,Bamboo,126.89,9.0,73.68,663.12,4,5,High,1.1,790.01,1144.91,1250.18
Kerala,Metal Craft,Copper,532.97,13.2,69.22,913.7,2,3,Medium,1.0,1446.67,2315.62,2084.51
Gujarat,Home Decor,Cotton,103.41,4.1,80.8,331.28,1,5,Very High,1.2,434.69,607.54,671.13
Gujarat,Metal Craft,Iron,201.07,5.0,74.97,374.85,1,5,Low,0.9,575.92,909.78,773.98
Andhra Pradesh,Bamboo Toy,Bamboo,67.03,5.6,61.41,343.9,1,1,Medium,1.0,410.93,511.94,497.35
West Bengal,Bamboo Craft,Bamboo,88.11,9.8,59.49,583.0,5,3,Very High,1.2,671.11,952.99,1063.11
Telangana,Wood Craft,Wood,334.48,12.9,63.96,825.08,5,1,Very High,1.2,1159.56,1492.42,1746.37
Andhra Pradesh,Wood Craft,Bamboo,120.25,5.4,58.18,314.17,3,5,High,1.1,434.42,723.78,683.59
Gujarat,Wood Craft,Bamboo,79.85,12.8,75.66,968.45,3,5,Medium,1.0,1048.3,1469.56,1553.01
Odisha,Textile Craft,Silk,467.74,7.0,66.95,468.65,2,3,Very High,1.2,936.39,1476.18,1442.52
Telangana,Metal Craft,Iron,305.96,9.3,67.19,624.87,4,3,Medium,1.0,930.83,1673.72,1555.91
West Bengal,Wooden Toy,Bamboo,229.68,4.9,64.58,316.44,1,4,Very High,1.2,546.12,827.75,853.98
West Bengal,Metal Craft,Copper,686.66,13.7,62.12,851.04,1,5,Medium,1.0,1537.7,2425.8,2152.04
Rajasthan,Home Decor,Wood,89.92,11.8,65.68,775.02,3,2,High,1.1,864.94,1490.44,1403.91
Andhra Pradesh,Home Decor,Bamboo,83.92,11.8,50.69,598.14,2,3,Very High,1.2,682.06,1000.13,1031.41
Uttar Pradesh,Clay/Terracotta Toy,Clay,135.44,5.7,68.31,389.37,4,3,High,1.1,524.81,802.68,804.4
Gujarat,Wooden Toy,Wood,216.69,4.1,61.76,253.22,2,5,High,1.1,469.91,718.9,714.46
West Bengal,Clay/Terracotta Toy,Terracotta,156.31,4.7,68.68,322.8,4,1,Medium,1.0,479.11,571.79,598.85
Gujarat,Metal Craft,Copper,409.89,15.8,74.43,1175.99,4,4,Low,0.9,1585.88,2703.0,2307.46
Uttar Pradesh,Handmade Jewelry,Copper,586.76,4.4,67.27,295.99,3,1,Very High,1.2,882.75,1509.14,1485.13
Karnataka,Handmade Jewelry,Silver,818.77,5.8,57.13,331.35,5,4,High,1.1,1150.12,2204.76,2077.97
Rajasthan,Pottery,Terracotta,177.27,6.4,49.9,319.36,5,2,Low,0.9,496.63,814.51,678.83
Karnataka,Clay/Terracotta Toy,Terracotta,103.1,7.5,66.22,496.65,4,1,High,1.1,599.75,823.18,844.24
Tamil Nadu,Bamboo Craft,Bamboo,135.29,5.8,72.19,418.7,5,3,Very High,1.2,553.99,743.26,871.06
Uttar Pradesh,Home Decor,Bamboo,83.08,5.1,70.37,358.89,2,5,Very High,1.2,441.97,636.34,735.17
Tamil Nadu,Bamboo Toy,Cane,65.85,6.5,69.82,453.83,1,4,Very High,1.2,519.68,593.52,714.78
Karnataka,Clay/Terracotta Toy,Terracotta,134.56,5.4,82.49,445.45,3,4,Medium,1.0,580.01,969.84,887.55
Tamil Nadu,Pottery,Terracotta,194.56,2.4,63.8,153.12,3,2,High,1.1,347.68,600.97,557.78
Tamil Nadu,Home Decor,Clay,66.2,10.1,70.79,714.98,1,2,High,1.1,781.18,873.87,1003.11
Telangana,Textile Craft,Wool,226.3,7.6,59.9,455.24,5,2,Medium,1.0,681.54,874.15,911.19
Kerala,Clay/Terracotta Toy,Clay,62.76,3.6,71.07,255.85,5,1,High,1.1,318.61,389.65,423.11
West Bengal,Wooden Toy,Wood,326.84,9.3,59.55,553.82,5,1,High,1.1,880.65,1218.62,1310.14
Gujarat,Textile Craft,Silk,234.75,5.8,69.1,400.78,3,5,Low,0.9,635.53,849.0,823.39
Karnataka,Textile Craft,Wool,181.24,9.5,82.8,786.6,1,1,Very High,1.2,967.84,1203.49,1400.06
Odisha,Handmade Jewelry,Beads,144.59,3.9,74.86,291.95,4,4,Very High,1.2,436.54,678.57,745.02
Uttar Pradesh,Home Decor,Wood,109.51,4.3,58.21,250.3,5,1,High,1.1,359.81,564.2,575.44
Telangana,Pottery,Clay,166.09,2.1,52.58,110.42,4,1,Medium,1.0,276.51,346.57,350.51
West Bengal,Bamboo Craft,Bamboo,226.27,6.8,69.71,474.03,2,2,Low,0.9,700.3,815.78,833.99
Karnataka,Pottery,Terracotta,188.7,7.6,58.8,446.88,5,5,Low,0.9,635.58,798.51,823.03
Uttar Pradesh,Handmade Jewelry,Beads,164.06,5.3,72.48,384.14,1,3,Medium,1.0,548.2,870.89,801.07
Odisha,Pottery,Clay,145.56,7.7,48.91,376.61,4,3,Low,0.9,522.17,793.24,698.21
Uttar Pradesh,Pottery,Clay,175.29,7.1,66.29,470.66,3,2,Low,0.9,645.95,856.59,815.63
Odisha,Clay/Terracotta Toy,Clay,144.47,3.6,53.55,192.78,5,2,Very High,1.2,337.25,539.85,536.06
Gujarat,Wooden Toy,Wood,85.21,5.8,65.12,377.7,4,3,High,1.1,462.91,619.2,661.18
Telangana,Bamboo Toy,Cane,145.7,4.1,78.4,321.44,5,5,Very High,1.2,467.14,615.17,737.64
Odisha,Metal Craft,Brass,272.64,8.5,54.73,465.2,1,3,Low,0.9,737.85,1092.45,983.46
Uttar Pradesh,Wooden Toy,Bamboo,68.05,8.5,49.27,418.8,4,4,Medium,1.0,486.85,718.67,715.67
Rajasthan,Clay/Terracotta Toy,Clay,115.67,5.7,59.86,341.2,1,4,Medium,1.0,456.87,565.28,604.42
Rajasthan,Handmade Jewelry,Silver,528.99,11.0,46.52,511.72,1,1,Very High,1.2,1040.71,1299.47,1436.53
Tamil Nadu,Pottery,Terracotta,66.76,5.0,79.62,398.1,2,4,Medium,1.0,464.86,709.77,659.47
Rajasthan,Handmade Jewelry,Brass,728.37,11.7,62.72,733.82,3,5,Very High,1.2,1462.19,2292.37,2531.03
Karnataka,Textile Craft,Wool,327.95,10.9,78.16,851.94,2,3,Very High,1.2,1179.89,1464.98,1751.57
Karnataka,Metal Craft,Copper,754.32,10.0,79.64,796.4,3,4,Medium,1.0,1550.72,2022.68,2135.71
Andhra Pradesh,Pottery,Terracotta,196.34,7.1,50.49,358.48,3,5,Low,0.9,554.82,846.09,760.67
Telangana,Wood Craft,Bamboo,92.68,5.3,79.36,420.61,1,4,High,1.1,513.29,614.38,686.29
Gujarat,Clay/Terracotta Toy,Clay,80.16,7.3,82.66,603.42,4,4,Low,0.9,683.58,960.66,935.73
Rajasthan,Metal Craft,Iron,509.53,8.9,47.2,420.08,3,4,Very High,1.2,929.61,1370.26,1575.93
West Bengal,Clay/Terracotta Toy,Terracotta,205.82,3.5,59.49,208.22,3,1,High,1.1,414.03,435.4,500.92
Uttar Pradesh,Metal Craft,Copper,250.97,12.3,53.76,661.25,1,1,Medium,1.0,912.22,1199.22,1132.69
Kerala,Home Decor,Cotton,228.24,3.7,68.45,253.27,4,4,High,1.1,481.5,730.0,749.77
Kerala,Handmade Jewelry,Beads,257.9,9.1,73.19,666.03,4,1,Medium,1.0,923.93,1546.64,1409.31
West Bengal,Clay/Terracotta Toy,Clay,57.13,6.5,53.62,348.53,4,4,Medium,1.0,405.66,724.32,640.73
West Bengal,Handmade Jewelry,Brass,679.77,3.8,72.38,275.04,2,5,High,1.1,954.81,1781.88,1703.97
Uttar Pradesh,Home Decor,Clay,49.24,3.7,46.96,173.75,3,5,Medium,1.0,222.99,402.27,372.34
Tamil Nadu,Wooden Toy,Bamboo,247.01,6.3,57.12,359.86,4,5,Medium,1.0,606.87,869.86,907.93
Gujarat,Textile Craft,Wool,427.3,5.9,73.76,435.18,2,3,Very High,1.2,862.48,1240.52,1346.78
West Bengal,Handmade Jewelry,Copper,558.46,8.1,69.93,566.43,3,1,Very High,1.2,1124.89,2020.62,2053.85
Odisha,Handmade Jewelry,Brass,778.59,4.5,70.69,318.11,1,5,Medium,1.0,1096.7,1630.84,1604.34
West Bengal,Pottery,Clay,94.97,9.0,68.95,620.55,3,2,Low,0.9,715.52,804.24,822.85
Rajasthan,Handmade Jewelry,Brass,648.21,8.7,58.18,506.17,4,5,Medium,1.0,1154.38,2078.82,1933.81
West Bengal,Wooden Toy,Wood,131.84,9.0,65.92,593.28,1,1,Low,0.9,725.12,835.1,833.89
Kerala,Wood Craft,Bamboo,133.85,4.9,84.7,415.03,5,2,Medium,1.0,548.88,952.88,849.79
Tamil Nadu,Home Decor,Clay,133.25,5.1,79.07,403.26,3,5,High,1.1,536.51,783.63,813.12
West Bengal,Pottery,Terracotta,149.17,2.4,55.71,133.7,1,2,Medium,1.0,282.87,378.72,363.34
Gujarat,Clay/Terracotta Toy,Terracotta,164.93,4.6,61.25,281.75,4,5,High,1.1,446.68,615.47,676.29
Andhra Pradesh,Wooden Toy,Wood,285.81,9.1,67.14,610.97,1,3,Medium,1.0,896.78,1213.79,1115.66
Odisha,Bamboo Toy,Bamboo,146.69,7.2,55.2,397.44,3,3,Medium,1.0,544.13,660.72,710.07
Tamil Nadu,Textile Craft,Silk,530.38,8.1,70.01,567.08,5,5,Low,0.9,1097.46,1656.98,1567.53
Rajasthan,Wood Craft,Wood,216.07,7.7,61.81,475.94,2,2,High,1.1,692.01,1020.39,978.1
Andhra Pradesh,Clay/Terracotta Toy,Clay,157.95,2.0,76.2,152.4,2,1,High,1.1,310.35,373.19,424.37
Rajasthan,Wooden Toy,Bamboo,212.88,3.5,59.27,207.45,1,1,Low,0.9,420.33,551.18,514.77
Gujarat,Home Decor,Wood,221.65,10.5,78.61,825.4,4,4,Low,0.9,1047.06,1626.29,1534.38
Telangana,Home Decor,Bamboo,69.39,6.7,67.25,450.57,3,5,Very High,1.2,519.97,692.97,802.81
Telangana,Handmade Jewelry,Copper,780.02,4.7,55.2,259.44,5,4,Very High,1.2,1039.46,1738.91,1885.28
Kerala,Bamboo Craft,Bamboo,132.73,5.5,72.48,398.64,2,4,High,1.1,531.37,795.39,795.12
Kerala,Pottery,Clay,151.52,4.3,88.34,379.86,5,4,Very High,1.2,531.38,709.44,825.48
Tamil Nadu,Metal Craft,Iron,363.23,12.5,75.47,943.38,3,5,Medium,1.0,1306.61,1935.03,1994.89
Telangana,Home Decor,Cotton,191.92,9.1,75.14,683.77,5,2,Very High,1.2,875.69,1293.15,1397.76
Gujarat,Wooden Toy,Wood,169.0,4.4,61.06,268.66,4,1,High,1.1,437.66,480.28,553.73
Rajasthan,Home Decor,Cotton,191.2,3.5,54.82,191.87,2,2,Very High,1.2,383.07,494.35,588.28
Tamil Nadu,Bamboo Toy,Cane,176.51,3.5,80.5,281.75,2,5,Very High,1.2,458.26,716.77,711.37
Kerala,Metal Craft,Brass,552.26,7.0,69.02,483.14,5,4,Low,0.9,1035.4,1894.46,1581.71
Karnataka,Metal Craft,Iron,585.0,11.5,59.51,684.37,2,3,Very High,1.2,1269.37,1978.18,2008.7
Tamil Nadu,Bamboo Craft,Cane,76.54,7.7,71.37,549.55,4,3,Very High,1.2,626.09,757.83,927.38
Tamil Nadu,Wooden Toy,Wood,371.41,2.2,80.29,176.64,2,4,Low,0.9,548.05,669.44,654.78
Karnataka,Wooden Toy,Bamboo,130.73,5.0,61.12,305.6,3,5,High,1.1,436.33,493.9,576.45
Karnataka,Wooden Toy,Wood,128.08,9.4,68.9,647.66,4,4,Medium,1.0,775.74,1110.77,1088.4
Rajasthan,Handmade Jewelry,Beads,309.42,8.3,69.41,576.1,5,5,Low,0.9,885.52,1565.81,1438.98
Gujarat,Wood Craft,Bamboo,192.89,9.9,81.19,803.78,4,1,High,1.1,996.67,1787.53,1663.55
Telangana,Home Decor,Bamboo,104.99,8.3,51.01,423.38,1,3,High,1.1,528.37,900.62,840.21
Karnataka,Bamboo Craft,Cane,273.18,10.5,75.84,796.32,2,3,High,1.1,1069.5,1732.55,1630.97
West Bengal,Bamboo Craft,Bamboo,244.34,4.6,78.99,363.35,5,2,Medium,1.0,607.69,837.45,870.24
Kerala,Wood Craft,Bamboo,239.26,8.8,65.09,572.79,2,4,Very High,1.2,812.05,1316.37,1338.12
Tamil Nadu,Wood Craft,Bamboo,231.37,9.4,64.41,605.45,5,1,Very High,1.2,836.82,1160.39,1379.68
Andhra Pradesh,Handmade Jewelry,Brass,613.31,5.8,77.34,448.57,1,5,High,1.1,1061.88,1822.68,1767.65
Rajasthan,Wood Craft,Wood,376.08,11.9,63.16,751.6,4,5,High,1.1,1127.68,1883.19,1870.06
Gujarat,Bamboo Craft,Cane,62.71,7.7,76.92,592.28,5,1,High,1.1,654.99,1072.64,1056.3
Gujarat,Metal Craft,Copper,362.09,12.3,65.17,801.59,3,5,High,1.1,1163.68,2071.38,2026.9
Telangana,Pottery,Clay,106.39,3.7,66.54,246.2,4,5,Medium,1.0,352.59,587.9,537.44
Telangana,Wooden Toy,Bamboo,71.23,6.4,51.53,329.79,3,1,Medium,1.0,401.02,415.63,461.18
Telangana,Textile Craft,Wool,144.57,5.2,62.71,326.09,2,3,High,1.1,470.66,658.92,658.87
Odisha,Clay/Terracotta Toy,Terracotta,145.17,2.2,53.79,118.34,3,3,Low,0.9,263.51,340.21,336.5
Uttar Pradesh,Home Decor,Clay,88.4,13.5,47.22,637.47,4,2,Medium,1.0,725.87,948.51,1041.76
Andhra Pradesh,Wooden Toy,Bamboo,88.8,3.1,77.93,241.58,4,4,Medium,1.0,330.38,522.41,493.01
Andhra Pradesh,Bamboo Craft,Bamboo,124.14,7.2,52.0,374.4,2,3,Medium,1.0,498.54,645.19,657.64
Uttar Pradesh,Pottery,Terracotta,116.24,4.6,70.65,324.99,3,4,Medium,1.0,441.23,699.55,640.56
Kerala,Clay/Terracotta Toy,Clay,91.79,4.7,65.15,306.21,3,3,Medium,1.0,398.0,633.88,585.45
Uttar Pradesh,Pottery,Terracotta,184.38,6.2,52.06,322.77,4,2,High,1.1,507.15,739.98,739.51
Andhra Pradesh,Wood Craft,Wood,340.82,4.7,63.07,296.43,4,1,High,1.1,637.25,839.12,952.86
West Bengal,Wooden Toy,Wood,329.98,8.6,66.18,569.15,2,1,Medium,1.0,899.13,1258.09,1176.98
Andhra Pradesh,Clay/Terracotta Toy,Clay,143.6,2.3,73.24,168.45,1,1,Low,0.9,312.05,455.82,385.18
Karnataka,Metal Craft,Copper,362.44,12.4,82.62,1024.49,1,1,Very High,1.2,1386.93,1598.32,1813.87
Odisha,Bamboo Craft,Bamboo,141.55,11.9,57.1,679.49,4,4,Very High,1.2,821.04,1065.22,1217.47
Karnataka,Bamboo Craft,Bamboo,56.54,6.6,55.92,369.07,5,5,Medium,1.0,425.61,770.44,697.33
Kerala,Metal Craft,Brass,821.4,15.1,64.42,972.74,1,4,High,1.1,1794.14,2826.89,2857.96
Rajasthan,Home Decor,Clay,32.29,4.3,56.51,242.99,3,1,Medium,1.0,275.28,332.15,363.98
West Bengal,Handmade Jewelry,Silver,1322.36,11.1,74.58,827.84,5,4,Low,0.9,2150.2,3808.79,3455.95
Telangana,Metal Craft,Copper,262.52,8.8,56.24,494.91,3,5,High,1.1,757.43,1174.78,1209.77
Uttar Pradesh,Metal Craft,Iron,271.56,13.6,52.1,708.56,1,5,High,1.1,980.12,1445.89,1536.05
Karnataka,Handmade Jewelry,Beads,196.03,8.1,58.29,472.15,5,1,High,1.1,668.18,839.58,975.03
Andhra Pradesh,Wood Craft,Wood,275.38,8.5,51.27,435.8,5,3,Very High,1.2,711.17,1122.5,1250.79
Andhra Pradesh,Wood Craft,Wood,220.96,7.5,79.5,596.25,2,3,High,1.1,817.21,1143.78,1211.93
Odisha,Clay/Terracotta Toy,Clay,108.44,3.5,58.4,204.4,2,2,Medium,1.0,312.84,425.67,417.65
Kerala,Bamboo Toy,Bamboo,130.89,2.7,68.44,184.79,2,4,High,1.1,315.68,459.12,443.23
Andhra Pradesh,Pottery,Clay,34.65,8.3,58.43,484.97,4,5,Medium,1.0,519.62,884.17,791.1
Uttar Pradesh,Home Decor,Wood,85.34,6.6,51.43,339.44,3,5,High,1.1,424.78,703.72,713.92
Tamil Nadu,Bamboo Craft,Cane,151.13,11.5,72.29,831.34,3,1,High,1.1,982.47,1269.52,1320.46
Odisha,Metal Craft,Iron,219.43,8.4,71.11,597.32,2,1,Medium,1.0,816.75,1087.2,1076.74
Andhra Pradesh,Bamboo Toy,Bamboo,189.71,4.9,56.29,275.82,2,5,Very High,1.2,465.53,735.3,746.93
Karnataka,Handmade Jewelry,Beads,257.8,9.8,70.72,693.06,3,5,Very High,1.2,950.86,1428.43,1566.57
Rajasthan,Home Decor,Bamboo,82.46,8.0,57.56,460.48,1,4,Medium,1.0,542.94,888.32,837.45
Karnataka,Metal Craft,Brass,549.05,12.3,75.95,934.19,1,2,Very High,1.2,1483.24,1941.23,2202.45
Odisha,Handmade Jewelry,Silver,1124.24,7.4,57.1,422.54,5,2,Very High,1.2,1546.78,2617.42,2658.08
Odisha,Clay/Terracotta Toy,Clay,97.1,3.9,68.96,268.94,1,5,High,1.1,366.04,473.12,532.44
Uttar Pradesh,Bamboo Craft,Cane,276.97,10.2,50.49,515.0,5,3,High,1.1,791.97,1274.34,1304.51
Tamil Nadu,Home Decor,Wood,336.03,4.0,62.37,249.48,2,1,Medium,1.0,585.51,807.61,752.42
Tamil Nadu,Textile Craft,Silk,410.16,5.3,55.57,294.52,3,3,Low,0.9,704.68,1027.21,981.6
Rajasthan,Bamboo Toy,Cane,155.92,5.0,55.9,279.5,1,5,Medium,1.0,435.42,481.72,525.29
Uttar Pradesh,Metal Craft,Iron,170.44,8.7,65.01,565.59,5,1,Low,0.9,736.03,1239.39,1040.71
Tamil Nadu,Pottery,Terracotta,57.33,7.2,80.17,577.22,3,3,High,1.1,634.55,1056.82,993.17
Uttar Pradesh,Textile Craft,Wool,230.54,3.8,63.5,241.3,3,3,Very High,1.2,471.84,724.05,758.67
Karnataka,Home Decor,Wood,395.29,8.3,64.18,532.69,2,4,Low,0.9,927.98,1298.25,1200.09
Telangana,Home Decor,Bamboo,89.69,3.6,64.02,230.47,4,2,Very High,1.2,320.16,503.89,520.3
West Bengal,Handmade Jewelry,Copper,488.38,7.2,66.38,477.94,4,2,Medium,1.0,966.32,1528.58,1407.36
West Bengal,Bamboo Craft,Cane,79.76,8.4,70.31,590.6,2,5,Low,0.9,670.36,988.16,887.34
Kerala,Pottery,Clay,99.63,4.0,60.89,243.56,3,4,Very High,1.2,343.19,455.63,521.71
Gujarat,Home Decor,Clay,138.36,6.8,81.01,550.87,4,2,Medium,1.0,689.23,844.88,885.42
West Bengal,Clay/Terracotta Toy,Terracotta,84.43,4.0,68.15,272.6,5,4,Very High,1.2,357.03,448.92,552.96
Karnataka,Bamboo Toy,Bamboo,67.07,3.3,63.1,208.23,3,1,Medium,1.0,275.3,310.45,335.91
Rajasthan,Wood Craft,Bamboo,105.65,8.9,50.96,453.54,2,1,Medium,1.0,559.19,621.28,686.2
Uttar Pradesh,Wood Craft,Wood,376.51,6.5,60.56,393.64,5,5,High,1.1,770.15,1155.18,1240.48
Kerala,Wood Craft,Bamboo,173.8,9.6,75.74,727.1,1,1,Medium,1.0,900.9,1113.07,1167.02
West Bengal,Bamboo Craft,Cane,160.74,10.2,51.34,523.67,5,2,Low,0.9,684.41,972.53,872.25
Kerala,Textile Craft,Wool,314.67,3.3,67.81,223.77,5,5,Medium,1.0,538.44,984.51,880.12
Gujarat,Bamboo Craft,Bamboo,215.01,7.5,56.95,427.12,3,1,Medium,1.0,642.13,788.41,808.02
West Bengal,Handmade Jewelry,Beads,135.6,7.1,58.75,417.12,5,5,Medium,1.0,552.73,919.63,867.46
Gujarat,Handmade Jewelry,Brass,779.98,6.2,58.61,363.38,4,2,High,1.1,1143.36,2179.37,2080.06
Tamil Nadu,Pottery,Terracotta,174.7,2.9,67.98,197.14,5,5,Medium,1.0,371.84,644.33,568.16
Karnataka,Wood Craft,Wood,357.58,4.9,61.77,302.67,2,5,Low,0.9,660.25,982.83,869.12
West Bengal,Wooden Toy,Wood,165.12,5.3,51.73,274.17,1,3,High,1.1,439.29,489.36,571.31
Tamil Nadu,Wood Craft,Wood,242.63,3.7,67.56,249.97,2,2,Very High,1.2,492.6,638.27,705.18
Telangana,Home Decor,Bamboo,219.68,10.5,60.77,638.09,4,4,Medium,1.0,857.77,1409.3,1319.67
Odisha,Bamboo Toy,Bamboo,99.77,6.7,49.09,328.9,3,2,Medium,1.0,428.67,554.64,549.11
Andhra Pradesh,Handmade Jewelry,Silver,1186.4,7.7,71.68,551.94,4,1,Low,0.9,1738.34,2365.07,2312.57
Gujarat,Handmade Jewelry,Silver,771.49,3.8,67.03,254.71,2,5,Medium,1.0,1026.2,1329.66,1466.55
Rajasthan,Wood Craft,Bamboo,242.8,4.7,45.25,212.68,3,1,Very High,1.2,455.48,739.41,737.28
Karnataka,Clay/Terracotta Toy,Terracotta,93.7,6.3,67.15,423.05,4,5,Medium,1.0,516.75,731.37,752.64
Andhra Pradesh,Bamboo Craft,Bamboo,235.18,4.0,75.83,303.32,5,1,Medium,1.0,538.5,653.48,684.14
Odisha,Clay/Terracotta Toy,Clay,126.65,4.7,72.14,339.06,3,3,Very High,1.2,465.71,689.65,698.36
Telangana,Home Decor,Bamboo,209.44,4.0,52.71,210.84,5,1,High,1.1,420.28,702.11,696.81
Karnataka,Clay/Terracotta Toy,Terracotta,122.04,4.0,71.49,285.96,2,4,Low,0.9,408.0,544.21,503.33
Kerala,Metal Craft,Iron,454.89,8.7,83.97,730.54,5,4,Very High,1.2,1185.43,2401.34,2369.27
Gujarat,Wooden Toy,Wood,122.36,8.9,84.7,753.83,4,4,High,1.1,876.19,1330.71,1310.36
Gujarat,Wooden Toy,Wood,241.86,9.3,59.49,553.26,4,5,Medium,1.0,795.12,1235.79,1217.67
Odisha,Clay/Terracotta Toy,Terracotta,109.07,2.6,50.68,131.77,1,2,High,1.1,240.84,354.39,352.48
Gujarat,Wood Craft,Bamboo,112.57,8.0,74.91,599.28,4,2,High,1.1,711.85,1179.09,1117.69
Tamil Nadu,Clay/Terracotta Toy,Clay,111.5,7.1,83.39,592.07,1,4,Very High,1.2,703.57,1039.99,1082.3
West Bengal,Metal Craft,Brass,770.82,9.1,72.09,656.02,1,4,High,1.1,1426.84,1884.77,2152.03
Odisha,Pottery,Terracotta,101.95,5.2,72.28,375.86,1,2,Very High,1.2,477.81,515.91,606.2
Telangana,Metal Craft,Copper,635.42,4.9,64.88,317.91,3,1,Medium,1.0,953.33,1478.19,1360.48
Telangana,Pottery,Terracotta,151.38,5.9,76.21,449.64,2,2,Very High,1.2,601.02,770.08,888.04
Kerala,Bamboo Craft,Bamboo,203.18,6.3,63.95,402.88,3,5,Very High,1.2,606.07,901.98,976.89
Gujarat,Pottery,Clay,165.75,4.8,57.21,274.61,3,3,Low,0.9,440.36,693.56,608.38
Gujarat,Bamboo Craft,Cane,250.2,7.3,82.77,604.22,1,2,Low,0.9,854.42,1387.54,1170.45
Telangana,Textile Craft,Cotton,118.99,10.2,56.65,577.83,5,3,High,1.1,696.82,926.57,1021.97
Gujarat,Bamboo Toy,Cane,78.66,6.6,83.72,552.55,4,2,Very High,1.2,631.21,968.05,989.54
West Bengal,Textile Craft,Wool,263.12,7.8,76.12,593.74,4,3,Medium,1.0,856.86,1211.44,1249.86
Andhra Pradesh,Wood Craft,Bamboo,161.83,11.4,70.41,802.67,1,5,Very High,1.2,964.5,1265.18,1475.94
Rajasthan,Wooden Toy,Wood,274.79,9.0,45.91,413.19,1,2,High,1.1,687.98,749.02,877.91
Andhra Pradesh,Home Decor,Wood,387.89,9.3,67.06,623.66,2,3,Medium,1.0,1011.55,1352.3,1408.56
Tamil Nadu,Bamboo Toy,Bamboo,245.69,4.2,60.2,252.84,3,1,Medium,1.0,498.53,609.9,607.25
Tamil Nadu,Clay/Terracotta Toy,Clay,106.78,4.0,78.35,313.4,2,4,Very High,1.2,420.18,597.13,627.99
Kerala,Wood Craft,Bamboo,73.44,13.0,83.98,1091.74,3,2,High,1.1,1165.18,2059.1,1934.3
West Bengal,Bamboo Craft,Bamboo,77.09,8.8,72.31,636.33,3,3,Medium,1.0,713.42,963.0,945.75
Tamil Nadu,Home Decor,Wood,230.93,8.3,75.75,628.73,3,1,Low,0.9,859.65,1056.34,1021.42
Kerala,Bamboo Toy,Bamboo,182.3,5.4,78.83,425.68,2,2,Medium,1.0,607.98,888.92,802.86
Uttar Pradesh,Handmade Jewelry,Silver,1364.96,4.0,66.23,264.92,2,3,Medium,1.0,1629.88,2300.13,2432.5
Andhra Pradesh,Textile Craft,Wool,412.68,5.9,61.57,363.26,5,1,Very High,1.2,775.94,1028.97,1183.92
West Bengal,Bamboo Toy,Cane,174.35,6.2,53.49,331.64,1,4,Low,0.9,505.99,691.06,612.65
Uttar Pradesh,Textile Craft,Wool,377.82,9.9,60.79,601.82,2,1,Low,0.9,979.64,1317.16,1218.64
Karnataka,Handmade Jewelry,Beads,283.77,7.7,72.38,557.33,2,3,Low,0.9,841.1,1348.68,1167.89
Rajasthan,Bamboo Craft,Cane,94.19,11.9,64.21,764.1,5,2,High,1.1,858.29,1357.76,1368.96
Andhra Pradesh,Textile Craft,Wool,292.0,8.2,79.48,651.74,1,1,High,1.1,943.74,1229.82,1316.72
West Bengal,Textile Craft,Cotton,139.82,5.6,61.29,343.22,2,1,Very High,1.2,483.04,600.14,710.61
Kerala,Wood Craft,Wood,333.3,11.1,77.99,865.69,3,3,High,1.1,1198.99,1767.75,1749.49
Telangana,Pottery,Clay,99.83,4.9,53.33,261.32,3,2,High,1.1,361.15,564.49,545.37
Andhra Pradesh,Textile Craft,Wool,172.43,9.9,56.18,556.18,2,3,High,1.1,728.61,1026.42,1073.46
Uttar Pradesh,Clay/Terracotta Toy,Terracotta,156.1,2.4,54.82,131.57,2,2,Low,0.9,287.67,426.8,377.54
Odisha,Wood Craft,Wood,190.31,8.2,59.32,486.42,4,2,Very High,1.2,676.73,1155.33,1165.57
Telangana,Metal Craft,Iron,478.78,12.0,71.0,852.0,5,1,Medium,1.0,1330.78,1581.0,1706.29
Andhra Pradesh,Wood Craft,Bamboo,139.79,7.6,68.16,518.02,5,2,Medium,1.0,657.81,1003.11,995.36
Telangana,Wood Craft,Wood,397.75,5.0,74.5,372.5,2,3,High,1.1,770.25,1150.73,1120.77
Andhra Pradesh,Clay/Terracotta Toy,Clay,116.75,5.1,65.2,332.52,2,2,Low,0.9,449.27,704.56,613.74
Kerala,Pottery,Clay,55.93,3.4,82.1,279.14,4,2,High,1.1,335.07,543.39,524.48
Odisha,Wood Craft,Wood,317.45,7.8,56.91,443.9,4,1,High,1.1,761.35,1146.49,1159.65
Gujarat,Wood Craft,Bamboo,126.47,5.0,64.51,322.55,2,3,Low,0.9,449.02,528.03,534.14
West Bengal,Pottery,Terracotta,147.37,6.4,59.66,381.82,4,3,Very High,1.2,529.19,642.68,776.49
Gujarat,Wooden Toy,Bamboo,185.17,4.5,63.44,285.48,3,3,Low,0.9,470.65,679.32,629.92
Odisha,Wood Craft,Wood,201.31,7.1,57.68,409.53,1,3,Medium,1.0,610.84,1007.99,911.3
Andhra Pradesh,Handmade Jewelry,Copper,459.63,9.3,77.18,717.77,2,2,Low,0.9,1177.4,1439.98,1413.09
Karnataka,Textile Craft,Wool,363.57,3.7,83.36,308.43,3,1,Medium,1.0,672.0,1086.36,959.36
Gujarat,Clay/Terracotta Toy,Clay,66.24,3.7,76.28,282.24,5,4,Very High,1.2,348.48,482.18,543.52
West Bengal,Bamboo Toy,Cane,190.46,4.0,55.2,220.8,3,2,Low,0.9,411.26,486.58,479.38
Gujarat,Wood Craft,Bamboo,237.81,9.4,73.6,691.84,5,4,Very High,1.2,929.65,1437.22,1597.02
Uttar Pradesh,Handmade Jewelry,Copper,742.39,8.0,62.63,501.04,1,1,High,1.1,1243.43,2070.04,2003.36
Andhra Pradesh,Wooden Toy,Wood,338.02,2.2,63.77,140.29,3,4,Low,0.9,478.31,758.17,671.4
Andhra Pradesh,Clay/Terracotta Toy,Terracotta,77.05,6.2,78.15,484.53,3,2,Very High,1.2,561.58,938.6,926.4
Telangana,Home Decor,Clay,31.63,12.2,65.1,794.22,4,5,High,1.1,825.85,1414.27,1454.04
Rajasthan,Home Decor,Clay,36.87,5.5,66.14,363.77,3,1,Medium,1.0,400.64,584.78,584.06
Kerala,Handmade Jewelry,Beads,315.91,6.6,77.08,508.73,3,1,Very High,1.2,824.64,1069.9,1257.17
West Bengal,Metal Craft,Iron,285.3,4.9,52.37,256.61,2,3,Medium,1.0,541.91,707.56,717.24
Telangana,Handmade Jewelry,Brass,391.38,3.3,75.49,249.12,5,5,High,1.1,640.5,1125.67,1161.65
Kerala,Clay/Terracotta Toy,Clay,175.75,7.5,60.69,455.17,4,4,Low,0.9,630.92,1008.74,854.4
Telangana,Handmade Jewelry,Silver,883.81,7.7,76.63,590.05,2,4,High,1.1,1473.86,1878.79,2206.7
Gujarat,Clay/Terracotta Toy,Terracotta,199.5,3.3,78.3,258.39,1,4,Very High,1.2,457.89,659.69,674.0
Karnataka,Bamboo Craft,Cane,262.37,10.0,61.99,619.9,1,2,Very High,1.2,882.27,1263.02,1245.02
Rajasthan,Metal Craft,Iron,564.28,13.8,57.02,786.88,4,4,High,1.1,1351.16,2420.01,2371.73
Kerala,Textile Craft,Silk,344.07,10.6,71.16,754.3,2,3,High,1.1,1098.37,1360.24,1523.6
Telangana,Handmade Jewelry,Brass,739.79,9.9,67.05,663.79,4,5,High,1.1,1403.59,2184.19,2281.22
Rajasthan,Wooden Toy,Bamboo,164.1,6.0,59.49,356.94,5,3,Very High,1.2,521.04,773.84,863.25
Odisha,Wooden Toy,Bamboo,92.8,4.1,54.47,223.33,2,1,High,1.1,316.13,429.51,437.28
Telangana,Handmade Jewelry,Copper,633.77,11.4,58.76,669.86,3,2,High,1.1,1303.63,1745.95,2021.97
Karnataka,Wood Craft,Wood,135.46,13.5,62.42,842.67,2,3,Low,0.9,978.13,1456.04,1252.24
Uttar Pradesh,Bamboo Toy,Bamboo,187.4,2.4,71.81,172.34,4,3,Low,0.9,359.74,414.78,429.26
Telangana,Handmade Jewelry,Copper,835.05,10.3,52.84,544.25,1,5,High,1.1,1379.3,1857.46,1982.48
Gujarat,Handmade Jewelry,Brass,348.41,8.6,60.23,517.98,5,3,Very High,1.2,866.39,1623.38,1652.92
Kerala,Wooden Toy,Wood,330.1,7.3,64.42,470.27,5,2,Medium,1.0,800.37,1084.39,1151.93
Kerala,Bamboo Toy,Cane,67.26,2.1,74.84,157.16,3,2,Very High,1.2,224.42,305.88,334.92
Gujarat,Textile Craft,Silk,650.76,11.3,56.87,642.63,5,3,Low,0.9,1293.39,1879.42,1760.03
Tamil Nadu,Textile Craft,Silk,616.22,6.0,73.61,441.66,1,1,Low,0.9,1057.88,1398.96,1238.49
Uttar Pradesh,Handmade Jewelry,Copper,556.08,8.0,66.16,529.28,3,2,High,1.1,1085.36,1675.13,1791.49
Rajasthan,Wooden Toy,Wood,91.06,4.7,64.94,305.22,2,1,High,1.1,396.28,588.69,557.19
Gujarat,Handmade Jewelry,Brass,483.55,5.4,84.01,453.65,1,1,Medium,1.0,937.2,1555.95,1408.86
Uttar Pradesh,Wooden Toy,Bamboo,174.86,4.3,69.27,297.86,1,2,Low,0.9,472.72,595.33,572.61
Odisha,Wood Craft,Wood,348.77,3.2,45.57,145.82,1,2,Very High,1.2,494.59,643.51,720.29
Andhra Pradesh,Textile Craft,Cotton,220.71,8.4,74.76,627.98,2,4,Low,0.9,848.69,1243.83,1135.75
Tamil Nadu,Home Decor,Wood,308.93,4.1,82.38,337.76,1,1,High,1.1,646.69,751.02,878.45
Telangana,Bamboo Toy,Bamboo,234.76,3.4,63.49,215.87,1,2,Very High,1.2,450.63,532.62,629.65
Uttar Pradesh,Home Decor,Cotton,144.82,6.5,71.96,467.74,3,2,High,1.1,612.56,862.91,864.75
Kerala,Metal Craft,Copper,372.96,7.7,66.39,511.2,1,1,Very High,1.2,884.16,1324.71,1325.83
Tamil Nadu,Bamboo Craft,Cane,97.05,7.4,55.19,408.41,1,1,Very High,1.2,505.46,682.79,715.29
Odisha,Textile Craft,Silk,310.7,8.8,63.29,556.95,3,5,Medium,1.0,867.65,1676.89,1476.82
Odisha,Pottery,Terracotta,194.4,3.0,64.89,194.67,4,3,Medium,1.0,389.07,679.67,613.62
Telangana,Home Decor,Bamboo,169.56,12.2,64.58,787.88,3,5,Low,0.9,957.44,1474.58,1377.46
Karnataka,Handmade Jewelry,Copper,327.42,7.0,78.03,546.21,1,1,Medium,1.0,873.63,1027.78,1085.22
Gujarat,Metal Craft,Iron,245.64,12.4,63.8,791.12,2,4,High,1.1,1036.76,1476.04,1519.56
Karnataka,Textile Craft,Silk,284.12,8.8,76.01,668.89,5,2,Low,0.9,953.01,1643.68,1388.5
Rajasthan,Clay/Terracotta Toy,Clay,113.7,4.9,55.28,270.87,5,5,Low,0.9,384.57,630.68,543.5
Kerala,Bamboo Craft,Cane,179.2,8.5,70.43,598.66,1,5,Low,0.9,777.86,1241.33,1045.07
Kerala,Wood Craft,Wood,265.75,13.1,69.94,916.21,2,2,Medium,1.0,1181.96,1769.21,1647.04
Kerala,Bamboo Toy,Bamboo,228.57,4.2,78.27,328.73,3,3,High,1.1,557.3,688.56,768.1
Andhra Pradesh,Bamboo Toy,Cane,149.01,6.5,66.21,430.36,3,5,Very High,1.2,579.38,837.73,897.53
Andhra Pradesh,Metal Craft,Iron,521.42,14.8,65.96,976.21,4,5,High,1.1,1497.63,2942.85,2758.61
Andhra Pradesh,Metal Craft,Iron,367.99,10.7,68.56,733.59,5,5,Very High,1.2,1101.58,1874.47,1952.78
Karnataka,Wooden Toy,Wood,346.13,2.2,62.01,136.42,4,4,Very High,1.2,482.55,814.09,826.55
Andhra Pradesh,Pottery,Terracotta,99.13,2.9,69.3,200.97,5,1,Very High,1.2,300.1,352.9,437.55
Tamil Nadu,Clay/Terracotta Toy,Clay,113.0,2.3,69.14,159.02,2,1,Low,0.9,272.02,420.83,354.31
Andhra Pradesh,Bamboo Toy,Bamboo,126.09,6.1,55.03,335.68,1,3,Medium,1.0,461.77,623.97,581.15
Rajasthan,Wood Craft,Wood,241.08,7.1,64.45,457.59,3,4,High,1.1,698.67,1061.67,1047.05
West Bengal,Bamboo Craft,Cane,215.89,7.8,77.45,604.11,5,5,Very High,1.2,820.0,1346.65,1394.65
Gujarat,Clay/Terracotta Toy,Clay,107.59,2.6,58.82,152.93,4,2,Low,0.9,260.52,353.26,335.49
Andhra Pradesh,Textile Craft,Silk,367.78,9.1,50.26,457.37,5,3,Very High,1.2,825.15,1398.58,1483.47
Rajasthan,Clay/Terracotta Toy,Clay,40.35,7.6,73.04,555.1,1,3,Very High,1.2,595.45,649.3,776.76
Odisha,Pottery,Terracotta,65.28,7.4,65.69,486.11,3,3,Very High,1.2,551.39,722.2,844.46
Andhra Pradesh,Bamboo Toy,Cane,209.29,2.4,78.56,188.54,3,2,Low,0.9,397.83,511.67,489.75
Andhra Pradesh,Textile Craft,Cotton,133.18,6.9,70.33,485.28,1,4,Low,0.9,618.46,835.15,762.46
Kerala,Metal Craft,Copper,815.44,4.4,66.92,294.45,1,1,Very High,1.2,1109.89,1828.05,1793.67
Kerala,Bamboo Toy,Cane,210.77,2.4,74.22,178.13,2,5,Very High,1.2,388.9,618.67,607.9
Andhra Pradesh,Clay/Terracotta Toy,Terracotta,114.52,6.5,74.25,482.62,2,5,Low,0.9,597.14,1011.11,868.19
Uttar Pradesh,Clay/Terracotta Toy,Terracotta,82.31,7.6,52.51,399.08,2,4,High,1.1,481.39,773.75,729.22
Uttar Pradesh,Textile Craft,Cotton,317.26,6.1,46.05,280.9,1,5,Very High,1.2,598.16,739.66,868.44
West Bengal,Wood Craft,Bamboo,161.96,14.0,56.41,789.74,2,4,High,1.1,951.7,1449.83,1412.7
Andhra Pradesh,Wood Craft,Wood,397.91,4.6,55.63,255.9,4,4,Low,0.9,653.81,879.74,868.23
Odisha,Bamboo Toy,Bamboo,191.23,7.9,70.91,560.19,3,5,Very High,1.2,751.42,1012.96,1138.61
Telangana,Bamboo Toy,Bamboo,124.91,2.5,56.53,141.32,2,3,Medium,1.0,266.24,403.12,372.44
Karnataka,Handmade Jewelry,Beads,134.63,2.9,77.14,223.71,3,3,Medium,1.0,358.34,637.38,575.15
Tamil Nadu,Bamboo Toy,Cane,143.34,7.8,60.45,471.51,2,2,Medium,1.0,614.85,754.78,777.78
West Bengal,Wooden Toy,Bamboo,123.04,4.0,79.75,319.0,5,3,Low,0.9,442.04,765.22,646.94
Telangana,Home Decor,Clay,31.08,10.8,67.65,730.62,1,2,Low,0.9,761.7,1287.97,1097.76
West Bengal,Wood Craft,Wood,349.79,5.0,57.06,285.3,2,1,Medium,1.0,635.09,805.16,824.92
West Bengal,Wooden Toy,Wood,360.53,2.9,77.43,224.55,1,3,Low,0.9,585.08,899.54,769.7
Rajasthan,Handmade Jewelry,Copper,817.14,2.0,57.69,115.38,3,1,High,1.1,932.52,1394.56,1453.19
Karnataka,Metal Craft,Iron,332.91,9.3,79.61,740.37,3,5,Low,0.9,1073.28,1757.74,1590.29
West Bengal,Pottery,Clay,59.3,5.3,75.96,402.59,5,4,Low,0.9,461.89,689.32,652.14
Odisha,Bamboo Toy,Cane,243.45,2.6,68.47,178.02,5,4,High,1.1,421.47,680.12,671.38
Tamil Nadu,Metal Craft,Copper,291.5,14.2,79.94,1135.15,4,4,Medium,1.0,1426.65,2064.42,2134.0
Telangana,Clay/Terracotta Toy,Terracotta,63.97,4.2,70.73,297.07,2,3,High,1.1,361.04,539.33,512.49
Uttar Pradesh,Bamboo Toy,Cane,82.62,5.6,72.44,405.66,3,5,Very High,1.2,488.28,657.3,762.73
West Bengal,Handmade Jewelry,Brass,506.31,10.1,62.77,633.98,1,4,Very High,1.2,1140.29,1664.77,1782.58
Odisha,Bamboo Toy,Bamboo,210.99,4.3,66.09,284.19,5,3,High,1.1,495.18,764.85,775.34
Rajasthan,Home Decor,Clay,130.97,11.1,66.03,732.93,1,2,Low,0.9,863.9,1446.29,1207.61
Gujarat,Home Decor,Cotton,306.71,11.4,70.7,805.98,1,4,High,1.1,1112.69,1725.53,1683.8
Kerala,Bamboo Craft,Cane,113.68,6.5,66.04,429.26,5,1,High,1.1,542.94,733.49,767.88
Uttar Pradesh,Wood Craft,Wood,342.35,3.9,62.7,244.53,5,3,High,1.1,586.88,951.7,942.79
Telangana,Metal Craft,Brass,786.56,5.5,56.52,310.86,4,3,Low,0.9,1097.42,1769.87,1565.79
Kerala,Handmade Jewelry,Brass,333.46,11.7,68.56,802.15,4,2,Low,0.9,1135.61,2249.21,1880.72
Odisha,Textile Craft,Cotton,284.82,7.2,66.26,477.07,2,4,High,1.1,761.89,1235.96,1175.76
Telangana,Textile Craft,Cotton,302.71,10.2,60.42,616.28,5,3,Low,0.9,918.99,1447.04,1347.07
Telangana,Metal Craft,Copper,694.6,9.3,63.21,587.85,5,4,Very High,1.2,1282.45,1905.07,2218.8
Odisha,Bamboo Craft,Bamboo,124.62,7.3,62.99,459.83,5,4,Very High,1.2,584.45,1127.43,1102.2
Gujarat,Wooden Toy,Bamboo,187.9,2.6,58.87,153.06,1,1,Medium,1.0,340.96,459.97,447.98
Andhra Pradesh,Handmade Jewelry,Copper,353.72,7.4,74.16,548.78,1,2,Medium,1.0,902.5,1177.7,1255.76
Rajasthan,Metal Craft,Brass,409.55,11.8,67.51,796.62,1,3,Very High,1.2,1206.17,1834.6,1923.28
Kerala,Textile Craft,Silk,304.62,8.7,69.09,601.08,2,1,Low,0.9,905.7,981.51,1041.56
Kerala,Clay/Terracotta Toy,Terracotta,55.6,5.8,62.68,363.54,2,1,Very High,1.2,419.14,652.97,655.08
Odisha,Clay/Terracotta Toy,Terracotta,62.05,4.7,52.25,245.58,2,1,Low,0.9,307.62,372.98,353.77
Rajasthan,Textile Craft,Silk,440.83,7.5,59.46,445.95,5,3,Medium,1.0,886.78,1292.79,1324.58
Karnataka,Textile Craft,Silk,240.36,5.0,72.56,362.8,4,3,Medium,1.0,603.16,1001.13,944.14
Rajasthan,Home Decor,Wood,199.93,10.2,45.78,466.96,2,5,Very High,1.2,666.89,1071.31,1120.54
Uttar Pradesh,Pottery,Clay,31.77,8.7,58.95,512.87,3,1,Medium,1.0,544.63,651.38,710.38
Uttar Pradesh,Wood Craft,Bamboo,55.73,5.5,68.64,377.52,1,1,Low,0.9,433.25,563.22,524.8
Telangana,Metal Craft,Iron,185.6,15.9,59.94,953.05,1,2,Low,0.9,1138.65,1586.34,1488.07
Telangana,Metal Craft,Brass,391.04,13.5,77.06,1040.31,1,4,Very High,1.2,1431.35,1678.11,2002.84
Rajasthan,Bamboo Craft,Bamboo,199.2,10.4,70.18,729.87,3,1,Medium,1.0,929.07,1112.33,1115.3
Odisha,Bamboo Craft,Cane,212.1,6.0,74.3,445.8,1,3,Medium,1.0,657.9,907.77,838.23
Andhra Pradesh,Metal Craft,Brass,667.11,11.2,69.88,782.66,1,1,High,1.1,1449.77,1593.66,1805.67
Telangana,Clay/Terracotta Toy,Terracotta,83.89,3.5,69.86,244.51,3,1,Low,0.9,328.4,408.92,378.55
Andhra Pradesh,Wood Craft,Bamboo,152.0,9.8,74.15,726.67,5,1,High,1.1,878.67,1209.58,1276.98
Tamil Nadu,Bamboo Craft,Bamboo,70.49,5.8,76.92,446.14,3,2,Very High,1.2,516.63,817.63,838.4
West Bengal,Home Decor,Wood,237.15,8.3,57.66,478.58,5,2,Very High,1.2,715.73,1135.43,1227.71
Uttar Pradesh,Bamboo Toy,Cane,240.24,6.2,55.32,342.98,3,4,Low,0.9,583.22,863.62,781.75
Gujarat,Home Decor,Bamboo,154.34,10.1,76.78,775.48,3,4,High,1.1,929.82,1206.14,1322.98
Rajasthan,Bamboo Craft,Cane,161.06,4.9,73.52,360.25,2,3,Very High,1.2,521.31,771.82,837.35
Andhra Pradesh,Wood Craft,Wood,276.7,4.8,70.58,338.78,1,4,Very High,1.2,615.48,932.29,956.72
West Bengal,Wood Craft,Bamboo,197.58,8.4,79.1,664.44,3,3,High,1.1,862.02,1357.56,1337.72
Odisha,Wooden Toy,Bamboo,182.47,4.3,74.45,320.13,3,2,Very High,1.2,502.61,560.99,675.61
Rajasthan,Home Decor,Clay,96.0,8.1,73.05,591.7,4,5,Low,0.9,687.7,1003.46,978.02
Andhra Pradesh,Handmade Jewelry,Silver,773.42,11.6,57.71,669.44,2,3,High,1.1,1442.86,2700.13,2523.65
Kerala,Clay/Terracotta Toy,Clay,107.01,5.4,74.97,404.84,2,1,Medium,1.0,511.85,595.63,641.97
Telangana,Bamboo Toy,Bamboo,51.85,5.1,55.32,282.13,2,4,Low,0.9,333.98,488.52,420.7
Andhra Pradesh,Bamboo Toy,Bamboo,182.13,6.4,56.66,362.62,4,3,Medium,1.0,544.75,778.37,773.29
Karnataka,Home Decor,Wood,297.07,13.5,63.45,856.58,4,3,Very High,1.2,1153.64,1764.08,1885.8
Tamil Nadu,Clay/Terracotta Toy,Clay,156.19,3.2,64.17,205.34,1,1,Very High,1.2,361.53,393.44,456.73
Odisha,Bamboo Craft,Bamboo,132.15,8.6,49.97,429.74,1,4,Very High,1.2,561.89,889.13,873.34
Tamil Nadu,Metal Craft,Brass,556.57,7.9,72.68,574.17,4,5,Low,0.9,1130.74,1561.8,1603.06
Telangana,Clay/Terracotta Toy,Clay,162.92,6.7,79.7,533.99,4,1,Low,0.9,696.91,1115.72,953.55
Kerala,Home Decor,Wood,86.67,8.8,73.05,642.84,2,4,Very High,1.2,729.51,823.35,1023.25
West Bengal,Handmade Jewelry,Copper,295.07,6.2,75.55,468.41,3,2,High,1.1,763.48,1059.89,1185.13
Tamil Nadu,Bamboo Craft,Bamboo,237.76,4.4,72.57,319.31,2,4,High,1.1,557.07,663.18,739.46
Rajasthan,Textile Craft,Wool,374.31,9.5,61.53,584.53,4,2,High,1.1,958.85,1376.38,1481.02
Andhra Pradesh,Textile Craft,Wool,249.5,9.7,64.34,624.1,4,2,Low,0.9,873.6,1181.81,1154.09
Telangana,Textile Craft,Silk,479.91,6.9,63.92,441.05,1,2,Medium,1.0,920.96,987.61,1082.75
Telangana,Textile Craft,Cotton,111.32,8.5,77.74,660.79,1,3,Medium,1.0,772.11,1088.31,1011.58
West Bengal,Bamboo Toy,Cane,271.69,5.1,73.68,375.77,2,2,Low,0.9,647.46,746.32,759.63
Odisha,Wooden Toy,Wood,169.42,5.9,65.38,385.74,1,3,Low,0.9,555.16,799.22,721.33
Karnataka,Handmade Jewelry,Beads,206.73,10.7,60.8,650.56,1,3,Low,0.9,857.29,1068.13,1052.98
Uttar Pradesh,Metal Craft,Brass,293.95,11.3,60.98,689.07,3,5,Very High,1.2,983.02,1432.94,1582.6
West Bengal,Metal Craft,Copper,714.75,12.7,62.55,794.38,5,5,Low,0.9,1509.13,2007.05,2064.8
Gujarat,Bamboo Toy,Bamboo,196.23,4.9,77.31,378.82,5,2,Medium,1.0,575.05,808.92,777.18
Karnataka,Wood Craft,Bamboo,128.89,8.8,78.12,687.46,2,4,Medium,1.0,816.35,1353.64,1227.68
Odisha,Metal Craft,Brass,334.1,11.5,66.69,766.93,3,2,Low,0.9,1101.03,1869.99,1604.76
Rajasthan,Wooden Toy,Wood,183.3,9.2,68.06,626.15,1,4,Low,0.9,809.45,920.76,930.87
Rajasthan,Clay/Terracotta Toy,Terracotta,120.13,3.8,50.45,191.71,3,2,High,1.1,311.84,444.24,458.79
Telangana,Pottery,Terracotta,128.52,2.7,70.51,190.38,2,1,Very High,1.2,318.9,385.51,448.97
Karnataka,Handmade Jewelry,Copper,593.3,4.2,74.07,311.09,4,5,Very High,1.2,904.39,1701.29,1773.45
Karnataka,Pottery,Clay,119.96,3.5,59.84,209.44,2,4,Very High,1.2,329.4,420.79,467.26
Rajasthan,Handmade Jewelry,Copper,335.67,8.1,73.58,596.0,4,1,Medium,1.0,931.67,1457.31,1335.79
Odisha,Textile Craft,Cotton,340.8,5.4,48.79,263.47,3,1,Medium,1.0,604.27,746.95,812.14
Rajasthan,Clay/Terracotta Toy,Clay,42.35,2.2,74.89,164.76,1,2,Medium,1.0,207.11,322.36,292.9
Karnataka,Handmade Jewelry,Silver,541.5,11.3,67.98,768.17,5,3,Very High,1.2,1309.67,2346.53,2425.98
Gujarat,Wooden Toy,Wood,305.4,4.5,67.49,303.7,4,4,High,1.1,609.11,1029.3,969.82
Gujarat,Handmade Jewelry,Silver,1491.43,5.0,71.07,355.35,1,1,Low,0.9,1846.78,2367.75,2286.13
Uttar Pradesh,Bamboo Craft,Cane,181.37,7.3,54.72,399.46,3,3,High,1.1,580.83,855.44,885.07
Andhra Pradesh,Clay/Terracotta Toy,Clay,123.64,5.4,54.19,292.63,3,2,Medium,1.0,416.27,613.76,591.3
Uttar Pradesh,Home Decor,Clay,154.97,9.5,68.46,650.37,1,3,Low,0.9,805.34,1074.65,963.22
Odisha,Home Decor,Wood,252.82,13.5,68.38,923.13,3,3,Medium,1.0,1175.95,1602.84,1674.47
Uttar Pradesh,Bamboo Craft,Bamboo,90.67,10.6,64.71,685.93,5,3,Very High,1.2,776.6,996.68,1216.63
West Bengal,Metal Craft,Iron,304.63,14.3,57.85,827.26,5,1,Low,0.9,1131.89,2132.96,1811.38
Odisha,Metal Craft,Iron,542.93,6.1,69.97,426.82,1,3,Very High,1.2,969.75,1421.6,1478.28
Kerala,Handmade Jewelry,Copper,566.94,4.8,81.72,392.26,4,5,Low,0.9,959.2,1648.62,1539.09
Karnataka,Bamboo Craft,Cane,135.77,8.8,56.41,496.41,4,5,High,1.1,632.18,954.0,1002.98
Andhra Pradesh,Wood Craft,Bamboo,97.03,8.0,50.97,407.76,1,5,Low,0.9,504.79,798.82,679.86
Rajasthan,Home Decor,Cotton,328.0,5.2,70.91,368.73,3,3,Medium,1.0,696.73,1169.29,1048.6
Andhra Pradesh,Pottery,Clay,142.52,2.3,54.73,125.88,4,3,Medium,1.0,268.4,401.99,398.54
Andhra Pradesh,Textile Craft,Silk,499.43,11.8,59.05,696.79,1,5,Medium,1.0,1196.22,1413.03,1520.07
Telangana,Textile Craft,Silk,430.94,6.4,57.54,368.26,2,1,Very High,1.2,799.2,1208.44,1264.72
Rajasthan,Handmade Jewelry,Brass,372.88,9.9,61.19,605.78,4,3,Medium,1.0,978.66,1864.02,1668.33
Andhra Pradesh,Handmade Jewelry,Copper,573.53,7.0,58.71,410.97,1,3,Medium,1.0,984.5,1363.3,1367.73
Rajasthan,Pottery,Terracotta,156.77,4.2,58.99,247.76,3,5,Very High,1.2,404.53,664.77,674.6
Karnataka,Handmade Jewelry,Beads,149.1,4.5,55.14,248.13,3,1,Very High,1.2,397.23,518.54,577.67
Uttar Pradesh,Wood Craft,Wood,95.78,7.3,56.15,409.89,4,2,Low,0.9,505.67,670.95,672.79
Andhra Pradesh,Bamboo Toy,Cane,210.64,3.4,54.01,183.63,3,3,Low,0.9,394.27,632.86,546.06
Tamil Nadu,Textile Craft,Cotton,134.62,10.3,62.82,647.05,2,1,Low,0.9,781.67,1044.59,983.99
Kerala,Metal Craft,Copper,357.92,14.7,81.7,1200.99,2,4,Low,0.9,1558.91,2244.42,2027.71
Tamil Nadu,Textile Craft,Wool,334.05,8.7,58.49,508.86,3,3,Low,0.9,842.91,1510.92,1282.25
Uttar Pradesh,Home Decor,Clay,84.23,10.6,51.52,546.11,3,1,Very High,1.2,630.34,768.2,887.96
Rajasthan,Clay/Terracotta Toy,Clay,169.74,4.3,63.33,272.32,1,2,Very High,1.2,442.06,686.22,672.1
Kerala,Handmade Jewelry,Silver,1025.12,10.6,72.33,766.7,1,4,Very High,1.2,1791.82,2235.09,2596.75
Telangana,Handmade Jewelry,Beads,109.13,11.8,61.46,725.23,5,2,High,1.1,834.36,1140.9,1247.14
Kerala,Home Decor,Clay,106.94,3.1,70.75,219.33,3,4,Very High,1.2,326.26,487.3,519.47
Gujarat,Clay/Terracotta Toy,Terracotta,45.97,2.4,80.98,194.35,2,5,Low,0.9,240.32,340.64,309.75
West Bengal,Textile Craft,Cotton,342.89,3.7,65.76,243.31,3,2,Low,0.9,586.2,655.31,676.49
Tamil Nadu,Pottery,Clay,111.25,2.7,79.23,213.92,5,5,High,1.1,325.17,521.19,539.94
Gujarat,Bamboo Toy,Cane,244.26,7.4,81.89,605.99,3,1,Medium,1.0,850.25,1275.83,1160.58
Kerala,Handmade Jewelry,Beads,91.15,9.1,72.96,663.94,2,5,Medium,1.0,755.09,1154.14,1148.31
Kerala,Metal Craft,Brass,265.87,7.3,84.06,613.64,2,2,Very High,1.2,879.51,1572.87,1536.33
Tamil Nadu,Wood Craft,Wood,365.32,12.2,67.34,821.55,2,1,High,1.1,1186.87,1475.84,1543.89
Karnataka,Handmade Jewelry,Silver,604.81,3.8,84.46,320.95,2,1,Medium,1.0,925.76,1262.4,1272.62
Andhra Pradesh,Textile Craft,Silk,315.18,7.4,70.56,522.14,1,4,Low,0.9,837.32,1100.94,1075.56
Telangana,Pottery,Clay,170.36,4.1,58.54,240.01,1,2,Very High,1.2,410.37,415.77,506.1
Odisha,Home Decor,Cotton,226.93,4.0,72.75,291.0,3,1,Medium,1.0,517.93,799.23,725.06
Tamil Nadu,Metal Craft,Copper,720.62,12.1,60.4,730.84,3,2,Low,0.9,1451.46,1907.63,1877.83
Rajasthan,Bamboo Craft,Cane,123.14,10.8,59.71,644.87,2,5,Very High,1.2,768.01,907.2,1119.24
Uttar Pradesh,Wooden Toy,Wood,309.25,7.3,55.21,403.03,4,3,Low,0.9,712.28,1027.37,975.08
Tamil Nadu,Bamboo Craft,Bamboo,203.94,4.3,57.58,247.59,4,1,Low,0.9,451.53,519.61,519.26
Odisha,Handmade Jewelry,Copper,677.4,7.4,57.12,422.69,1,3,Medium,1.0,1100.09,1616.88,1518.15
Andhra Pradesh,Bamboo Toy,Bamboo,114.12,2.6,52.55,136.63,1,2,Medium,1.0,250.75,248.5,288.36
Karnataka,Pottery,Terracotta,136.79,8.9,78.91,702.3,4,5,Medium,1.0,839.09,1418.92,1292.14
Kerala,Wood Craft,Wood,349.08,9.8,89.74,879.45,4,1,Low,0.9,1228.53,1926.87,1684.57
Andhra Pradesh,Handmade Jewelry,Brass,780.44,6.5,76.78,499.07,1,3,Very High,1.2,1279.51,1876.79,2111.28
Odisha,Bamboo Craft,Bamboo,58.33,10.2,50.54,515.51,2,2,High,1.1,573.84,865.2,856.08
Odisha,Wooden Toy,Bamboo,239.59,3.9,59.67,232.71,1,1,Low,0.9,472.3,674.67,603.79
Uttar Pradesh,Home Decor,Clay,47.97,4.6,60.44,278.02,3,3,Low,0.9,325.99,471.55,428.51
West Bengal,Textile Craft,Wool,123.4,4.2,62.32,261.74,1,5,Very High,1.2,385.14,459.68,542.65
Kerala,Wooden Toy,Wood,106.37,4.7,81.3,382.11,3,1,Very High,1.2,488.48,654.52,722.32
Uttar Pradesh,Bamboo Craft,Cane,200.23,3.8,60.48,229.82,5,2,Medium,1.0,430.05,579.05,617.16
Uttar Pradesh,Handmade Jewelry,Copper,412.93,7.6,73.76,560.58,5,3,Medium,1.0,973.51,1794.66,1671.66
Tamil Nadu,Handmade Jewelry,Silver,1032.51,9.7,65.35,633.89,4,5,Low,0.9,1666.4,2480.01,2446.44
Gujarat,Bamboo Toy,Bamboo,195.84,2.1,71.94,151.07,1,5,High,1.1,346.91,464.1,498.25
Kerala,Pottery,Terracotta,119.44,5.1,79.95,407.75,4,2,Very High,1.2,527.18,646.37,786.83
Andhra Pradesh,Bamboo Toy,Bamboo,241.51,2.4,51.14,122.74,1,2,High,1.1,364.25,420.91,445.24
Andhra Pradesh,Metal Craft,Copper,682.42,8.7,64.54,561.5,3,2,Very High,1.2,1243.92,1888.89,2037.54
Telangana,Clay/Terracotta Toy,Clay,142.48,2.5,70.02,175.05,3,4,Low,0.9,317.53,514.37,439.47
Odisha,Bamboo Craft,Bamboo,173.21,11.7,68.35,799.69,1,4,Low,0.9,972.9,1564.18,1311.12
Tamil Nadu,Home Decor,Cotton,228.38,6.4,75.89,485.7,5,4,High,1.1,714.08,1352.01,1286.47
Kerala,Metal Craft,Copper,453.92,14.4,65.23,939.31,2,5,High,1.1,1393.23,1656.08,1886.96
Karnataka,Wooden Toy,Bamboo,122.74,8.9,68.29,607.78,5,2,Medium,1.0,730.52,937.16,971.48
Andhra Pradesh,Handmade Jewelry,Copper,556.77,3.9,73.85,288.01,4,2,Medium,1.0,844.78,1357.36,1330.76
Gujarat,Handmade Jewelry,Silver,1313.76,5.9,60.06,354.35,5,5,Very High,1.2,1668.11,3109.25,3285.47
Karnataka,Bamboo Toy,Bamboo,113.96,6.0,64.28,385.68,2,1,Very High,1.2,499.64,559.53,638.94
Karnataka,Bamboo Craft,Cane,233.57,9.2,69.7,641.24,5,4,High,1.1,874.81,1460.74,1390.08
Karnataka,Metal Craft,Copper,442.25,13.1,67.79,888.05,5,3,Medium,1.0,1330.3,1946.01,1979.59
West Bengal,Home Decor,Clay,97.5,9.7,69.59,675.02,3,2,Very High,1.2,772.52,942.63,1149.18
Rajasthan,Wooden Toy,Wood,395.32,4.5,59.8,269.1,2,4,Medium,1.0,664.42,890.96,873.5
Telangana,Home Decor,Cotton,266.64,4.3,53.87,231.64,4,1,Very High,1.2,498.28,820.79,816.84
Tamil Nadu,Textile Craft,Silk,462.24,6.1,65.9,401.99,2,5,Medium,1.0,864.23,1318.92,1239.27
Telangana,Bamboo Craft,Bamboo,109.16,8.8,53.98,475.02,1,1,Very High,1.2,584.18,664.65,789.02
Telangana,Handmade Jewelry,Brass,782.67,5.4,56.34,304.24,4,2,High,1.1,1086.91,1878.32,1858.65
Odisha,Pottery,Clay,36.68,5.8,45.64,264.71,1,5,Very High,1.2,301.39,460.75,457.37
Andhra Pradesh,Metal Craft,Iron,363.36,8.6,68.76,591.34,1,2,Low,0.9,954.7,1260.82,1216.94
Telangana,Handmade Jewelry,Brass,298.31,10.2,75.17,766.73,1,1,Very High,1.2,1065.04,1460.87,1538.57
Rajasthan,Home Decor,Wood,228.24,11.5,71.14,818.11,4,2,High,1.1,1046.35,1514.72,1598.93
Odisha,Handmade Jewelry,Silver,1321.4,5.8,60.97,353.63,5,4,Medium,1.0,1675.03,2586.74,2678.67
Andhra Pradesh,Metal Craft,Iron,524.75,11.4,56.13,639.88,2,1,High,1.1,1164.63,1877.59,1845.81
Tamil Nadu,Textile Craft,Silk,359.57,7.0,63.3,443.1,1,3,Medium,1.0,802.67,899.85,962.66
West Bengal,Pottery,Clay,161.38,8.7,55.96,486.85,2,1,Very High,1.2,648.23,809.31,866.74
West Bengal,Wood Craft,Wood,251.8,3.1,71.31,221.06,4,4,High,1.1,472.86,640.54,694.95
Uttar Pradesh,Handmade Jewelry,Silver,1438.67,8.6,45.47,391.04,3,3,Very High,1.2,1829.71,2965.77,2966.4
Tamil Nadu,Handmade Jewelry,Brass,615.9,9.0,79.62,716.58,3,5,Low,0.9,1332.48,2216.01,1957.63
Gujarat,Clay/Terracotta Toy,Clay,107.09,5.6,82.15,460.04,2,5,High,1.1,567.13,781.36,799.52
Karnataka,Bamboo Craft,Bamboo,246.63,5.5,61.63,338.97,5,1,Medium,1.0,585.6,905.23,809.71
Kerala,Bamboo Toy,Bamboo,117.48,6.1,76.44,466.28,3,4,Very High,1.2,583.76,859.53,886.34
Tamil Nadu,Handmade Jewelry,Brass,732.08,5.4,65.94,356.08,4,2,Very High,1.2,1088.16,1943.17,1944.95
Gujarat,Textile Craft,Wool,309.08,9.8,74.4,729.12,4,5,Low,0.9,1038.2,1478.71,1451.62
Gujarat,Metal Craft,Copper,432.48,9.3,57.22,532.15,1,3,High,1.1,964.63,1394.32,1492.82
West Bengal,Home Decor,Clay,86.37,10.1,79.85,806.48,1,5,High,1.1,892.85,1131.06,1313.17
Kerala,Clay/Terracotta Toy,Terracotta,108.0,3.3,62.59,206.55,4,2,High,1.1,314.55,474.55,485.9
Tamil Nadu,Wooden Toy,Bamboo,170.99,2.3,66.32,152.54,1,2,Medium,1.0,323.53,478.92,431.47
Kerala,Clay/Terracotta Toy,Terracotta,87.44,4.7,83.13,390.71,4,1,Medium,1.0,478.15,618.18,605.65
Odisha,Clay/Terracotta Toy,Terracotta,49.89,6.0,59.3,355.8,5,1,Medium,1.0,405.69,461.62,500.21
West Bengal,Pottery,Terracotta,164.24,4.2,67.54,283.67,1,2,Very High,1.2,447.91,557.07,593.7
Gujarat,Handmade Jewelry,Copper,338.27,6.0,75.68,454.08,5,2,High,1.1,792.35,1259.71,1280.6
Andhra Pradesh,Wooden Toy,Bamboo,146.17,3.8,75.5,286.9,5,2,Very High,1.2,433.07,742.07,726.13
Karnataka,Metal Craft,Iron,544.99,10.4,72.99,759.1,1,1,Very High,1.2,1304.09,2091.91,2080.72
Gujarat,Metal Craft,Brass,586.88,13.7,82.01,1123.54,1,3,Low,0.9,1710.42,2039.53,2029.48
Tamil Nadu,Wooden Toy,Wood,257.93,3.1,75.18,233.06,2,5,High,1.1,490.99,689.08,730.34
West Bengal,Textile Craft,Cotton,207.17,10.1,74.52,752.65,1,5,Medium,1.0,959.82,1166.86,1224.97
Karnataka,Home Decor,Clay,179.05,9.0,60.97,548.73,5,3,Medium,1.0,727.78,1239.8,1173.02
West Bengal,Clay/Terracotta Toy,Clay,41.11,5.8,62.02,359.72,1,2,Medium,1.0,400.83,641.84,569.92
Telangana,Wood Craft,Bamboo,110.74,10.0,69.06,690.6,5,4,Low,0.9,801.34,1182.17,1155.87
Andhra Pradesh,Pottery,Clay,160.61,7.1,75.59,536.69,5,1,Medium,1.0,697.3,794.55,874.31
Uttar Pradesh,Bamboo Craft,Cane,136.92,10.3,46.36,477.51,2,1,Medium,1.0,614.43,753.21,776.12
Uttar Pradesh,Textile Craft,Cotton,226.74,12.0,61.55,738.6,4,2,High,1.1,965.34,1617.26,1531.55
Telangana,Bamboo Toy,Cane,166.47,5.6,69.99,391.94,4,1,High,1.1,558.41,730.73,792.97
Tamil Nadu,Clay/Terracotta Toy,Clay,105.65,6.8,75.52,513.54,2,5,High,1.1,619.19,758.22,879.37
Kerala,Metal Craft,Brass,893.41,10.7,89.74,960.22,2,5,Medium,1.0,1853.63,2699.27,2809.59
Karnataka,Wooden Toy,Bamboo,141.29,6.6,79.28,523.25,4,4,Very High,1.2,664.54,939.66,1087.26
Karnataka,Handmade Jewelry,Brass,554.48,5.1,79.5,405.45,4,4,Medium,1.0,959.93,1374.28,1375.44
Karnataka,Wood Craft,Bamboo,241.02,6.0,81.84,491.04,1,3,High,1.1,732.06,929.37,978.87
Tamil Nadu,Pottery,Clay,153.71,4.4,65.1,286.44,5,5,Low,0.9,440.15,607.08,620.47
West Bengal,Clay/Terracotta Toy,Clay,45.34,3.0,54.2,162.6,2,1,High,1.1,207.94,275.45,294.69
Odisha,Metal Craft,Brass,610.96,15.9,73.4,1167.06,2,4,Very High,1.2,1778.02,2335.82,2593.07
Odisha,Pottery,Clay,111.09,5.3,52.28,277.08,5,4,Low,0.9,388.17,566.93,516.58
Tamil Nadu,Clay/Terracotta Toy,Clay,147.81,3.5,81.83,286.4,1,4,Low,0.9,434.21,530.87,508.16
Karnataka,Home Decor,Cotton,263.89,10.8,76.48,825.98,2,4,Low,0.9,1089.87,1441.45,1388.39
Kerala,Home Decor,Cotton,340.58,3.7,69.01,255.34,5,4,Very High,1.2,595.92,845.61,945.24
Andhra Pradesh,Wood Craft,Bamboo,97.64,3.4,76.46,259.96,3,5,Low,0.9,357.6,485.56,479.43
Kerala,Clay/Terracotta Toy,Clay,92.67,4.4,67.84,298.5,3,1,Medium,1.0,391.17,589.28,542.99
Uttar Pradesh,Bamboo Craft,Bamboo,230.46,10.3,73.88,760.96,5,3,Medium,1.0,991.42,1542.38,1498.9
Rajasthan,Wooden Toy,Bamboo,79.23,7.2,69.93,503.5,1,3,Low,0.9,582.73,671.92,670.13
Kerala,Handmade Jewelry,Beads,175.4,8.1,79.45,643.54,5,5,Low,0.9,818.94,1303.27,1251.79
Uttar Pradesh,Bamboo Toy,Bamboo,140.5,3.1,55.87,173.2,3,5,Very High,1.2,313.7,404.93,475.97
Gujarat,Wood Craft,Bamboo,230.8,11.3,58.31,658.9,3,2,Low,0.9,889.7,1400.4,1250.54
Andhra Pradesh,Clay/Terracotta Toy,Terracotta,50.17,4.6,65.28,300.29,4,4,Very High,1.2,350.46,540.52,574.18
Andhra Pradesh,Wood Craft,Bamboo,107.57,8.4,54.97,461.75,2,2,High,1.1,569.32,769.89,840.71
Telangana,Textile Craft,Silk,442.99,8.0,56.23,449.84,3,1,Very High,1.2,892.83,1075.16,1314.03
Uttar Pradesh,Metal Craft,Copper,300.15,4.7,74.22,348.83,1,4,High,1.1,648.98,1062.94,1026.37
Andhra Pradesh,Metal Craft,Iron,512.17,12.0,73.94,887.28,4,2,High,1.1,1399.45,2476.67,2348.41
Telangana,Bamboo Toy,Cane,155.73,6.4,73.6,471.04,3,3,Very High,1.2,626.77,888.19,971.71
Telangana,Metal Craft,Copper,436.56,5.6,61.55,344.68,2,5,Very High,1.2,781.24,1403.59,1393.9
Rajasthan,Pottery,Clay,129.0,4.8,51.69,248.11,3,1,High,1.1,377.11,500.8,513.98
West Bengal,Wood Craft,Wood,110.13,7.3,58.42,426.47,2,2,High,1.1,536.6,876.3,856.36
Andhra Pradesh,Wood Craft,Bamboo,144.14,7.6,61.33,466.11,5,4,Medium,1.0,610.25,1121.29,1024.81
Gujarat,Handmade Jewelry,Beads,251.86,11.0,78.41,862.51,4,1,High,1.1,1114.37,1435.77,1622.74
Karnataka,Textile Craft,Wool,222.55,7.6,78.89,599.56,1,1,Medium,1.0,822.11,969.85,1007.33
Kerala,Clay/Terracotta Toy,Clay,156.67,3.3,76.65,252.94,2,4,Medium,1.0,409.62,659.07,613.9
Tamil Nadu,Pottery,Clay,81.39,4.1,73.89,302.95,4,5,Very High,1.2,384.34,658.98,646.29
Odisha,Pottery,Terracotta,81.09,3.3,59.98,197.93,2,5,Low,0.9,279.02,373.59,369.87
Uttar Pradesh,Bamboo Toy,Bamboo,89.94,4.7,54.86,257.84,1,1,Very High,1.2,347.78,435.8,462.28
Tamil Nadu,Bamboo Craft,Bamboo,180.73,5.2,77.08,400.82,1,4,High,1.1,581.55,868.87,834.89
Telangana,Wooden Toy,Wood,95.89,9.8,58.69,575.16,4,4,Medium,1.0,671.05,1138.08,1054.35
Kerala,Wood Craft,Wood,310.63,9.6,70.84,680.06,5,3,Very High,1.2,990.69,1667.81,1717.6
Andhra Pradesh,Wood Craft,Wood,246.31,8.5,63.98,543.83,3,3,Low,0.9,790.14,1089.57,997.52
Andhra Pradesh,Wooden Toy,Wood,182.25,4.1,59.55,244.15,5,5,Medium,1.0,426.4,734.34,651.16
West Bengal,Metal Craft,Copper,753.27,12.7,66.79,848.23,4,1,Low,0.9,1601.5,2403.64,2169.76
Tamil Nadu,Bamboo Toy,Bamboo,82.71,4.8,69.11,331.73,1,4,Low,0.9,414.44,653.62,544.83
West Bengal,Pottery,Terracotta,65.0,6.2,79.12,490.54,4,5,High,1.1,555.54,832.78,889.88
Telangana,Wood Craft,Wood,289.4,13.9,59.89,832.47,1,5,Low,0.9,1121.87,1386.92,1362.65
Kerala,Pottery,Clay,93.57,8.5,79.4,674.9,2,3,Medium,1.0,768.47,1135.8,1063.92
Uttar Pradesh,Bamboo Toy,Bamboo,174.81,2.4,63.81,153.14,1,1,Medium,1.0,327.95,402.08,391.51
Andhra Pradesh,Bamboo Craft,Bamboo,66.26,7.4,68.71,508.45,5,3,Low,0.9,574.71,947.39,819.61
Karnataka,Textile Craft,Silk,339.3,5.4,84.39,455.71,4,3,Very High,1.2,795.01,1052.17,1296.02
Rajasthan,Handmade Jewelry,Silver,623.01,12.0,69.2,830.4,1,1,Very High,1.2,1453.41,1973.35,2147.39
Rajasthan,Handmade Jewelry,Silver,938.83,3.6,62.03,223.31,3,3,Very High,1.2,1162.14,1899.1,1910.9
Rajasthan,Wood Craft,Bamboo,138.98,9.6,58.29,559.58,1,1,Medium,1.0,698.56,1146.17,1010.49
Uttar Pradesh,Wooden Toy,Bamboo,111.63,2.2,65.18,143.4,3,1,Medium,1.0,255.03,289.06,315.41
Odisha,Wood Craft,Wood,388.31,13.0,71.5,929.5,4,2,Very High,1.2,1317.81,1752.31,2030.2
Gujarat,Bamboo Craft,Bamboo,100.1,3.3,56.86,187.64,1,4,High,1.1,287.74,451.01,431.33
West Bengal,Handmade Jewelry,Copper,548.13,6.2,77.66,481.49,5,1,Very High,1.2,1029.62,1493.14,1701.27
Karnataka,Bamboo Craft,Bamboo,226.47,5.5,75.18,413.49,2,3,Very High,1.2,639.96,789.65,931.47
Odisha,Textile Craft,Silk,200.81,7.3,45.34,330.98,4,3,Very High,1.2,531.79,702.75,863.7
Tamil Nadu,Clay/Terracotta Toy,Terracotta,177.35,2.8,58.86,164.81,3,3,Very High,1.2,342.16,498.37,536.7
Uttar Pradesh,Home Decor,Bamboo,172.47,9.6,63.17,606.43,2,1,High,1.1,778.9,1104.02,1068.71
Rajasthan,Home Decor,Clay,64.96,5.5,48.06,264.33,4,1,Low,0.9,329.29,505.2,453.83
Gujarat,Wooden Toy,Bamboo,97.13,8.1,81.94,663.71,3,5,Very High,1.2,760.84,1021.16,1145.82
Andhra Pradesh,Textile Craft,Wool,354.83,10.2,58.51,596.8,1,2,High,1.1,951.63,1325.03,1374.73
Uttar Pradesh,Bamboo Toy,Cane,227.37,8.0,61.88,495.04,3,2,Medium,1.0,722.41,975.23,970.03
Karnataka,Wooden Toy,Wood,97.34,4.3,60.43,259.85,3,2,High,1.1,357.19,464.34,478.64
Karnataka,Textile Craft,Wool,300.6,5.9,78.12,460.91,4,3,Medium,1.0,761.51,1370.45,1237.62
Kerala,Wooden Toy,Bamboo,149.0,3.5,63.09,220.81,5,5,Low,0.9,369.81,601.87,554.17
Rajasthan,Pottery,Clay,138.54,3.7,61.09,226.03,4,5,Low,0.9,364.57,597.22,506.42
Kerala,Textile Craft,Wool,200.37,3.7,72.85,269.55,2,3,Very High,1.2,469.92,564.59,672.21
Telangana,Home Decor,Clay,96.74,4.0,50.03,200.12,3,2,Medium,1.0,296.86,460.2,442.07
Uttar Pradesh,Bamboo Toy,Cane,140.15,6.3,46.31,291.75,4,5,High,1.1,431.9,735.13,711.05
Telangana,Wooden Toy,Wood,109.13,7.3,72.15,526.7,4,2,Very High,1.2,635.83,832.08,971.13
Gujarat,Wood Craft,Bamboo,55.27,5.6,75.2,421.12,5,1,Low,0.9,476.39,663.11,617.34
Kerala,Pottery,Clay,86.3,4.9,89.61,439.09,1,4,Low,0.9,525.39,780.25,685.42
Rajasthan,Bamboo Toy,Bamboo,225.23,2.6,73.62,191.41,3,5,Very High,1.2,416.64,628.73,663.34
Gujarat,Textile Craft,Silk,554.84,11.1,70.26,779.89,4,5,Low,0.9,1334.73,2014.8,1841.84
Rajasthan,Metal Craft,Brass,881.46,5.0,68.18,340.9,5,1,Very High,1.2,1222.36,1971.62,2050.19
West Bengal,Wood Craft,Wood,393.91,3.8,51.06,194.03,3,1,High,1.1,587.94,823.1,878.17
Andhra Pradesh,Handmade Jewelry,Copper,734.8,8.0,71.8,574.4,4,4,Low,0.9,1309.2,1621.09,1671.78
